School_No,School_Name,Education_Sector,School_Type,Address_Line_1,Address_Town,Address_Postcode,Region,Area,LGA_Name,X,Y,Distance_km_from_Melbourne_Connect,Map_Category_Sector,Map_Category_Type,Map_Category_Area,Map_Category_Suburb,Website_For_Popup,Logo_Image_URL,Logo_Status_For_Popup
5427,Albany Rise Primary School,Government,Primary,74-82 Albany Drive,Mulgrave,3170,NORTH-EASTERN VICTORIA,Inner Eastern Melbourne,Monash (C),145.172891,-37.928122,23.19,Government,Primary,Inner Eastern Melbourne,Mulgrave,,,
1981,Alia College,Independent,Secondary,405 Tooronga Road,Hawthorn East,3123,NORTH-EASTERN VICTORIA,Inner Eastern Melbourne,Boroondara (C),145.045173,-37.843225,8.57,Independent,Secondary,Inner Eastern Melbourne,Hawthorn East,,,
5428,Amsleigh Park Primary School,Government,Primary,17 State Street,Oakleigh East,3166,NORTH-EASTERN VICTORIA,Inner Eastern Melbourne,Monash (C),145.108784,-37.900321,16.89,Government,Primary,Inner Eastern Melbourne,Oakleigh East,,,
1838,Andale School,Independent,Special,84 Charles Street,Kew,3101,NORTH-EASTERN VICTORIA,Inner Eastern Melbourne,Boroondara (C),145.036044,-37.805513,6.33,Independent,Special,Inner Eastern Melbourne,Kew,,,
5104,Andersons Creek Primary School,Government,Primary,36-42 Drysdale Road,Warrandyte,3113,NORTH-EASTERN VICTORIA,Inner Eastern Melbourne,Manningham (C),145.20768,-37.74822,22.16,Government,Primary,Inner Eastern Melbourne,Warrandyte,,,
4844,Antonio Park Primary School,Government,Primary,631-639 Whitehorse Road,Mitcham,3132,NORTH-EASTERN VICTORIA,Inner Eastern Melbourne,Whitehorse (C),145.206002,-37.816188,21.31,Government,Primary,Inner Eastern Melbourne,Mitcham,,,
4317,Ashburton Primary School,Government,Primary,Fakenham Road,Ashburton,3147,NORTH-EASTERN VICTORIA,Inner Eastern Melbourne,Boroondara (C),145.083622,-37.862199,12.55,Government,Primary,Inner Eastern Melbourne,Ashburton,,,
8743,Ashwood High School,Government,Secondary,50 Vannam Drive,Ashwood,3147,NORTH-EASTERN VICTORIA,Inner Eastern Melbourne,Monash (C),145.103328,-37.864527,14.16,Government,Secondary,Inner Eastern Melbourne,Ashwood,,,
5097,Ashwood School,Government,Special,Montpellier Road,Ashwood,3147,NORTH-EASTERN VICTORIA,Inner Eastern Melbourne,Monash (C),145.107162,-37.859665,14.19,Government,Special,Inner Eastern Melbourne,Ashwood,,,
7526,Auburn High School,Government,Secondary,26 Burgess Street,Hawthorn East,3123,NORTH-EASTERN VICTORIA,Inner Eastern Melbourne,Boroondara (C),145.045067,-37.83988,8.36,Government,Secondary,Inner Eastern Melbourne,Hawthorn East,,,
2948,Auburn Primary School,Government,Primary,51 Rathmines Road,Hawthorn East,3123,NORTH-EASTERN VICTORIA,Inner Eastern Melbourne,Boroondara (C),145.050484,-37.820278,7.90,Government,Primary,Inner Eastern Melbourne,Hawthorn East,,,
4183,Auburn South Primary School,Government,Primary,419 Tooronga Road,Hawthorn East,3123,NORTH-EASTERN VICTORIA,Inner Eastern Melbourne,Boroondara (C),145.045894,-37.839263,8.39,Government,Primary,Inner Eastern Melbourne,Hawthorn East,,,
5511,Aurora School,Government,Special,96 Holland Road,Blackburn South,3130,NORTH-EASTERN VICTORIA,Inner Eastern Melbourne,Whitehorse (C),145.1507912,-37.84017872,16.98,Government,Special,Inner Eastern Melbourne,Blackburn South,,,
1651,Avila College,Catholic,Secondary,35 Charles Street,Mount Waverley,3149,NORTH-EASTERN VICTORIA,Inner Eastern Melbourne,Monash (C),145.133255,-37.874671,17.00,Catholic,Secondary,Inner Eastern Melbourne,Mount Waverley,,,
7550,Balwyn High School,Government,Secondary,Buchanan Avenue,Balwyn North,3104,NORTH-EASTERN VICTORIA,Inner Eastern Melbourne,Boroondara (C),145.0767724,-37.79785922,9.89,Government,Secondary,Inner Eastern Melbourne,Balwyn North,,,
4638,Balwyn North Primary School,Government,Primary,Buchanan Avenue,Balwyn North,3104,NORTH-EASTERN VICTORIA,Inner Eastern Melbourne,Boroondara (C),145.077044,-37.796699,9.91,Government,Primary,Inner Eastern Melbourne,Balwyn North,,,
1026,Balwyn Primary School,Government,Primary,86B Balwyn Road,Balwyn,3103,NORTH-EASTERN VICTORIA,Inner Eastern Melbourne,Boroondara (C),145.081378,-37.813938,10.40,Government,Primary,Inner Eastern Melbourne,Balwyn,,,
4733,Belle Vue Primary School,Government,Primary,20 Highview Road,Balwyn North,3104,NORTH-EASTERN VICTORIA,Inner Eastern Melbourne,Boroondara (C),145.078653,-37.782523,10.24,Government,Primary,Inner Eastern Melbourne,Balwyn North,,,
4675,Belmore School,Government,Special,49 Stroud Street,Balwyn,3103,NORTH-EASTERN VICTORIA,Inner Eastern Melbourne,Boroondara (C),145.081145,-37.804284,10.28,Government,Special,Inner Eastern Melbourne,Balwyn,,,
1728,Berengarra School,Independent,Special,43 Harrison Street,Box Hill North,3129,NORTH-EASTERN VICTORIA,Inner Eastern Melbourne,Whitehorse (C),145.132142,-37.80388,14.75,Independent,Special,Inner Eastern Melbourne,Box Hill North,,,
4813,Beverley Hills Primary School,Government,Primary,2 - 14 Cassowary Street,Doncaster East,3109,NORTH-EASTERN VICTORIA,Inner Eastern Melbourne,Manningham (C),145.159841,-37.796243,17.19,Government,Primary,Inner Eastern Melbourne,Doncaster East,,,
1626,Bialik College,Independent,Pri/Sec,429 Auburn Road,Hawthorn,3122,NORTH-EASTERN VICTORIA,Inner Eastern Melbourne,Boroondara (C),145.043371,-37.842269,8.38,Independent,Pri/Sec,Inner Eastern Melbourne,Hawthorn,,,
4991,Birralee Primary School,Government,Primary,Heyington Avenue,Doncaster,3108,NORTH-EASTERN VICTORIA,Inner Eastern Melbourne,Manningham (C),145.113348,-37.793418,13.12,Government,Primary,Inner Eastern Melbourne,Doncaster,,,
8747,Blackburn English Language School,Government,Language,120 Eley Road,Burwood East,3151,NORTH-EASTERN VICTORIA,Inner Eastern Melbourne,Whitehorse (C),145.148292,-37.847889,17.01,Government,Language,Inner Eastern Melbourne,Burwood East,,,
7610,Blackburn High School,Government,Secondary,60 Springfield Road,Blackburn,3130,NORTH-EASTERN VICTORIA,Inner Eastern Melbourne,Whitehorse (C),145.149893,-37.81037,16.35,Government,Secondary,Inner Eastern Melbourne,Blackburn,,,
4860,Blackburn Lake Primary School,Government,Primary,12 - 14 Florence Street,Blackburn,3130,NORTH-EASTERN VICTORIA,Inner Eastern Melbourne,Whitehorse (C),145.166097,-37.827601,17.99,Government,Primary,Inner Eastern Melbourne,Blackburn,,,
2923,Blackburn Primary School,Government,Primary,185 Surrey Road,Blackburn,3130,NORTH-EASTERN VICTORIA,Inner Eastern Melbourne,Whitehorse (C),145.156696,-37.816566,17.00,Government,Primary,Inner Eastern Melbourne,Blackburn,,,
5288,Boroondara Park Primary School,Government,Primary,40 Almond Street,Balwyn North,3104,NORTH-EASTERN VICTORIA,Inner Eastern Melbourne,Boroondara (C),145.087893,-37.789437,10.92,Government,Primary,Inner Eastern Melbourne,Balwyn North,,,
7635,Box Hill High School,Government,Secondary,1180 Whitehorse Road,Box Hill,3128,NORTH-EASTERN VICTORIA,Inner Eastern Melbourne,Whitehorse (C),145.137208,-37.820003,15.35,Government,Secondary,Inner Eastern Melbourne,Box Hill,,,
4717,Box Hill North Primary School,Government,Primary,Elizabeth Street,Box Hill North,3129,NORTH-EASTERN VICTORIA,Inner Eastern Melbourne,Whitehorse (C),145.123311,-37.800792,13.97,Government,Primary,Inner Eastern Melbourne,Box Hill North,,,
7050,Box Hill Senior Secondary College,Government,Secondary,Dunloe Avenue,Mont Albert North,3129,NORTH-EASTERN VICTORIA,Inner Eastern Melbourne,Whitehorse (C),145.111907,-37.809243,13.01,Government,Secondary,Inner Eastern Melbourne,Mont Albert North,,,
5038,Brandon Park Primary School,Government,Primary,1-5 Ninevah Crescent,Wheelers Hill,3150,NORTH-EASTERN VICTORIA,Inner Eastern Melbourne,Monash (C),145.173248,-37.914319,22.31,Government,Primary,Inner Eastern Melbourne,Wheelers Hill,,,
7647,Brentwood Secondary College,Government,Secondary,65-71 Watsons Road,Glen Waverley,3150,NORTH-EASTERN VICTORIA,Inner Eastern Melbourne,Monash (C),145.1663432,-37.89950842,20.90,Government,Secondary,Inner Eastern Melbourne,Glen Waverley,,,
5099,Bulleen Heights School,Government,Special,49-61 Pleasant Road,Bulleen,3105,NORTH-EASTERN VICTORIA,Inner Eastern Melbourne,Manningham (C),145.09506,-37.763285,12.20,Government,Special,Inner Eastern Melbourne,Bulleen,,,
454,Burwood East Primary School,Government,Primary,Cnr Blackburn And Highbury Rds,Burwood East,3151,NORTH-EASTERN VICTORIA,Inner Eastern Melbourne,Whitehorse (C),145.151807,-37.859734,17.75,Government,Primary,Inner Eastern Melbourne,Burwood East,,,
5225,Burwood East Special Developmental School,Government,Special,18 Manooka Street,Burwood East,3151,NORTH-EASTERN VICTORIA,Inner Eastern Melbourne,Whitehorse (C),145.142122,-37.857201,16.86,Government,Special,Inner Eastern Melbourne,Burwood East,,,
4932,Burwood Heights Primary School,Government,Primary,Cnr Hawthorn & Mahoneys Rds,Burwood East,3151,NORTH-EASTERN VICTORIA,Inner Eastern Melbourne,Whitehorse (C),145.163275,-37.846754,18.23,Government,Primary,Inner Eastern Melbourne,Burwood East,,,
1322,Camberwell Girls Grammar School,Independent,Pri/Sec,2 Torrington Street,Canterbury,3126,NORTH-EASTERN VICTORIA,Inner Eastern Melbourne,Boroondara (C),145.059705,-37.818211,8.62,Independent,Pri/Sec,Inner Eastern Melbourne,Canterbury,,,
1258,Camberwell Grammar School,Independent,Pri/Sec,55 Mont Albert Road,Canterbury,3126,NORTH-EASTERN VICTORIA,Inner Eastern Melbourne,Boroondara (C),145.066407,-37.816093,9.14,Independent,Pri/Sec,Inner Eastern Melbourne,Canterbury,,,
7680,Camberwell High School,Government,Secondary,Prospect Hill Road,Canterbury,3126,NORTH-EASTERN VICTORIA,Inner Eastern Melbourne,Boroondara (C),145.072821,-37.830151,10.10,Government,Secondary,Inner Eastern Melbourne,Canterbury,,,
888,Camberwell Primary School,Government,Primary,290 Camberwell Road,Camberwell,3124,NORTH-EASTERN VICTORIA,Inner Eastern Melbourne,Boroondara (C),145.058048,-37.832684,9.00,Government,Primary,Inner Eastern Melbourne,Camberwell,,,
4170,Camberwell South Primary School,Government,Primary,4 Peate Avenue,Glen Iris,3146,NORTH-EASTERN VICTORIA,Inner Eastern Melbourne,Boroondara (C),145.062612,-37.847905,10.14,Government,Primary,Inner Eastern Melbourne,Glen Iris,,,
5111,Camelot Rise Primary School,Government,Primary,Galahad Crescent,Glen Waverley,3150,NORTH-EASTERN VICTORIA,Inner Eastern Melbourne,Monash (C),145.187775,-37.865278,20.92,Government,Primary,Inner Eastern Melbourne,Glen Waverley,,,
7690,Canterbury Girls Secondary College,Government,Secondary,16 Mangarra Road,Canterbury,3126,NORTH-EASTERN VICTORIA,Inner Eastern Melbourne,Boroondara (C),145.069102,-37.820289,9.48,Government,Secondary,Inner Eastern Melbourne,Canterbury,,,
3572,Canterbury Primary School,Government,Primary,Molesworth Street,Canterbury,3126,NORTH-EASTERN VICTORIA,Inner Eastern Melbourne,Boroondara (C),145.083144,-37.830963,10.99,Government,Primary,Inner Eastern Melbourne,Canterbury,,,
1189,Carey Baptist Grammar School,Independent,Pri/Sec,349 Barkers Road,Kew,3101,NORTH-EASTERN VICTORIA,Inner Eastern Melbourne,Boroondara (C),145.047817,-37.814784,7.52,Independent,Pri/Sec,Inner Eastern Melbourne,Kew,,,
4314,Chatham Primary School,Government,Primary,Weybridge Street,Surrey Hills,3127,NORTH-EASTERN VICTORIA,Inner Eastern Melbourne,Boroondara (C),145.091603,-37.817647,11.35,Government,Primary,Inner Eastern Melbourne,Surrey Hills,,,
1743,Cheshire School,Independent,Special,16 Woodlea Drive,Glen Waverley,3150,NORTH-EASTERN VICTORIA,Inner Eastern Melbourne,Monash (C),145.157454,-37.902265,20.41,Independent,Special,Inner Eastern Melbourne,Glen Waverley,,,
1584,Christ Our Holy Redeemer School,Catholic,Primary,43 Ferntree Gully Road,Oakleigh East,3166,NORTH-EASTERN VICTORIA,Inner Eastern Melbourne,Monash (C),145.105753,-37.896158,16.38,Catholic,Primary,Inner Eastern Melbourne,Oakleigh East,,,
734,Clayton North Primary School,Government,Primary,1714 Dandenong Road,Clayton,3168,NORTH-EASTERN VICTORIA,Inner Eastern Melbourne,Monash (C),145.122666,-37.911944,18.65,Government,Primary,Inner Eastern Melbourne,Clayton,,,
3680,Deepdene Primary School,Government,Primary,958a Burke Road,Deepdene,3103,NORTH-EASTERN VICTORIA,Inner Eastern Melbourne,Boroondara (C),145.061355,-37.808366,8.58,Government,Primary,Inner Eastern Melbourne,Deepdene,,,
5019,Donburn Primary School,Government,Primary,22a Colchester Drive,Doncaster East,3109,NORTH-EASTERN VICTORIA,Inner Eastern Melbourne,Manningham (C),145.165525,-37.787456,17.74,Government,Primary,Inner Eastern Melbourne,Doncaster East,,,
5454,Doncaster Gardens Primary School,Government,Primary,Sandhurst Avenue,Doncaster East,3109,NORTH-EASTERN VICTORIA,Inner Eastern Melbourne,Manningham (C),145.1479,-37.781607,16.26,Government,Primary,Inner Eastern Melbourne,Doncaster East,,,
197,Doncaster Primary School,Government,Primary,2 - 12 Council Street,Doncaster,3108,NORTH-EASTERN VICTORIA,Inner Eastern Melbourne,Manningham (C),145.129673,-37.786804,14.61,Government,Primary,Inner Eastern Melbourne,Doncaster,,,
7776,Doncaster Secondary College,Government,Secondary,123 Church Road,Doncaster,3108,NORTH-EASTERN VICTORIA,Inner Eastern Melbourne,Manningham (C),145.138053,-37.784581,15.36,Government,Secondary,Inner Eastern Melbourne,Doncaster,,,
1724,Donvale Christian College,Independent,Pri/Sec,155 Tindals Road,Donvale,3111,NORTH-EASTERN VICTORIA,Inner Eastern Melbourne,Manningham (C),145.193451,-37.774028,20.34,Independent,Pri/Sec,Inner Eastern Melbourne,Donvale,,,
4961,Donvale Primary School,Government,Primary,Elata Street,Donvale,3111,NORTH-EASTERN VICTORIA,Inner Eastern Melbourne,Manningham (C),145.173778,-37.800414,18.40,Government,Primary,Inner Eastern Melbourne,Donvale,,,
7773,East Doncaster Secondary College,Government,Secondary,20 George Street,Doncaster East,3109,NORTH-EASTERN VICTORIA,Inner Eastern Melbourne,Manningham (C),145.158557,-37.782127,17.19,Government,Secondary,Inner Eastern Melbourne,Doncaster East,,,
1592,Emmaus College,Catholic,Pri/Sec,503 Springvale Road,Vermont South,3133,NORTH-EASTERN VICTORIA,Inner Eastern Melbourne,Whitehorse (C),145.174107,-37.84779,19.18,Catholic,Pri/Sec,Inner Eastern Melbourne,Vermont South,,,
1952,Erasmus Primary School,Independent,Primary,40 Lisson Grove,Hawthorn,3122,NORTH-EASTERN VICTORIA,Inner Eastern Melbourne,Boroondara (C),145.031327,-37.827083,6.61,Independent,Primary,Inner Eastern Melbourne,Hawthorn,,,
4903,Essex Heights Primary School,Government,Primary,22 - 30 Essex Road,Mount Waverley,3149,NORTH-EASTERN VICTORIA,Inner Eastern Melbourne,Monash (C),145.115635,-37.862991,15.02,Government,Primary,Inner Eastern Melbourne,Mount Waverley,,,
385,Fintona Girls' School,Independent,Pri/Sec,79 Balwyn Road,Balwyn,3103,NORTH-EASTERN VICTORIA,Inner Eastern Melbourne,Boroondara (C),145.080326,-37.815158,10.33,Independent,Pri/Sec,Inner Eastern Melbourne,Balwyn,,,
8724,Forest Hill College,Government,Secondary,178-180 Mahoneys Road,Burwood East,3151,NORTH-EASTERN VICTORIA,Inner Eastern Melbourne,Whitehorse (C),145.163728,-37.848519,18.33,Government,Secondary,Inner Eastern Melbourne,Burwood East,,,
1852,Frank Dando Sports Academy,Independent,Special,33 Raymond Street,Ashwood,3147,NORTH-EASTERN VICTORIA,Inner Eastern Melbourne,Monash (C),145.108886,-37.8668,14.71,Independent,Special,Inner Eastern Melbourne,Ashwood,,,
733,Genazzano FCJ College,Catholic,Pri/Sec,301 Cotham Road,Kew,3101,NORTH-EASTERN VICTORIA,Inner Eastern Melbourne,Boroondara (C),145.055783,-37.808973,8.10,Catholic,Pri/Sec,Inner Eastern Melbourne,Kew,,,
2105,Giant Steps Melbourne,Independent,Special,11 Malmsbury Street,Kew,3101,NORTH-EASTERN VICTORIA,Inner Eastern Melbourne,Boroondara (C),145.031476,-37.80222,5.91,Independent,Special,Inner Eastern Melbourne,Kew,,,
1148,Glen Iris Primary School,Government,Primary,170 Glen Iris Road,Glen Iris,3146,NORTH-EASTERN VICTORIA,Inner Eastern Melbourne,Boroondara (C),145.065894,-37.860483,11.17,Government,Primary,Inner Eastern Melbourne,Glen Iris,,,
5425,Glen Waverley Primary School,Government,Primary,774 High Street Road,Glen Waverley,3150,NORTH-EASTERN VICTORIA,Inner Eastern Melbourne,Monash (C),145.167589,-37.874716,19.69,Government,Primary,Inner Eastern Melbourne,Glen Waverley,,,
8808,Glen Waverley Secondary College,Government,Secondary,13-21 O'Sullivan Road,Glen Waverley,3150,NORTH-EASTERN VICTORIA,Inner Eastern Melbourne,Monash (C),145.162106,-37.878098,19.42,Government,Secondary,Inner Eastern Melbourne,Glen Waverley,,,
5436,Glen Waverley South Primary School,Government,Primary,Whites Lane,Glen Waverley,3150,NORTH-EASTERN VICTORIA,Inner Eastern Melbourne,Monash (C),145.1676109,-37.89685885,20.84,Government,Primary,Inner Eastern Melbourne,Glen Waverley,,,
4968,Glenallen School,Government,Special,7 Allen Street,Glen Waverley,3150,NORTH-EASTERN VICTORIA,Inner Eastern Melbourne,Monash (C),145.1617465,-37.8883595,19.92,Government,Special,Inner Eastern Melbourne,Glen Waverley,,,
5010,Glendal Primary School,Government,Primary,55 Nottingham Street,Glen Waverley,3150,NORTH-EASTERN VICTORIA,Inner Eastern Melbourne,Monash (C),145.159037,-37.867082,18.65,Government,Primary,Inner Eastern Melbourne,Glen Waverley,,,
1508,Glenferrie Primary School,Government,Primary,78 - 98 Manningtree Road,Hawthorn,3122,NORTH-EASTERN VICTORIA,Inner Eastern Melbourne,Boroondara (C),145.033974,-37.824048,6.67,Government,Primary,Inner Eastern Melbourne,Hawthorn,,,
1682,Good Shepherd School,Catholic,Primary,30 Academy Avenue,Wheelers Hill,3150,NORTH-EASTERN VICTORIA,Inner Eastern Melbourne,Monash (C),145.166052,-37.908123,21.40,Catholic,Primary,Inner Eastern Melbourne,Wheelers Hill,,,
4694,Greythorn Primary School,Government,Primary,Reading Avenue,Balwyn North,3104,NORTH-EASTERN VICTORIA,Inner Eastern Melbourne,Boroondara (C),145.095963,-37.801427,11.57,Government,Primary,Inner Eastern Melbourne,Balwyn North,,,
4055,Hartwell Primary School,Government,Primary,Milverton St,Camberwell,3124,NORTH-EASTERN VICTORIA,Inner Eastern Melbourne,Boroondara (C),145.084466,-37.848051,11.82,Government,Primary,Inner Eastern Melbourne,Camberwell,,,
293,Hawthorn West Primary School,Government,Primary,2A Wood Street,Hawthorn,3122,NORTH-EASTERN VICTORIA,Inner Eastern Melbourne,Boroondara (C),145.018377,-37.820112,5.25,Government,Primary,Inner Eastern Melbourne,Hawthorn,,,
4871,Heatherwood School,Government,Special,370-380 Springvale Road,Donvale,3111,NORTH-EASTERN VICTORIA,Inner Eastern Melbourne,Manningham (C),145.1780362,-37.80033733,18.78,Government,Special,Inner Eastern Melbourne,Donvale,,,
4986,Highvale Primary School,Government,Primary,33 Ashton Street,Glen Waverley,3150,NORTH-EASTERN VICTORIA,Inner Eastern Melbourne,Monash (C),145.174068,-37.867021,19.87,Government,Primary,Inner Eastern Melbourne,Glen Waverley,,,
7918,Highvale Secondary College,Government,Secondary,Capital Avenue,Glen Waverley,3150,NORTH-EASTERN VICTORIA,Inner Eastern Melbourne,Monash (C),145.17682,-37.865409,20.03,Government,Secondary,Inner Eastern Melbourne,Glen Waverley,,,
1565,Holy Family School,Catholic,Primary,250 Stephensons Road,Mount Waverley,3149,NORTH-EASTERN VICTORIA,Inner Eastern Melbourne,Monash (C),145.129634,-37.874255,16.70,Catholic,Primary,Inner Eastern Melbourne,Mount Waverley,,,
4176,Hughesdale Primary School,Government,Primary,Brine Street,Hughesdale,3166,NORTH-EASTERN VICTORIA,Inner Eastern Melbourne,Monash (C),145.077639,-37.905839,15.40,Government,Primary,Inner Eastern Melbourne,Hughesdale,,,
4716,Huntingdale Primary School,Government,Primary,1 Grange Street,Oakleigh South,3167,NORTH-EASTERN VICTORIA,Inner Eastern Melbourne,Monash (C),145.102359,-37.913075,17.46,Government,Primary,Inner Eastern Melbourne,Oakleigh South,,,
1267,Huntingtower School,Independent,Pri/Sec,77 Waimarie Drive,Mt Waverley,3149,NORTH-EASTERN VICTORIA,Inner Eastern Melbourne,Monash (C),145.136288,-37.876741,17.34,Independent,Pri/Sec,Inner Eastern Melbourne,Mt Waverley,,,
5176,Jells Park Primary School,Government,Primary,17-33 Petronella Avenue,Wheelers Hill,3150,NORTH-EASTERN VICTORIA,Inner Eastern Melbourne,Monash (C),145.192851,-37.902837,23.09,Government,Primary,Inner Eastern Melbourne,Wheelers Hill,,,
8856,John Monash Science School,Government,Secondary,39 Innovation Walk,Clayton,3800,NORTH-EASTERN VICTORIA,Inner Eastern Melbourne,Monash (C),145.128686,-37.914221,19.22,Government,Secondary,Inner Eastern Melbourne,Clayton,,,
4816,Kerrimuir Primary School,Government,Primary,178 Dorking Road,Box Hill North,3129,NORTH-EASTERN VICTORIA,Inner Eastern Melbourne,Whitehorse (C),145.135249,-37.803679,15.02,Government,Primary,Inner Eastern Melbourne,Box Hill North,,,
3161,Kew East Primary School,Government,Primary,35 Kitchener Street,Kew East,3102,NORTH-EASTERN VICTORIA,Inner Eastern Melbourne,Boroondara (C),145.049151,-37.796473,7.47,Government,Primary,Inner Eastern Melbourne,Kew East,,,
7950,Kew High School,Government,Secondary,1393 Burke Road,Kew East,3102,NORTH-EASTERN VICTORIA,Inner Eastern Melbourne,Boroondara (C),145.063358,-37.795546,8.72,Government,Secondary,Inner Eastern Melbourne,Kew East,,,
1075,Kew Primary School,Government,Primary,Peel Street,Kew,3101,NORTH-EASTERN VICTORIA,Inner Eastern Melbourne,Boroondara (C),145.033386,-37.803639,6.08,Government,Primary,Inner Eastern Melbourne,Kew,,,
1304,Kingswood College,Independent,Pri/Sec,355 Station Street,Box Hill,3128,NORTH-EASTERN VICTORIA,Inner Eastern Melbourne,Whitehorse (C),145.118628,-37.832777,14.03,Independent,Pri/Sec,Inner Eastern Melbourne,Box Hill,,,
7954,Koonung Secondary College,Government,Secondary,68 Box Hill Crescent,Mont Albert North,3129,NORTH-EASTERN VICTORIA,Inner Eastern Melbourne,Whitehorse (C),145.117561,-37.80219,13.47,Government,Secondary,Inner Eastern Melbourne,Mont Albert North,,,
4863,Laburnum Primary School,Government,Primary,Janet Street,Blackburn,3130,NORTH-EASTERN VICTORIA,Inner Eastern Melbourne,Whitehorse (C),145.139208,-37.827098,15.66,Government,Primary,Inner Eastern Melbourne,Blackburn,,,
5113,Livingstone Primary School,Government,Primary,25 - 29 Livingstone Road,Vermont South,3133,NORTH-EASTERN VICTORIA,Inner Eastern Melbourne,Whitehorse (C),145.18067,-37.85289,19.89,Government,Primary,Inner Eastern Melbourne,Vermont South,,,
1495,Marcellin College,Catholic,Secondary,160 Bulleen Road,Bulleen,3105,NORTH-EASTERN VICTORIA,Inner Eastern Melbourne,Manningham (C),145.082675,-37.774782,10.78,Catholic,Secondary,Inner Eastern Melbourne,Bulleen,,,
1673,Mazenod College,Catholic,Secondary,Kernot Ave,Mulgrave,3170,NORTH-EASTERN VICTORIA,Inner Eastern Melbourne,Monash (C),145.166144,-37.915204,21.86,Catholic,Secondary,Inner Eastern Melbourne,Mulgrave,,,
259,Methodist Ladies' College,Independent,Pri/Sec,207 Barkers Road,Kew,3101,NORTH-EASTERN VICTORIA,Inner Eastern Melbourne,Boroondara (C),145.038491,-37.813951,6.70,Independent,Pri/Sec,Inner Eastern Melbourne,Kew,,,
5212,Milgate Primary School,Government,Primary,96 Landscape Drive,Doncaster East,3109,NORTH-EASTERN VICTORIA,Inner Eastern Melbourne,Manningham (C),145.175188,-37.773798,18.76,Government,Primary,Inner Eastern Melbourne,Doncaster East,,,
2904,Mitcham Primary School,Government,Primary,294 Mitcham Road,Mitcham,3132,NORTH-EASTERN VICTORIA,Inner Eastern Melbourne,Whitehorse (C),145.192719,-37.808986,20.09,Government,Primary,Inner Eastern Melbourne,Mitcham,,,
5151,Monash Special Developmental School,Government,Special,15-25 Academy Avenue,Wheelers Hill,3150,NORTH-EASTERN VICTORIA,Inner Eastern Melbourne,Monash (C),145.1657962,-37.9069788,21.31,Government,Special,Inner Eastern Melbourne,Wheelers Hill,,,
3943,Mont Albert Primary School,Government,Primary,Barloa Road,Mont Albert,3127,NORTH-EASTERN VICTORIA,Inner Eastern Melbourne,Whitehorse (C),145.102727,-37.813079,12.25,Government,Primary,Inner Eastern Melbourne,Mont Albert,,,
4808,Mount Pleasant Road Nunawading Primary School,Government,Primary,105-107 Mt Pleasant Road,Nunawading,3131,NORTH-EASTERN VICTORIA,Inner Eastern Melbourne,Whitehorse (C),145.180091,-37.828587,19.22,Government,Primary,Inner Eastern Melbourne,Nunawading,,,
1490,Mount Scopus Memorial College,Independent,Pri/Sec,245 Burwood Highway,Burwood,3125,NORTH-EASTERN VICTORIA,Inner Eastern Melbourne,Whitehorse (C),145.117774,-37.847216,14.46,Independent,Pri/Sec,Inner Eastern Melbourne,Burwood,,,
4923,Mount View Primary School,Government,Primary,274-288 Gallaghers Rd,Glen Waverley,3150,NORTH-EASTERN VICTORIA,Inner Eastern Melbourne,Monash (C),145.178805,-37.883485,20.99,Government,Primary,Inner Eastern Melbourne,Glen Waverley,,,
4832,Mount Waverley Heights Primary School,Government,Primary,36 Solomon Street,Mount Waverley,3149,NORTH-EASTERN VICTORIA,Inner Eastern Melbourne,Monash (C),145.11127,-37.888919,16.25,Government,Primary,Inner Eastern Melbourne,Mount Waverley,,,
5430,Mount Waverley North Primary School,Government,Primary,Marcus Avenue,Mount Waverley,3149,NORTH-EASTERN VICTORIA,Inner Eastern Melbourne,Monash (C),145.141352,-37.868017,17.29,Government,Primary,Inner Eastern Melbourne,Mount Waverley,,,
3432,Mount Waverley Primary School,Government,Primary,37-45 Park Lane,Mount Waverley,3149,NORTH-EASTERN VICTORIA,Inner Eastern Melbourne,Monash (C),145.124111,-37.881266,16.69,Government,Primary,Inner Eastern Melbourne,Mount Waverley,,,
8105,Mount Waverley Secondary College,Government,Secondary,9 Lechte Road,Mount Waverley,3149,NORTH-EASTERN VICTORIA,Inner Eastern Melbourne,Monash (C),145.132311,-37.869086,16.63,Government,Secondary,Inner Eastern Melbourne,Mount Waverley,,,
2172,Mulgrave Primary School,Government,Primary,23-31 Gladeswood Drive,Mulgrave,3170,NORTH-EASTERN VICTORIA,Inner Eastern Melbourne,Monash (C),145.197367,-37.932946,25.23,Government,Primary,Inner Eastern Melbourne,Mulgrave,,,
8744,Mullauna Secondary College,Government,Secondary,456 Springfield Road,Mitcham,3132,NORTH-EASTERN VICTORIA,Inner Eastern Melbourne,Whitehorse (C),145.190155,-37.807109,19.86,Government,Secondary,Inner Eastern Melbourne,Mitcham,,,
1508,Nunawading Christian College-Primary,Independent,Primary,Laughlin Ave,Nunawading,3131,NORTH-EASTERN VICTORIA,Inner Eastern Melbourne,Whitehorse (C),145.17005,-37.82192,18.24,Independent,Primary,Inner Eastern Melbourne,Nunawading,,,
1712,Nunawading Christian College-Secondary,Independent,Secondary,161 Central Rd,Nunawading,3131,NORTH-EASTERN VICTORIA,Inner Eastern Melbourne,Whitehorse (C),145.1690183,-37.82254717,18.16,Independent,Secondary,Inner Eastern Melbourne,Nunawading,,,
1866,Oakleigh Grammar,Independent,Pri/Sec,77  Willesden Road,Oakleigh,3166,NORTH-EASTERN VICTORIA,Inner Eastern Melbourne,Monash (C),145.082819,-37.895907,14.89,Independent,Pri/Sec,Inner Eastern Melbourne,Oakleigh,,,
1601,Oakleigh Primary School,Government,Primary,20 Warrigal Road,Oakleigh,3166,NORTH-EASTERN VICTORIA,Inner Eastern Melbourne,Monash (C),145.088615,-37.894474,15.14,Government,Primary,Inner Eastern Melbourne,Oakleigh,,,
4823,Oakleigh South Primary School,Government,Primary,Riley Street,Oakleigh South,3167,NORTH-EASTERN VICTORIA,Inner Eastern Melbourne,Monash (C),145.0947041,-37.92220601,17.76,Government,Primary,Inner Eastern Melbourne,Oakleigh South,,,
4715,Old Orchard Primary School,Government,Primary,88 Koonung Road,Blackburn North,3130,NORTH-EASTERN VICTORIA,Inner Eastern Melbourne,Whitehorse (C),145.152511,-37.807568,16.56,Government,Primary,Inner Eastern Melbourne,Blackburn North,,,
5285,Orchard Grove Primary School,Government,Primary,101 Orchard Grove,Blackburn South,3130,NORTH-EASTERN VICTORIA,Inner Eastern Melbourne,Whitehorse (C),145.146528,-37.84023,16.62,Government,Primary,Inner Eastern Melbourne,Blackburn South,,,
653,Our Holy Redeemer School,Catholic,Primary,311 Mont Albert Road,Surrey Hills,3127,NORTH-EASTERN VICTORIA,Inner Eastern Melbourne,Boroondara (C),145.100085,-37.820319,12.14,Catholic,Primary,Inner Eastern Melbourne,Surrey Hills,,,
1206,Our Lady of Good Counsel School,Catholic,Primary,12 Whitehorse Rd,Deepdene,3103,NORTH-EASTERN VICTORIA,Inner Eastern Melbourne,Boroondara (C),145.06279,-37.811081,8.74,Catholic,Primary,Inner Eastern Melbourne,Deepdene,,,
1569,Our Lady of Perpetual Succour School,Catholic,Primary,31 Erasmus Street,Surrey Hills,3127,NORTH-EASTERN VICTORIA,Inner Eastern Melbourne,Whitehorse (C),145.111389,-37.830057,13.34,Catholic,Primary,Inner Eastern Melbourne,Surrey Hills,,,
1287,Our Lady of Sion College,Catholic,Secondary,1065 Whitehorse Road,Box Hill,3128,NORTH-EASTERN VICTORIA,Inner Eastern Melbourne,Whitehorse (C),145.129918,-37.818348,14.69,Catholic,Secondary,Inner Eastern Melbourne,Box Hill,,,
1759,Our Lady of the Pines School,Catholic,Primary,77 Carbine Street,Donvale,3111,NORTH-EASTERN VICTORIA,Inner Eastern Melbourne,Manningham (C),145.177211,-37.774442,18.93,Catholic,Primary,Inner Eastern Melbourne,Donvale,,,
4854,Park Orchards Primary School,Government,Primary,1-3 Bowmore Avenue,Park Orchards,3114,NORTH-EASTERN VICTORIA,Inner Eastern Melbourne,Manningham (C),145.215918,-37.779519,22.23,Government,Primary,Inner Eastern Melbourne,Park Orchards,,,
5416,Parkhill Primary School,Government,Primary,4a Parkhill Drive,Ashwood,3147,NORTH-EASTERN VICTORIA,Inner Eastern Melbourne,Monash (C),145.106871,-37.86288,14.34,Government,Primary,Inner Eastern Melbourne,Ashwood,,,
4881,Parkmore Primary School,Government,Primary,38-54 Jolimont Road,Forest Hill,3131,NORTH-EASTERN VICTORIA,Inner Eastern Melbourne,Whitehorse (C),145.177183,-37.843844,19.32,Government,Primary,Inner Eastern Melbourne,Forest Hill,,,
4874,Pinewood Primary School,Government,Primary,27-35 Pinewood Drive,Mount Waverley,3149,NORTH-EASTERN VICTORIA,Inner Eastern Melbourne,Monash (C),145.142339,-37.890118,18.56,Government,Primary,Inner Eastern Melbourne,Mount Waverley,,,
554,Presbyterian Ladies' College,Independent,Pri/Sec,141 Burwood Highway,Burwood,3125,NORTH-EASTERN VICTORIA,Inner Eastern Melbourne,Whitehorse (C),145.107002,-37.848559,13.64,Independent,Pri/Sec,Inner Eastern Melbourne,Burwood,,,
1377,"Preshil, The Margaret Lyttle Memorial School",Independent,Pri/Sec,395 Barkers Road,Kew,3101,NORTH-EASTERN VICTORIA,Inner Eastern Melbourne,Boroondara (C),145.052212,-37.815934,7.92,Independent,Pri/Sec,Inner Eastern Melbourne,Kew,,,
5431,Rangeview Primary School,Government,Primary,27 Churinga Avenue,Mitcham,3132,NORTH-EASTERN VICTORIA,Inner Eastern Melbourne,Whitehorse (C),145.206302,-37.829577,21.51,Government,Primary,Inner Eastern Melbourne,Mitcham,,,
5419,Roberts McCubbin Primary School,Government,Primary,57 Birdwood Street,Box Hill South,3128,NORTH-EASTERN VICTORIA,Inner Eastern Melbourne,Whitehorse (C),145.125206,-37.834767,14.65,Government,Primary,Inner Eastern Melbourne,Box Hill South,,,
1559,Rossbourne School,Independent,Special,131 Power Street,Hawthorn,3122,NORTH-EASTERN VICTORIA,Inner Eastern Melbourne,Boroondara (C),145.02655,-37.82304,6.03,Independent,Special,Inner Eastern Melbourne,Hawthorn,,,
83,Ruyton Girls' School,Independent,Pri/Sec,12 Selbourne Road,Kew,3101,NORTH-EASTERN VICTORIA,Inner Eastern Melbourne,Boroondara (C),145.039181,-37.811111,6.69,Independent,Pri/Sec,Inner Eastern Melbourne,Kew,,,
2114,SEDA College (Victoria),Independent,Secondary,357 Camberwell Road,Camberwell,3124,NORTH-EASTERN VICTORIA,Inner Eastern Melbourne,Boroondara (C),145.054006,-37.830714,8.58,Independent,Secondary,Inner Eastern Melbourne,Camberwell,,,
1571,Sacred Heart Girls' College,Catholic,Secondary,113 Warrigal Road,Hughesdale,3166,NORTH-EASTERN VICTORIA,Inner Eastern Melbourne,Monash (C),145.086083,-37.902163,15.59,Catholic,Secondary,Inner Eastern Melbourne,Hughesdale,,,
590,Sacred Heart School,Catholic,Primary,116 Cotham Road,Kew,3101,NORTH-EASTERN VICTORIA,Inner Eastern Melbourne,Boroondara (C),145.03744,-37.808169,6.49,Catholic,Primary,Inner Eastern Melbourne,Kew,,,
1393,Sacred Heart School,Catholic,Primary,2 Mora Avenue,Oakleigh,3166,NORTH-EASTERN VICTORIA,Inner Eastern Melbourne,Monash (C),145.086915,-37.901835,15.62,Catholic,Primary,Inner Eastern Melbourne,Oakleigh,,,
1485,Salesian College Chadstone,Catholic,Secondary,10 Bosco Street,Chadstone,3148,NORTH-EASTERN VICTORIA,Inner Eastern Melbourne,Monash (C),145.100257,-37.882735,15.07,Catholic,Secondary,Inner Eastern Melbourne,Chadstone,,,
1021,Scotch College,Independent,Pri/Sec,1 Morrison Street,Hawthorn,3122,NORTH-EASTERN VICTORIA,Inner Eastern Melbourne,Boroondara (C),145.032288,-37.833922,7.06,Independent,Pri/Sec,Inner Eastern Melbourne,Hawthorn,,,
5168,Serpell Primary School,Government,Primary,Tuckers Road,Templestowe,3106,NORTH-EASTERN VICTORIA,Inner Eastern Melbourne,Manningham (C),145.155574,-37.769901,17.14,Government,Primary,Inner Eastern Melbourne,Templestowe,,,
1445,Siena College Ltd,Catholic,Secondary,815 Riversdale Road,Camberwell,3124,NORTH-EASTERN VICTORIA,Inner Eastern Melbourne,Boroondara (C),145.082575,-37.833662,11.04,Catholic,Secondary,Inner Eastern Melbourne,Camberwell,,,
4641,Solway Primary School,Government,Primary,Winton Road,Ashburton,3147,NORTH-EASTERN VICTORIA,Inner Eastern Melbourne,Boroondara (C),145.07283,-37.873238,12.53,Government,Primary,Inner Eastern Melbourne,Ashburton,,,
8801,South Oakleigh College,Government,Secondary,Bakers Road,Oakleigh South,3167,NORTH-EASTERN VICTORIA,Inner Eastern Melbourne,Monash (C),145.089768,-37.92232068,17.49,Government,Secondary,Inner Eastern Melbourne,Oakleigh South,,,
1604,Ss Peter & Paul's School,Catholic,Primary,16 Beverley Street,Doncaster East,3109,NORTH-EASTERN VICTORIA,Inner Eastern Melbourne,Manningham (C),145.1534,-37.790552,16.65,Catholic,Primary,Inner Eastern Melbourne,Doncaster East,,,
1328,St Anne's School,Catholic,Primary,7-19 Beresford Street,Kew East,3102,NORTH-EASTERN VICTORIA,Inner Eastern Melbourne,Boroondara (C),145.049813,-37.79538,7.53,Catholic,Primary,Inner Eastern Melbourne,Kew East,,,
1805,St Anne's School,Catholic,Primary,60 Knees Road,Park Orchards,3114,NORTH-EASTERN VICTORIA,Inner Eastern Melbourne,Manningham (C),145.218594,-37.773303,22.54,Catholic,Primary,Inner Eastern Melbourne,Park Orchards,,,
1482,St Bede's School,Catholic,Primary,2 Marwal Avenue,Balwyn North,3104,NORTH-EASTERN VICTORIA,Inner Eastern Melbourne,Boroondara (C),145.070901,-37.793523,9.40,Catholic,Primary,Inner Eastern Melbourne,Balwyn North,,,
1354,St Cecilia's School,Catholic,Primary,4 Van Ness Avenue,Glen Iris,3146,NORTH-EASTERN VICTORIA,Inner Eastern Melbourne,Boroondara (C),145.064602,-37.850094,10.42,Catholic,Primary,Inner Eastern Melbourne,Glen Iris,,,
1600,St Christopher's School,Catholic,Primary,2-16 Doon Avenue,Glen Waverley,3150,NORTH-EASTERN VICTORIA,Inner Eastern Melbourne,Monash (C),145.1501975,-37.87109838,18.13,Catholic,Primary,Inner Eastern Melbourne,Glen Waverley,,,
1640,St Clement of Rome School,Catholic,Primary,9 Egan Drive,Bulleen,3105,NORTH-EASTERN VICTORIA,Inner Eastern Melbourne,Manningham (C),145.090333,-37.767296,11.66,Catholic,Primary,Inner Eastern Melbourne,Bulleen,,,
1229,St Dominic's School,Catholic,Primary,145 Highfield Road,Camberwell East,3124,NORTH-EASTERN VICTORIA,Inner Eastern Melbourne,Boroondara (C),145.083836,-37.838918,11.35,Catholic,Primary,Inner Eastern Melbourne,Camberwell East,,,
1272,St Francis Xavier's School,Catholic,Primary,1087 Whitehorse Road,Box Hill,3128,NORTH-EASTERN VICTORIA,Inner Eastern Melbourne,Whitehorse (C),145.131493,-37.818494,14.83,Catholic,Primary,Inner Eastern Melbourne,Box Hill,,,
1678,St Gregory the Great School,Catholic,Primary,396 Manningham Road,Doncaster,3108,NORTH-EASTERN VICTORIA,Inner Eastern Melbourne,Manningham (C),145.122282,-37.780598,14.05,Catholic,Primary,Inner Eastern Melbourne,Doncaster,,,
1681,St James' School,Catholic,Primary,51 Centre Road,Vermont,3133,NORTH-EASTERN VICTORIA,Inner Eastern Melbourne,Whitehorse (C),145.20969,-37.836748,21.94,Catholic,Primary,Inner Eastern Melbourne,Vermont,,,
1613,St John Vianney's School,Catholic,Primary,23 Police Road,Mulgrave,3170,NORTH-EASTERN VICTORIA,Inner Eastern Melbourne,Monash (C),145.159559,-37.932718,22.61,Catholic,Primary,Inner Eastern Melbourne,Mulgrave,,,
1407,St John's School,Catholic,Primary,490 Whitehorse Road,Mitcham,3132,NORTH-EASTERN VICTORIA,Inner Eastern Melbourne,Whitehorse (C),145.190401,-37.817445,19.96,Catholic,Primary,Inner Eastern Melbourne,Mitcham,,,
148,St Joseph's School,Catholic,Primary,571 Glenferrie Road,Hawthorn,3122,NORTH-EASTERN VICTORIA,Inner Eastern Melbourne,Boroondara (C),145.034315,-37.826461,6.81,Catholic,Primary,Inner Eastern Melbourne,Hawthorn,,,
1882,St Justin's School,Catholic,Primary,42 Whalley Drive,Wheelers Hill,3150,NORTH-EASTERN VICTORIA,Inner Eastern Melbourne,Monash (C),145.190508,-37.917811,23.78,Catholic,Primary,Inner Eastern Melbourne,Wheelers Hill,,,
1680,St Kevin's School,Catholic,Primary,26-44 Herlihys Road,Templestowe Lower,3107,NORTH-EASTERN VICTORIA,Inner Eastern Melbourne,Manningham (C),145.122868,-37.761267,14.59,Catholic,Primary,Inner Eastern Melbourne,Templestowe Lower,,,
1596,St Leonard's School,Catholic,Primary,349 Springvale Road,Glen Waverley,3150,NORTH-EASTERN VICTORIA,Inner Eastern Melbourne,Monash (C),145.163894,-37.886803,20.00,Catholic,Primary,Inner Eastern Melbourne,Glen Waverley,,,
1628,St Luke the Evangelist School,Catholic,Primary,46 Orchard Grove,Blackburn South,3130,NORTH-EASTERN VICTORIA,Inner Eastern Melbourne,Whitehorse (C),145.146714,-37.835551,16.50,Catholic,Primary,Inner Eastern Melbourne,Blackburn South,,,
1477,St Michael's School,Catholic,Primary,268 High Street,Ashburton,3147,NORTH-EASTERN VICTORIA,Inner Eastern Melbourne,Boroondara (C),145.082484,-37.864128,12.59,Catholic,Primary,Inner Eastern Melbourne,Ashburton,,,
1647,St Paul's College Balwyn,Independent,Special,3 Brenbeal Street,Balwyn,3101,NORTH-EASTERN VICTORIA,Inner Eastern Melbourne,Boroondara (C),145.086858,-37.81235,10.85,Independent,Special,Inner Eastern Melbourne,Balwyn,,,
1531,St Peter's School,Catholic,Primary,16 Mary Street,Clayton,3168,NORTH-EASTERN VICTORIA,Inner Eastern Melbourne,Monash (C),145.121859,-37.92314,19.46,Catholic,Primary,Inner Eastern Melbourne,Clayton,,,
1652,St Philip's School,Catholic,Primary,60 Junction Road,Blackburn North,3130,NORTH-EASTERN VICTORIA,Inner Eastern Melbourne,Whitehorse (C),145.166588,-37.807643,17.79,Catholic,Primary,Inner Eastern Melbourne,Blackburn North,,,
1598,St Scholastica's School,Catholic,Primary,4-8 Starling Street,Bennettswood,3125,NORTH-EASTERN VICTORIA,Inner Eastern Melbourne,Whitehorse (C),145.125908,-37.851646,15.31,Catholic,Primary,Inner Eastern Melbourne,Bennettswood,,,
1522,St Thomas The Apostle School,Catholic,Primary,67 Central Road,Blackburn,3130,NORTH-EASTERN VICTORIA,Inner Eastern Melbourne,Whitehorse (C),145.157434,-37.823247,17.16,Catholic,Primary,Inner Eastern Melbourne,Blackburn,,,
1209,Strathcona Baptist Girls' Grammar,Independent,Pri/Sec,34 Scott Street,Canterbury,3126,NORTH-EASTERN VICTORIA,Inner Eastern Melbourne,Boroondara (C),145.080366,-37.829176,10.70,Independent,Pri/Sec,Inner Eastern Melbourne,Canterbury,,,
2778,Surrey Hills Primary School,Government,Primary,2 Beatrice Avenue,Surrey Hills,3127,NORTH-EASTERN VICTORIA,Inner Eastern Melbourne,Whitehorse (C),145.100903,-37.825534,12.33,Government,Primary,Inner Eastern Melbourne,Surrey Hills,,,
7366,Swinburne Senior Secondary College,Government,Secondary,505 Burwood Road,Hawthorn,3122,NORTH-EASTERN VICTORIA,Inner Eastern Melbourne,Boroondara (C),145.040821,-37.823135,7.19,Government,Secondary,Inner Eastern Melbourne,Hawthorn,,,
4924,Syndal South Primary School,Government,Primary,14 Montgomery Avenue,Mount Waverley,3149,NORTH-EASTERN VICTORIA,Inner Eastern Melbourne,Monash (C),145.143301,-37.879086,18.01,Government,Primary,Inner Eastern Melbourne,Mount Waverley,,,
8823,Templestowe College,Government,Secondary,7 Cypress Avenue,Templestowe Lower,3107,NORTH-EASTERN VICTORIA,Inner Eastern Melbourne,Manningham (C),145.122306,-37.767428,14.35,Government,Secondary,Inner Eastern Melbourne,Templestowe Lower,,,
5004,Templestowe Heights Primary School,Government,Primary,276-300 High Street,Templestowe Lower,3107,NORTH-EASTERN VICTORIA,Inner Eastern Melbourne,Manningham (C),145.119353,-37.767214,14.11,Government,Primary,Inner Eastern Melbourne,Templestowe Lower,,,
5129,Templestowe Park Primary School,Government,Primary,399-409 Church Road,Templestowe,3106,NORTH-EASTERN VICTORIA,Inner Eastern Melbourne,Manningham (C),145.143259,-37.756273,16.47,Government,Primary,Inner Eastern Melbourne,Templestowe,,,
4985,Templestowe Valley Primary School,Government,Primary,15 Birchwood Avenue,Lower Templestowe,3107,NORTH-EASTERN VICTORIA,Inner Eastern Melbourne,Manningham (C),145.10938,-37.760611,13.49,Government,Primary,Inner Eastern Melbourne,Lower Templestowe,,,
457,Trinity Grammar School Kew,Independent,Pri/Sec,40 Charles Street,Kew,3101,NORTH-EASTERN VICTORIA,Inner Eastern Melbourne,Boroondara (C),145.0355016,-37.81020316,6.36,Independent,Pri/Sec,Inner Eastern Melbourne,Kew,,,
1022,Vermont Primary School,Government,Primary,4-10 Nurlendi Road,Vermont,3133,NORTH-EASTERN VICTORIA,Inner Eastern Melbourne,Whitehorse (C),145.194296,-37.837359,20.62,Government,Primary,Inner Eastern Melbourne,Vermont,,,
8420,Vermont Secondary College,Government,Secondary,27 - 63 Morack Road,Vermont,3133,NORTH-EASTERN VICTORIA,Inner Eastern Melbourne,Whitehorse (C),145.199701,-37.844117,21.25,Government,Secondary,Inner Eastern Melbourne,Vermont,,,
5025,Vermont South Special School,Government,Special,22-30 Livingstone Road,Vermont South,3133,NORTH-EASTERN VICTORIA,Inner Eastern Melbourne,Whitehorse (C),145.180596,-37.85114,19.83,Government,Special,Inner Eastern Melbourne,Vermont South,,,
8437,Warrandyte High School,Government,Secondary,241-247 Heidelberg-Warrandyte Rd,Warrandyte,3113,NORTH-EASTERN VICTORIA,Inner Eastern Melbourne,Manningham (C),145.184222,-37.748269,20.17,Government,Secondary,Inner Eastern Melbourne,Warrandyte,,,
12,Warrandyte Primary School,Government,Primary,5-11 Forbes Street,Warrandyte,3113,NORTH-EASTERN VICTORIA,Inner Eastern Melbourne,Manningham (C),145.21398,-37.742675,22.86,Government,Primary,Inner Eastern Melbourne,Warrandyte,,,
3841,Wattle Park Primary School,Government,Primary,225 Warrigal Road,Burwood,3125,NORTH-EASTERN VICTORIA,Inner Eastern Melbourne,Whitehorse (C),145.09737,-37.842635,12.61,Government,Primary,Inner Eastern Melbourne,Burwood,,,
5105,Waverley Meadows Primary School,Government,Primary,11-27 Columbia Drive,Wheelers Hill,3150,NORTH-EASTERN VICTORIA,Inner Eastern Melbourne,Monash (C),145.184278,-37.914752,23.14,Government,Primary,Inner Eastern Melbourne,Wheelers Hill,,,
5157,Weeden Heights Primary School,Government,Primary,41-51 Weeden Drive,Vermont South,3133,NORTH-EASTERN VICTORIA,Inner Eastern Melbourne,Whitehorse (C),145.177637,-37.85916,19.85,Government,Primary,Inner Eastern Melbourne,Vermont South,,,
8462,Wellington Secondary College,Government,Secondary,91 Police Road,Mulgrave,3170,NORTH-EASTERN VICTORIA,Inner Eastern Melbourne,Monash (C),145.169378,-37.934467,23.39,Government,Secondary,Inner Eastern Melbourne,Mulgrave,,,
5094,Wheelers Hill Primary School,Government,Primary,134-148 Whites Lane,Wheelers Hill,3150,NORTH-EASTERN VICTORIA,Inner Eastern Melbourne,Monash (C),145.177594,-37.90017,21.78,Government,Primary,Inner Eastern Melbourne,Wheelers Hill,,,
8474,Wheelers Hill Secondary College,Government,Secondary,2-28 Raphael Drive,Wheelers Hill,3150,NORTH-EASTERN VICTORIA,Inner Eastern Melbourne,Monash (C),145.181743,-37.910126,22.67,Government,Secondary,Inner Eastern Melbourne,Wheelers Hill,,,
1473,Whitefriars College,Catholic,Secondary,156 Park Road,Donvale,3111,NORTH-EASTERN VICTORIA,Inner Eastern Melbourne,Manningham (C),145.199541,-37.7918,20.69,Catholic,Secondary,Inner Eastern Melbourne,Donvale,,,
5530,Whitehorse Primary School,Government,Primary,70-86 Junction Road,Blackburn North,3130,NORTH-EASTERN VICTORIA,Inner Eastern Melbourne,Whitehorse (C),145.1669863,-37.80746673,17.83,Government,Primary,Inner Eastern Melbourne,Blackburn North,,,
3241,Wonga Park Primary School,Government,Primary,Dudley Road,Wonga Park,3115,NORTH-EASTERN VICTORIA,Inner Eastern Melbourne,Manningham (C),145.273999,-37.730641,28.30,Government,Primary,Inner Eastern Melbourne,Wonga Park,,,
404,Xavier College,Catholic,Pri/Sec,135 Barkers Road,Kew,3101,NORTH-EASTERN VICTORIA,Inner Eastern Melbourne,Boroondara (C),145.031105,-37.813858,6.07,Catholic,Pri/Sec,Inner Eastern Melbourne,Kew,,,
1886,Abbotsford Primary School,Government,Primary,Lithgow Street,Abbotsford,3067,NORTH-WESTERN VICTORIA,North Eastern Melbourne,Yarra (C),144.998814,-37.808979,3.19,Government,Primary,North Eastern Melbourne,Abbotsford,,,
467,Academy of Mary Immaculate,Catholic,Secondary,88 Nicholson Street,Fitzroy,3065,NORTH-WESTERN VICTORIA,North Eastern Melbourne,Yarra (C),144.974409,-37.803711,0.97,Catholic,Secondary,North Eastern Melbourne,Fitzroy,https://www.academy.vic.edu.au/,https://www.academy.vic.edu.au/wp-content/uploads/2024/08/Layer_1.png,Required for nearest-six secondary school
2061,Al Siraat College,Independent,Pri/Sec,45 Harvest Home Road,Epping,3076,NORTH-WESTERN VICTORIA,North Eastern Melbourne,Whittlesea (C),145.0375337,-37.62426056,20.59,Independent,Pri/Sec,North Eastern Melbourne,Epping,,,
1924,Alphington Grammar School,Independent,Pri/Sec,12 - 18 Old Heidelberg Road,Alphington,3078,NORTH-WESTERN VICTORIA,North Eastern Melbourne,Yarra (C),145.036174,-37.780429,6.68,Independent,Pri/Sec,North Eastern Melbourne,Alphington,,,
3599,Alphington Primary School,Government,Primary,Yarralea Street,Alphington,3078,NORTH-WESTERN VICTORIA,North Eastern Melbourne,Yarra (C),145.032006,-37.783523,6.23,Government,Primary,North Eastern Melbourne,Alphington,,,
5184,Apollo Parkways Primary School,Government,Primary,31-43 Civic Drive,Greensborough,3088,NORTH-WESTERN VICTORIA,North Eastern Melbourne,Nillumbik (S),145.1098731,-37.68739459,17.91,Government,Primary,North Eastern Melbourne,Greensborough,,,
1666,Arthurs Creek Primary School,Government,Primary,900 Arthurs Creek Road,Arthurs Creek,3099,NORTH-WESTERN VICTORIA,North Eastern Melbourne,Nillumbik (S),145.2025016,-37.57900478,32.31,Government,Primary,North Eastern Melbourne,Arthurs Creek,,,
5569,Ashley Park Primary School,Government,Primary,105 Orchard Road,Doreen,3754,NORTH-WESTERN VICTORIA,North Eastern Melbourne,Whittlesea (C),145.127284,-37.615639,25.03,Government,Primary,North Eastern Melbourne,Doreen,,,
4746,Banyule Primary School,Government,Primary,50 Banyule Road,Rosanna,3084,NORTH-WESTERN VICTORIA,North Eastern Melbourne,Banyule (C),145.077938,-37.743611,11.80,Government,Primary,North Eastern Melbourne,Rosanna,,,
5585,Barrawang Primary School,Government,Primary,7 Islington Street,Wollert,3750,NORTH-WESTERN VICTORIA,North Eastern Melbourne,Whittlesea (C),144.993537,-37.597948,22.63,Government,Primary,North Eastern Melbourne,Wollert,,,
4309,Bell Primary School,Government,Primary,78A Oakover Road,Preston,3072,NORTH-WESTERN VICTORIA,North Eastern Melbourne,Darebin (C),144.990613,-37.747698,6.27,Government,Primary,North Eastern Melbourne,Preston,,,
8003,Bindjiroo Yaluk Community School,Government,Secondary,7 Gleadell Street,Richmond,3121,NORTH-WESTERN VICTORIA,North Eastern Melbourne,Yarra (C),145.002257,-37.816477,3.80,Government,Secondary,North Eastern Melbourne,Richmond,,,
4341,Briar Hill Primary School,Government,Primary,25 Gladstone Road,Briar Hill,3088,NORTH-WESTERN VICTORIA,North Eastern Melbourne,Banyule (C),145.116219,-37.708307,16.81,Government,Primary,North Eastern Melbourne,Briar Hill,,,
4944,Bundoora Primary School,Government,Primary,6 Bendoran Crescent,Bundoora,3083,NORTH-WESTERN VICTORIA,North Eastern Melbourne,Banyule (C),145.062989,-37.707339,13.48,Government,Primary,North Eastern Melbourne,Bundoora,,,
7874,Bundoora Secondary College,Government,Secondary,53 Balmoral Avenue,Bundoora,3083,NORTH-WESTERN VICTORIA,North Eastern Melbourne,Banyule (C),145.061977,-37.707501,13.41,Government,Secondary,North Eastern Melbourne,Bundoora,,,
2261,Carlo Acutis Catholic Primary School,Catholic,Primary,58 Jardin Road,Wollert West,3750,NORTH-WESTERN VICTORIA,North Eastern Melbourne,Whittlesea (C),144.989507,-37.600149,22.34,Catholic,Primary,North Eastern Melbourne,Wollert West,,,
1252,Carlton North Primary School,Government,Primary,60 Lee Street,Carlton North,3054,NORTH-WESTERN VICTORIA,North Eastern Melbourne,Yarra (C),144.973028,-37.791064,1.26,Government,Primary,North Eastern Melbourne,Carlton North,,,
576,Catholic Ladies' College Ltd,Catholic,Secondary,19 Diamond Street,Eltham,3095,NORTH-WESTERN VICTORIA,North Eastern Melbourne,Nillumbik (S),145.143563,-37.711525,18.58,Catholic,Secondary,North Eastern Melbourne,Eltham,,,
8890,Charles La Trobe P-12 College,Government,Pri/Sec,235 Kingsbury Drive,Macleod West,3085,NORTH-WESTERN VICTORIA,North Eastern Melbourne,Darebin (C),145.05865,-37.728966,11.46,Government,Pri/Sec,North Eastern Melbourne,Macleod West,,,
1362,Christmas Hills Primary School,Government,Primary,1409 Eltham-yarra Glen Road,Christmas Hills,3775,NORTH-WESTERN VICTORIA,North Eastern Melbourne,Nillumbik (S),145.304199,-37.653515,34.05,Government,Primary,North Eastern Melbourne,Christmas Hills,,,
1360,Clifton Hill Primary School,Government,Primary,185 Gold St,Clifton Hill,3068,NORTH-WESTERN VICTORIA,North Eastern Melbourne,Yarra (C),144.989245,-37.792308,2.36,Government,Primary,North Eastern Melbourne,Clifton Hill,,,
6212,Collingwood College,Government,Pri/Sec,Cnr Cromwell St/McCutcheon Way,Collingwood,3066,NORTH-WESTERN VICTORIA,North Eastern Melbourne,Yarra (C),144.990497,-37.802985,2.32,Government,Pri/Sec,North Eastern Melbourne,Collingwood,,,
8748,Collingwood English Language School,Government,Language,19 Cambridge Street,Collingwood,3066,NORTH-WESTERN VICTORIA,North Eastern Melbourne,Yarra (C),144.9847995,-37.80784119,2.00,Government,Language,North Eastern Melbourne,Collingwood,,,
5027,Concord School,Government,Special,411 Grimshaw Street,Bundoora,3083,NORTH-WESTERN VICTORIA,North Eastern Melbourne,Banyule (C),145.075008,-37.701999,14.62,Government,Special,North Eastern Melbourne,Bundoora,,,
4679,Croxton Special School,Government,Special,159-165 Beaconsfield Parade,Northcote,3070,NORTH-WESTERN VICTORIA,North Eastern Melbourne,Darebin (C),144.9873978,-37.76399724,4.50,Government,Special,North Eastern Melbourne,Northcote,,,
2047,Deutsche Schule Melbourne,Independent,Primary,96 Barkly Street,North Fitzroy,3068,NORTH-WESTERN VICTORIA,North Eastern Melbourne,Yarra (C),144.9827723,-37.77883164,2.87,Independent,Primary,North Eastern Melbourne,North Fitzroy,,,
5037,Diamond Creek East Primary School,Government,Primary,129-163 Main Hurstbridge Road,Diamond Creek,3089,NORTH-WESTERN VICTORIA,North Eastern Melbourne,Nillumbik (S),145.165596,-37.674193,22.57,Government,Primary,North Eastern Melbourne,Diamond Creek,,,
1003,Diamond Creek Primary School,Government,Primary,17 Clyde Street,Diamond Creek,3089,NORTH-WESTERN VICTORIA,North Eastern Melbourne,Nillumbik (S),145.1516539,-37.67184929,21.79,Government,Primary,North Eastern Melbourne,Diamond Creek,,,
8746,Diamond Valley College,Government,Secondary,165-179 Main Hurstbridge Road,Diamond Creek,3089,NORTH-WESTERN VICTORIA,North Eastern Melbourne,Nillumbik (S),145.167403,-37.672828,22.79,Government,Secondary,North Eastern Melbourne,Diamond Creek,,,
5161,Diamond Valley Special Developmental School,Government,Special,14-24 Brentwick Drive,Greensborough,3088,NORTH-WESTERN VICTORIA,North Eastern Melbourne,Nillumbik (S),145.1116531,-37.68675447,18.08,Government,Special,North Eastern Melbourne,Greensborough,,,
5577,Donnybrook Primary School,Government,Primary,145 Olivine Boulevard,Donnybrook,3064,NORTH-WESTERN VICTORIA,North Eastern Melbourne,Whittlesea (C),144.997751,-37.53707,29.40,Government,Primary,North Eastern Melbourne,Donnybrook,,,
945,Doreen Primary School,Government,Primary,75 Doctors Gully Road,Doreen,3754,NORTH-WESTERN VICTORIA,North Eastern Melbourne,Nillumbik (S),145.145539,-37.60601,26.83,Government,Primary,North Eastern Melbourne,Doreen,,,
1972,East Preston Islamic College,Independent,Pri/Sec,55 Tyler Street,East Preston,3072,NORTH-WESTERN VICTORIA,North Eastern Melbourne,Darebin (C),145.0362184,-37.73395414,9.70,Independent,Pri/Sec,North Eastern Melbourne,East Preston,,,
5310,Edgars Creek Primary School,Government,Primary,45 Macedon Parade,Wollert,3750,NORTH-WESTERN VICTORIA,North Eastern Melbourne,Whittlesea (C),145.002573,-37.609845,21.42,Government,Primary,North Eastern Melbourne,Wollert,,,
7081,Edgars Creek Secondary College,Government,Secondary,2 Steen Avenue,Wollert,3750,NORTH-WESTERN VICTORIA,North Eastern Melbourne,Whittlesea (C),145.005071,-37.609492,21.50,Government,Secondary,North Eastern Melbourne,Wollert,,,
1714,Eltham College,Independent,Pri/Sec,1660 Main Road,Research,3095,NORTH-WESTERN VICTORIA,North Eastern Melbourne,Nillumbik (S),145.192232,-37.70044311,22.90,Independent,Pri/Sec,North Eastern Melbourne,Research,,,
4897,Eltham East Primary School,Government,Primary,16 Grove Street,Eltham,3095,NORTH-WESTERN VICTORIA,North Eastern Melbourne,Nillumbik (S),145.154861,-37.711432,19.44,Government,Primary,North Eastern Melbourne,Eltham,,,
7805,Eltham High School,Government,Secondary,30-60 Withers Way,Eltham,3095,NORTH-WESTERN VICTORIA,North Eastern Melbourne,Nillumbik (S),145.141725,-37.724436,17.72,Government,Secondary,North Eastern Melbourne,Eltham,,,
4212,Eltham North Primary School,Government,Primary,35-47 Wattletree Road,Eltham North,3095,NORTH-WESTERN VICTORIA,North Eastern Melbourne,Nillumbik (S),145.1508655,-37.70011091,19.82,Government,Primary,North Eastern Melbourne,Eltham North,,,
209,Eltham Primary School,Government,Primary,Dalton Street,Eltham,3095,NORTH-WESTERN VICTORIA,North Eastern Melbourne,Nillumbik (S),145.1478042,-37.72498353,18.17,Government,Primary,North Eastern Melbourne,Eltham,,,
5551,Epping Primary School,Government,Primary,805 High Street,Epping,3076,NORTH-WESTERN VICTORIA,North Eastern Melbourne,Whittlesea (C),145.0255944,-37.64485061,18.09,Government,Primary,North Eastern Melbourne,Epping,,,
7813,Epping Secondary College,Government,Secondary,Mcdonalds Road,Epping,3076,NORTH-WESTERN VICTORIA,North Eastern Melbourne,Whittlesea (C),145.033426,-37.644001,18.39,Government,Secondary,North Eastern Melbourne,Epping,,,
5513,Epping Views Primary School,Government,Primary,20 Mansfield Street,Epping,3076,NORTH-WESTERN VICTORIA,North Eastern Melbourne,Whittlesea (C),145.024015,-37.628439,19.80,Government,Primary,North Eastern Melbourne,Epping,,,
2711,Fairfield Primary School,Government,Primary,Langridge Street,Fairfield,3078,NORTH-WESTERN VICTORIA,North Eastern Melbourne,Darebin (C),145.020401,-37.777993,5.51,Government,Primary,North Eastern Melbourne,Fairfield,,,
5244,Findon Primary School,Government,Primary,Cuthbert Drive,Mill Park,3082,NORTH-WESTERN VICTORIA,North Eastern Melbourne,Whittlesea (C),145.0510724,-37.66649725,16.70,Government,Primary,North Eastern Melbourne,Mill Park,,,
1819,Fitzroy Community School,Independent,Primary,597 Brunswick Street,Fitzroy North,3068,NORTH-WESTERN VICTORIA,North Eastern Melbourne,Yarra (C),144.97981,-37.789173,1.83,Independent,Primary,North Eastern Melbourne,Fitzroy North,,,
8742,Fitzroy High School,Government,Secondary,24-30 Falconer Street,Fitzroy North,3068,NORTH-WESTERN VICTORIA,North Eastern Melbourne,Yarra (C),144.987476,-37.784911,2.65,Government,Secondary,North Eastern Melbourne,Fitzroy North,,,
1490,Fitzroy North Primary School,Government,Primary,Fergie Street,Fitzroy North,3068,NORTH-WESTERN VICTORIA,North Eastern Melbourne,Yarra (C),144.984149,-37.78502,2.42,Government,Primary,North Eastern Melbourne,Fitzroy North,,,
450,Fitzroy Primary School,Government,Primary,319 George Street,Fitzroy,3065,NORTH-WESTERN VICTORIA,North Eastern Melbourne,Yarra (C),144.981511,-37.799603,1.51,Government,Primary,North Eastern Melbourne,Fitzroy,,,
5260,Glen Katherine Primary School,Government,Primary,39 Calendonia Drive,Eltham North,3095,NORTH-WESTERN VICTORIA,North Eastern Melbourne,Banyule (C),145.139837,-37.689982,19.70,Government,Primary,North Eastern Melbourne,Eltham North,,,
2226,Glowrey Catholic Primary School,Catholic,Primary,10 Baltrum Drive,Wollert,3750,NORTH-WESTERN VICTORIA,North Eastern Melbourne,Whittlesea (C),145.031776,-37.615822,21.33,Catholic,Primary,North Eastern Melbourne,Wollert,,,
4893,Greenhills Primary School,Government,Primary,29 Mine Street,Greensborough,3088,NORTH-WESTERN VICTORIA,North Eastern Melbourne,Banyule (C),145.118648,-37.692278,18.11,Government,Primary,North Eastern Melbourne,Greensborough,,,
2062,Greensborough Primary School,Government,Primary,130 Grimshaw Street,Greensborough,3088,NORTH-WESTERN VICTORIA,North Eastern Melbourne,Banyule (C),145.100496,-37.703569,16.08,Government,Primary,North Eastern Melbourne,Greensborough,,,
8750,Greensborough Secondary College,Government,Secondary,59 Nepean Street,Greensborough,3088,NORTH-WESTERN VICTORIA,North Eastern Melbourne,Banyule (C),145.091251,-37.708486,15.11,Government,Secondary,North Eastern Melbourne,Greensborough,,,
5500,Harvest Home Primary School,Government,Primary,365 Harvest Home Road,Epping,3076,NORTH-WESTERN VICTORIA,North Eastern Melbourne,Whittlesea (C),145.00226,-37.622078,20.07,Government,Primary,North Eastern Melbourne,Epping,,,
5552,Hazel Glen College,Government,Pri/Sec,115 Eminence Blvd,Doreen,3754,NORTH-WESTERN VICTORIA,North Eastern Melbourne,Whittlesea (C),145.119368,-37.597553,26.33,Government,Pri/Sec,North Eastern Melbourne,Doreen,,,
294,Heidelberg Primary School,Government,Primary,120 Cape Street,Heidelberg,3084,NORTH-WESTERN VICTORIA,North Eastern Melbourne,Banyule (C),145.067799,-37.754705,10.40,Government,Primary,North Eastern Melbourne,Heidelberg,,,
1438,Holy Name School,Catholic,Primary,12 Robb Street,Preston East,3073,NORTH-WESTERN VICTORIA,North Eastern Melbourne,Darebin (C),145.018574,-37.730261,9.11,Catholic,Primary,North Eastern Melbourne,Preston East,,,
1516,Holy Spirit School,Catholic,Primary,197 Clarendon Street,Thornbury East,3071,NORTH-WESTERN VICTORIA,North Eastern Melbourne,Darebin (C),145.01619,-37.760845,6.31,Catholic,Primary,North Eastern Melbourne,Thornbury East,,,
1910,Holy Trinity Primary School,Catholic,Primary,94 Weidlich Road,Eltham North,3095,NORTH-WESTERN VICTORIA,North Eastern Melbourne,Banyule (C),145.135461,-37.698439,18.82,Catholic,Primary,North Eastern Melbourne,Eltham North,,,
3939,Hurstbridge Primary School,Government,Primary,961-989 Heidelberg-Kinglake Rd,Hurstbridge,3099,NORTH-WESTERN VICTORIA,North Eastern Melbourne,Nillumbik (S),145.19812,-37.635897,27.50,Government,Primary,North Eastern Melbourne,Hurstbridge,,,
2240,Ignatius Learning Centre,Catholic,Secondary,326 Church Street,Richmond,3121,NORTH-WESTERN VICTORIA,North Eastern Melbourne,Yarra (C),144.998477,-37.821915,3.86,Catholic,Secondary,North Eastern Melbourne,Richmond,,,
4386,Ivanhoe East Primary School,Government,Primary,35 Warncliffe Road,Ivanhoe East,3079,NORTH-WESTERN VICTORIA,North Eastern Melbourne,Banyule (C),145.059453,-37.774587,8.83,Government,Primary,North Eastern Melbourne,Ivanhoe East,,,
1187,Ivanhoe Girls' Grammar School,Independent,Pri/Sec,123 Marshall St,Ivanhoe,3079,NORTH-WESTERN VICTORIA,North Eastern Melbourne,Banyule (C),145.046721,-37.765273,8.21,Independent,Pri/Sec,North Eastern Melbourne,Ivanhoe,,,
1004,Ivanhoe Grammar School,Independent,Pri/Sec,The Ridgeway,Ivanhoe,3079,NORTH-WESTERN VICTORIA,North Eastern Melbourne,Banyule (C),145.044477,-37.772515,7.68,Independent,Pri/Sec,North Eastern Melbourne,Ivanhoe,,,
2436,Ivanhoe Primary School,Government,Primary,124 Waterdale Road,Ivanhoe,3079,NORTH-WESTERN VICTORIA,North Eastern Melbourne,Banyule (C),145.04298,-37.766573,7.86,Government,Primary,North Eastern Melbourne,Ivanhoe,,,
2105,Kangaroo Ground Primary School,Government,Primary,Cr Graham&Eltham-Yarra Glen Rd,Kangaroo Ground,3097,NORTH-WESTERN VICTORIA,North Eastern Melbourne,Nillumbik (S),145.214656,-37.691737,25.09,Government,Primary,North Eastern Melbourne,Kangaroo Ground,,,
4845,Kingsbury Primary School,Government,Primary,1A Maryborough Avenue,Kingsbury,3083,NORTH-WESTERN VICTORIA,North Eastern Melbourne,Darebin (C),145.037204,-37.716025,11.33,Government,Primary,North Eastern Melbourne,Kingsbury,,,
4976,Lalor East Primary School,Government,Primary,39 Cleveland Street,Thomastown,3074,NORTH-WESTERN VICTORIA,North Eastern Melbourne,Whittlesea (C),145.035535,-37.67658,15.10,Government,Primary,North Eastern Melbourne,Thomastown,,,
5532,Lalor Gardens Primary School,Government,Primary,134 Kingsway Drive,Lalor,3075,NORTH-WESTERN VICTORIA,North Eastern Melbourne,Whittlesea (C),145.0013492,-37.66369312,15.51,Government,Primary,North Eastern Melbourne,Lalor,,,
5035,Lalor North Primary School,Government,Primary,2 Derna Crescent,Lalor,3075,NORTH-WESTERN VICTORIA,North Eastern Melbourne,Whittlesea (C),145.0285352,-37.66415051,16.14,Government,Primary,North Eastern Melbourne,Lalor,,,
7986,Lalor North Secondary College,Government,Secondary,114 Childs Road,Epping,3076,NORTH-WESTERN VICTORIA,North Eastern Melbourne,Whittlesea (C),145.034124,-37.660767,16.67,Government,Secondary,North Eastern Melbourne,Epping,,,
4709,Lalor Primary School,Government,Primary,26 Maxwell Street,Lalor,3075,NORTH-WESTERN VICTORIA,North Eastern Melbourne,Whittlesea (C),145.025391,-37.670077,15.42,Government,Primary,North Eastern Melbourne,Lalor,,,
7985,Lalor Secondary College,Government,Secondary,118 David Street,Lalor,3075,NORTH-WESTERN VICTORIA,North Eastern Melbourne,Whittlesea (C),145.0306228,-37.67265939,15.32,Government,Secondary,North Eastern Melbourne,Lalor,,,
5497,Laurimar Primary School,Government,Primary,Armidale Road,Doreen,3754,NORTH-WESTERN VICTORIA,North Eastern Melbourne,Whittlesea (C),145.126874,-37.585823,27.79,Government,Primary,North Eastern Melbourne,Doreen,,,
1721,Learning Co-Operative School,Independent,Primary,10 Laceys Road,Cottles Bridge,3099,NORTH-WESTERN VICTORIA,North Eastern Melbourne,Nillumbik (S),145.2133347,-37.62939233,28.99,Independent,Primary,North Eastern Melbourne,Cottles Bridge,,,
1295,Lower Plenty Primary School,Government,Primary,126-144 Main Road,Lower Plenty,3093,NORTH-WESTERN VICTORIA,North Eastern Melbourne,Banyule (C),145.115498,-37.726172,15.63,Government,Primary,North Eastern Melbourne,Lower Plenty,,,
1810,Loyola College,Catholic,Secondary,325 Grimshaw Street,Watsonia,3087,NORTH-WESTERN VICTORIA,North Eastern Melbourne,Banyule (C),145.08073,-37.703396,14.85,Catholic,Secondary,North Eastern Melbourne,Watsonia,,,
6242,Macleod College,Government,Pri/Sec,Carwarp Street,Macleod,3085,NORTH-WESTERN VICTORIA,North Eastern Melbourne,Banyule (C),145.072218,-37.724746,12.66,Government,Pri/Sec,North Eastern Melbourne,Macleod,,,
1961,Maharishi School of the Age of Enlightenment,Independent,Primary,2-6 Dundee Street,Reservoir,3073,NORTH-WESTERN VICTORIA,North Eastern Melbourne,Darebin (C),145.019467,-37.704377,11.70,Independent,Primary,North Eastern Melbourne,Reservoir,,,
1164,Mary Immaculate School,Catholic,Primary,9 Rockbeare Grove,Ivanhoe,3079,NORTH-WESTERN VICTORIA,North Eastern Melbourne,Banyule (C),145.038756,-37.771941,7.25,Catholic,Primary,North Eastern Melbourne,Ivanhoe,,,
2032,Marymede Catholic College,Catholic,Pri/Sec,60 Williamsons Road,South Morang,3752,NORTH-WESTERN VICTORIA,North Eastern Melbourne,Whittlesea (C),145.091027,-37.643315,20.69,Catholic,Pri/Sec,North Eastern Melbourne,South Morang,,,
2258,Mastery Schools Victoria,Independent,Special,"Terrace 14, Ernest Jones Drive",Bundoora,3086,NORTH-WESTERN VICTORIA,North Eastern Melbourne,Darebin (C),145.05715,-37.72067,12.03,Independent,Special,North Eastern Melbourne,Bundoora,,,
5286,Meadowglen Primary School,Government,Primary,22-48 Meadow Glen Drive,Epping,3076,NORTH-WESTERN VICTORIA,North Eastern Melbourne,Whittlesea (C),145.0530862,-37.64274926,19.16,Government,Primary,North Eastern Melbourne,Epping,,,
8819,Melbourne Girls College,Government,Secondary,Yarra Boulevard,Richmond,3121,NORTH-WESTERN VICTORIA,North Eastern Melbourne,Yarra (C),145.014334,-37.822507,5.05,Government,Secondary,North Eastern Melbourne,Richmond,,,
8897,Mernda Central P-12 College,Government,Pri/Sec,70 Breadalbane Avenue,Mernda,3754,NORTH-WESTERN VICTORIA,North Eastern Melbourne,Whittlesea (C),145.08833,-37.604853,24.30,Government,Pri/Sec,North Eastern Melbourne,Mernda,,,
2250,Mernda Hills Christian College,Independent,Pri/Sec,370 Bridge Inn Rd,Mernda,3754,NORTH-WESTERN VICTORIA,North Eastern Melbourne,Whittlesea (C),145.074653,-37.598508,24.43,Independent,Pri/Sec,North Eastern Melbourne,Mernda,,,
5525,Mernda Park Primary School,Government,Primary,40 Riverdale Boulevard,Mernda,3754,NORTH-WESTERN VICTORIA,North Eastern Melbourne,Whittlesea (C),145.0959314,-37.6144415,23.67,Government,Primary,North Eastern Melbourne,Mernda,,,
488,Mernda Primary School,Government,Primary,25 Everton Drive,Mernda,3754,NORTH-WESTERN VICTORIA,North Eastern Melbourne,Whittlesea (C),145.0922429,-37.59459504,25.47,Government,Primary,North Eastern Melbourne,Mernda,,,
3110,Merri Creek Primary School,Government,Primary,Miller Street,Fitzroy North,3068,NORTH-WESTERN VICTORIA,North Eastern Melbourne,Yarra (C),144.987386,-37.776966,3.28,Government,Primary,North Eastern Melbourne,Fitzroy North,,,
5284,Merriang Special Developmental School,Government,Special,11 Duncan Road,Lalor,3075,NORTH-WESTERN VICTORIA,North Eastern Melbourne,Whittlesea (C),145.0150833,-37.66723751,15.43,Government,Special,North Eastern Melbourne,Lalor,,,
5325,Mill Park Heights Primary School,Government,Primary,87-93 Pindari Avenue,Mill Park,3082,NORTH-WESTERN VICTORIA,North Eastern Melbourne,Whittlesea (C),145.051747,-37.657331,17.64,Government,Primary,North Eastern Melbourne,Mill Park,,,
5160,Mill Park Primary School,Government,Primary,2-10 Blamey Avenue,Mill Park,3082,NORTH-WESTERN VICTORIA,North Eastern Melbourne,Whittlesea (C),145.0658816,-37.6746058,16.57,Government,Primary,North Eastern Melbourne,Mill Park,,,
8775,Mill Park Secondary College,Government,Secondary,9 - 25 Moorhead Drive,Mill Park,3082,NORTH-WESTERN VICTORIA,North Eastern Melbourne,Whittlesea (C),145.063414,-37.664155,17.45,Government,Secondary,North Eastern Melbourne,Mill Park,,,
4112,Montmorency Primary School,Government,Primary,60a Rattray Road,Montmorency,3094,NORTH-WESTERN VICTORIA,North Eastern Melbourne,Banyule (C),145.121599,-37.717652,16.59,Government,Primary,North Eastern Melbourne,Montmorency,,,
8068,Montmorency Secondary College,Government,Secondary,Para Road,Montmorency,3094,NORTH-WESTERN VICTORIA,North Eastern Melbourne,Banyule (C),145.113611,-37.714075,16.24,Government,Secondary,North Eastern Melbourne,Montmorency,,,
4925,Montmorency South Primary School,Government,Primary,64 Buena Vista Drive,Montmorency,3094,NORTH-WESTERN VICTORIA,North Eastern Melbourne,Banyule (C),145.129665,-37.724927,16.77,Government,Primary,North Eastern Melbourne,Montmorency,,,
1975,Morang South Primary School,Government,Primary,77 Gorge Road,South Morang,3752,NORTH-WESTERN VICTORIA,North Eastern Melbourne,Whittlesea (C),145.0946659,-37.65286941,19.99,Government,Primary,North Eastern Melbourne,South Morang,,,
4646,Newlands Primary School,Government,Primary,2-26 Murphy Street,Preston,3072,NORTH-WESTERN VICTORIA,North Eastern Melbourne,Darebin (C),144.985377,-37.730113,8.00,Government,Primary,North Eastern Melbourne,Preston,,,
3618,Norris Bank Primary School,Government,Primary,146 Settlement Road,Bundoora,3083,NORTH-WESTERN VICTORIA,North Eastern Melbourne,Whittlesea (C),145.0426341,-37.6945118,13.61,Government,Primary,North Eastern Melbourne,Bundoora,,,
1770,North-Eastern Montessori School,Independent,Primary,315 Aqueduct Rd,St Helena,3088,NORTH-WESTERN VICTORIA,North Eastern Melbourne,Banyule (C),145.137091,-37.68407,19.93,Independent,Primary,North Eastern Melbourne,St Helena,,,
8180,Northcote High School,Government,Secondary,St Georges Road,Northcote,3070,NORTH-WESTERN VICTORIA,North Eastern Melbourne,Darebin (C),144.989706,-37.774156,3.65,Government,Secondary,North Eastern Melbourne,Northcote,,,
1401,Northcote Primary School,Government,Primary,33 Helen Street,Northcote,3070,NORTH-WESTERN VICTORIA,North Eastern Melbourne,Darebin (C),144.99688,-37.771758,4.26,Government,Primary,North Eastern Melbourne,Northcote,,,
7300,Northern College of the Arts and Technology,Government,Secondary,62 Murray Road,Preston,3072,NORTH-WESTERN VICTORIA,North Eastern Melbourne,Darebin (C),145.025372,-37.740069,8.57,Government,Secondary,North Eastern Melbourne,Preston,,,
5219,Northern School For Autism,Government,Special,16-18 Gertz Ave,Reservoir,3073,NORTH-WESTERN VICTORIA,North Eastern Melbourne,Darebin (C),145.0299342,-37.70058524,12.48,Government,Special,North Eastern Melbourne,Reservoir,,,
1787,Northside Christian College,Independent,Pri/Sec,31 McLeans Rd,Bundoora,3083,NORTH-WESTERN VICTORIA,North Eastern Melbourne,Whittlesea (C),145.0546707,-37.69501422,14.13,Independent,Pri/Sec,North Eastern Melbourne,Bundoora,,,
1275,Our Lady Help of Christians School,Catholic,Primary,1-13 Henry Street,Eltham,3095,NORTH-WESTERN VICTORIA,North Eastern Melbourne,Nillumbik (S),145.147912,-37.716123,18.65,Catholic,Primary,North Eastern Melbourne,Eltham,,,
914,Our Lady of Mercy College,Catholic,Secondary,52 Cape Street,Heidelberg,3084,NORTH-WESTERN VICTORIA,North Eastern Melbourne,Banyule (C),145.067586,-37.75793,10.22,Catholic,Secondary,North Eastern Melbourne,Heidelberg,,,
1627,Our Lady of the Way School,Catholic,Primary,11-13 Green Avenue,Kingsbury,3083,NORTH-WESTERN VICTORIA,North Eastern Melbourne,Darebin (C),145.035525,-37.715261,11.32,Catholic,Primary,North Eastern Melbourne,Kingsbury,,,
1134,Panton Hill Primary School,Government,Primary,585 Kangaroo Grd-St Andrews Rd,Panton Hill,3759,NORTH-WESTERN VICTORIA,North Eastern Melbourne,Nillumbik (S),145.2395564,-37.64160566,29.95,Government,Primary,North Eastern Melbourne,Panton Hill,,,
20,Parade College,Catholic,Secondary,1436 Plenty Road,Bundoora,3083,NORTH-WESTERN VICTORIA,North Eastern Melbourne,Banyule (C),145.066978,-37.690178,15.20,Catholic,Secondary,North Eastern Melbourne,Bundoora,,,
3806,Penders Grove Primary School,Government,Primary,370 Victoria Road,Thornbury,3071,NORTH-WESTERN VICTORIA,North Eastern Melbourne,Darebin (C),145.01427,-37.754517,6.71,Government,Primary,North Eastern Melbourne,Thornbury,,,
7217,Peter Lalor Secondary College,Government,Secondary,2 Robert Street,Lalor,3075,NORTH-WESTERN VICTORIA,North Eastern Melbourne,Whittlesea (C),145.0126913,-37.66678514,15.42,Government,Secondary,North Eastern Melbourne,Lalor,,,
1915,Plenty Parklands Primary School,Government,Primary,48 Blossom Park Drive,Mill Park,3082,NORTH-WESTERN VICTORIA,North Eastern Melbourne,Whittlesea (C),145.0769441,-37.6697252,17.56,Government,Primary,North Eastern Melbourne,Mill Park,,,
2244,Plenty River College,Independent,Secondary,"Unit 5, 9 Danaher Drive",South Morang,3752,NORTH-WESTERN VICTORIA,North Eastern Melbourne,Whittlesea (C),145.08148,-37.64875,19.73,Independent,Secondary,North Eastern Melbourne,South Morang,,,
1826,Plenty Valley Christian College,Independent,Pri/Sec,840 Yan Yean Road,Doreen,3754,NORTH-WESTERN VICTORIA,North Eastern Melbourne,Nillumbik (S),145.138791,-37.613463,25.81,Independent,Pri/Sec,North Eastern Melbourne,Doreen,,,
2110,Prace | Prace College | Preston Reservoir Adult Community Education,Independent,Special,35 Sturdee Street,Reservoir,3073,NORTH-WESTERN VICTORIA,North Eastern Melbourne,Darebin (C),145.009255,-37.698704,11.95,Independent,Special,North Eastern Melbourne,Reservoir,,,
8241,Preston High School,Government,Secondary,2-16 Cooma Street,Preston,3072,NORTH-WESTERN VICTORIA,North Eastern Melbourne,Darebin (C),145.006401,-37.741692,7.47,Government,Secondary,North Eastern Melbourne,Preston,,,
4764,Preston North East Primary School,Government,Primary,93 Tyler Street,East Preston,3072,NORTH-WESTERN VICTORIA,North Eastern Melbourne,Darebin (C),145.029455,-37.733052,9.40,Government,Primary,North Eastern Melbourne,East Preston,,,
1494,Preston Primary School,Government,Primary,240 Tyler Street,Preston,3072,NORTH-WESTERN VICTORIA,North Eastern Melbourne,Darebin (C),145.01031,-37.730548,8.73,Government,Primary,North Eastern Melbourne,Preston,,,
824,Preston South Primary School,Government,Primary,56B Hotham Street,Preston,3072,NORTH-WESTERN VICTORIA,North Eastern Melbourne,Darebin (C),145.007447,-37.747867,6.94,Government,Primary,North Eastern Melbourne,Preston,,,
3885,Preston West Primary School,Government,Primary,383 Murray Road,Preston,3072,NORTH-WESTERN VICTORIA,North Eastern Melbourne,Darebin (C),144.99553,-37.737366,7.50,Government,Primary,North Eastern Melbourne,Preston,,,
2955,Princes Hill Primary School,Government,Primary,280 Pigdon Street,Princes Hill,3054,NORTH-WESTERN VICTORIA,North Eastern Melbourne,Yarra (C),144.9681013,-37.78039994,2.22,Government,Primary,North Eastern Melbourne,Princes Hill,,,
8245,Princes Hill Secondary College,Government,Secondary,47 Arnold Street,Princes Hill,3054,NORTH-WESTERN VICTORIA,North Eastern Melbourne,Yarra (C),144.96503,-37.783481,1.85,Government,Secondary,North Eastern Melbourne,Princes Hill,https://www.phsc.vic.edu.au/,https://www.phsc.vic.edu.au/wp-content/uploads/2024/08/logo-type-colour.png,Required for nearest-six secondary school
2959,Research Primary School,Government,Primary,1570 Main Road,Research,3095,NORTH-WESTERN VICTORIA,North Eastern Melbourne,Nillumbik (S),145.1835697,-37.70291933,22.10,Government,Primary,North Eastern Melbourne,Research,,,
4686,Reservoir East Primary School,Government,Primary,58 Boldrewood Parade,Reservoir,3073,NORTH-WESTERN VICTORIA,North Eastern Melbourne,Darebin (C),145.021837,-37.719975,10.25,Government,Primary,North Eastern Melbourne,Reservoir,,,
8708,Reservoir High School,Government,Secondary,855 Plenty Road,Reservoir,3073,NORTH-WESTERN VICTORIA,North Eastern Melbourne,Darebin (C),145.029772,-37.722259,10.39,Government,Secondary,North Eastern Melbourne,Reservoir,,,
3960,Reservoir Primary School,Government,Primary,Duffy Street,Reservoir,3073,NORTH-WESTERN VICTORIA,North Eastern Melbourne,Darebin (C),145.00677,-37.71142,10.54,Government,Primary,North Eastern Melbourne,Reservoir,,,
5523,Reservoir Views Primary School,Government,Primary,73-91 Hickford Street,Reservoir,3073,NORTH-WESTERN VICTORIA,North Eastern Melbourne,Darebin (C),145.022725,-37.705518,11.70,Government,Primary,North Eastern Melbourne,Reservoir,,,
4711,Reservoir West Primary School,Government,Primary,5a Carrington Road,Reservoir,3073,NORTH-WESTERN VICTORIA,North Eastern Melbourne,Darebin (C),144.990229,-37.722135,8.96,Government,Primary,North Eastern Melbourne,Reservoir,,,
8271,Richmond High School,Government,Secondary,4 Griffiths Street,Richmond,3121,NORTH-WESTERN VICTORIA,North Eastern Melbourne,Yarra (C),145.002804,-37.817408,3.89,Government,Secondary,North Eastern Melbourne,Richmond,,,
5269,Richmond Primary School,Government,Primary,85 Brighton Street,Richmond,3121,NORTH-WESTERN VICTORIA,North Eastern Melbourne,Yarra (C),144.9990734,-37.82956905,4.48,Government,Primary,North Eastern Melbourne,Richmond,,,
5044,Richmond West Primary School,Government,Primary,25 Lennox Street,Richmond,3121,NORTH-WESTERN VICTORIA,North Eastern Melbourne,Yarra (C),144.995735,-37.813626,3.14,Government,Primary,North Eastern Melbourne,Richmond,,,
4753,Rosanna Golf Links Primary School,Government,Primary,Interlaken Parade,Rosanna,3084,NORTH-WESTERN VICTORIA,North Eastern Melbourne,Banyule (C),145.0741188,-37.73512039,12.06,Government,Primary,North Eastern Melbourne,Rosanna,,,
4568,Rosanna Primary School,Government,Primary,Grandview Grove,Rosanna,3084,NORTH-WESTERN VICTORIA,North Eastern Melbourne,Banyule (C),145.062899,-37.735395,11.26,Government,Primary,North Eastern Melbourne,Rosanna,,,
152,Sacred Heart School,Catholic,Primary,1 Clifton Grove,Preston,3072,NORTH-WESTERN VICTORIA,North Eastern Melbourne,Darebin (C),145.003768,-37.744807,7.06,Catholic,Primary,North Eastern Melbourne,Preston,,,
468,Sacred Heart School,Catholic,Primary,107 King William Street,Fitzroy,3065,NORTH-WESTERN VICTORIA,North Eastern Melbourne,Yarra (C),144.978524,-37.802049,1.27,Catholic,Primary,North Eastern Melbourne,Fitzroy,,,
1623,Sacred Heart School,Catholic,Primary,25 Gipson Street,Diamond Creek,3089,NORTH-WESTERN VICTORIA,North Eastern Melbourne,Nillumbik (S),145.158777,-37.67214795,22.25,Catholic,Primary,North Eastern Melbourne,Diamond Creek,,,
1386,Santa Maria College,Catholic,Secondary,50 Separation Street,Northcote,3070,NORTH-WESTERN VICTORIA,North Eastern Melbourne,Darebin (C),145.00248,-37.770356,4.71,Catholic,Secondary,North Eastern Melbourne,Northcote,,,
5013,Sherbourne Primary School,Government,Primary,17 Outlook Crescent,Briar Hill,3088,NORTH-WESTERN VICTORIA,North Eastern Melbourne,Banyule (C),145.130077,-37.708908,17.75,Government,Primary,North Eastern Melbourne,Briar Hill,,,
1905,Sophia Mundi Steiner School,Independent,Pri/Sec,1 St Heliers Street,Abbotsford,3067,NORTH-WESTERN VICTORIA,North Eastern Melbourne,Yarra (C),145.005225,-37.803664,3.62,Independent,Pri/Sec,North Eastern Melbourne,Abbotsford,,,
3146,Spensley Street Primary School,Government,Primary,193 Spensley Street,Clifton Hill,3068,NORTH-WESTERN VICTORIA,North Eastern Melbourne,Yarra (C),145.003879,-37.786794,3.78,Government,Primary,North Eastern Melbourne,Clifton Hill,,,
128,St Andrews Primary School,Government,Primary,Caledonia Street,St Andrews,3761,NORTH-WESTERN VICTORIA,North Eastern Melbourne,Nillumbik (S),145.269827,-37.602316,34.73,Government,Primary,North Eastern Melbourne,St Andrews,,,
1041,St Anthony's School,Catholic,Primary,52 Austin Street,Alphington,3078,NORTH-WESTERN VICTORIA,North Eastern Melbourne,Darebin (C),145.020362,-37.780069,5.41,Catholic,Primary,North Eastern Melbourne,Alphington,,,
1500,St Bernadette's School,Catholic,Primary,53 Stanley Street,Ivanhoe West,3079,NORTH-WESTERN VICTORIA,North Eastern Melbourne,Banyule (C),145.034125,-37.763063,7.39,Catholic,Primary,North Eastern Melbourne,Ivanhoe West,,,
1858,St Catherine's School,Catholic,Primary,2 Lascelles Drive,Lalor West,3075,NORTH-WESTERN VICTORIA,North Eastern Melbourne,Whittlesea (C),145.0032382,-37.66560256,15.34,Catholic,Primary,North Eastern Melbourne,Lalor West,,,
1752,St Clare's School,Catholic,Primary,Harbard Street,Thomastown West,3074,NORTH-WESTERN VICTORIA,North Eastern Melbourne,Whittlesea (C),144.9977174,-37.67775056,13.92,Catholic,Primary,North Eastern Melbourne,Thomastown West,,,
1656,St Damian's School,Catholic,Primary,5 Settlement Road,Bundoora,3083,NORTH-WESTERN VICTORIA,North Eastern Melbourne,Whittlesea (C),145.0572167,-37.6984942,13.94,Catholic,Primary,North Eastern Melbourne,Bundoora,,,
1343,St Francis Xavier Primary School,Catholic,Primary,90 Mayona Road,Montmorency,3094,NORTH-WESTERN VICTORIA,North Eastern Melbourne,Banyule (C),145.1265613,-37.71600768,17.06,Catholic,Primary,North Eastern Melbourne,Montmorency,,,
1809,St Francis of Assisi School,Catholic,Primary,290-312 Childs Road,Mill Park,3082,NORTH-WESTERN VICTORIA,North Eastern Melbourne,Whittlesea (C),145.0589142,-37.66499475,17.17,Catholic,Primary,North Eastern Melbourne,Mill Park,,,
1289,St Gabriel's School,Catholic,Primary,237 Spring Street,Reservoir,3073,NORTH-WESTERN VICTORIA,North Eastern Melbourne,Darebin (C),145.005121,-37.718019,9.81,Catholic,Primary,North Eastern Melbourne,Reservoir,,,
8730,St Helena Secondary College,Government,Secondary,Wallowa Road,Eltham North,3095,NORTH-WESTERN VICTORIA,North Eastern Melbourne,Banyule (C),145.1399078,-37.68686717,19.92,Government,Secondary,North Eastern Melbourne,Eltham North,,,
1733,St John XXIII Primary School,Catholic,Primary,Regal Avenue,Thomastown East,3074,NORTH-WESTERN VICTORIA,North Eastern Melbourne,Whittlesea (C),145.0392037,-37.67842204,15.05,Catholic,Primary,North Eastern Melbourne,Thomastown East,,,
1788,St John's College Preston,Independent,Pri/Sec,1 Blanch Street,Preston,3072,NORTH-WESTERN VICTORIA,North Eastern Melbourne,Darebin (C),144.999534,-37.745933,6.77,Independent,Pri/Sec,North Eastern Melbourne,Preston,,,
909,St John's School,Catholic,Primary,55 Cape Street,Heidelberg,3084,NORTH-WESTERN VICTORIA,North Eastern Melbourne,Banyule (C),145.066548,-37.757641,10.15,Catholic,Primary,North Eastern Melbourne,Heidelberg,,,
1763,St Joseph the Worker School,Catholic,Primary,79 Wilson Boulevard,Reservoir North,3073,NORTH-WESTERN VICTORIA,North Eastern Melbourne,Darebin (C),144.99292,-37.702216,11.17,Catholic,Primary,North Eastern Melbourne,Reservoir North,,,
151,St Joseph's School,Catholic,Primary,39 James Street,Northcote,3070,NORTH-WESTERN VICTORIA,North Eastern Melbourne,Darebin (C),144.996721,-37.774621,4.02,Catholic,Primary,North Eastern Melbourne,Northcote,,,
579,St Joseph's School,Catholic,Primary,46 Otter Street,Collingwood,3066,NORTH-WESTERN VICTORIA,North Eastern Melbourne,Yarra (C),144.986388,-37.800459,1.94,Catholic,Primary,North Eastern Melbourne,Collingwood,,,
2060,St Joseph's School,Catholic,Primary,44 Mernda Village Drive,Mernda,3754,NORTH-WESTERN VICTORIA,North Eastern Melbourne,Whittlesea (C),145.0905985,-37.59573779,25.30,Catholic,Primary,North Eastern Melbourne,Mernda,,,
1615,St Luke's School,Catholic,Primary,1A David Street,Lalor,3075,NORTH-WESTERN VICTORIA,North Eastern Melbourne,Whittlesea (C),145.0188321,-37.67237431,14.99,Catholic,Primary,North Eastern Melbourne,Lalor,,,
1582,St Martin of Tours School,Catholic,Primary,2-12 Silk Street,Rosanna,3084,NORTH-WESTERN VICTORIA,North Eastern Melbourne,Banyule (C),145.076979,-37.735182,12.26,Catholic,Primary,North Eastern Melbourne,Rosanna,,,
2087,St Mary of the Cross MacKillop Catholic Parish Primary School,Catholic,Primary,47 Farmhouse Boulevard,Epping North,3076,NORTH-WESTERN VICTORIA,North Eastern Melbourne,Whittlesea (C),145.0126014,-37.62600008,19.82,Catholic,Primary,North Eastern Melbourne,Epping North,,,
1108,St Mary's School,Catholic,Primary,2 Mansfield Street,Thornbury,3071,NORTH-WESTERN VICTORIA,North Eastern Melbourne,Darebin (C),145.001658,-37.75684,5.82,Catholic,Primary,North Eastern Melbourne,Thornbury,,,
1539,St Mary's School,Catholic,Primary,210 Grimshaw Street,Greensborough,3088,NORTH-WESTERN VICTORIA,North Eastern Melbourne,Banyule (C),145.092633,-37.702851,15.63,Catholic,Primary,North Eastern Melbourne,Greensborough,,,
1860,St Mary's School,Catholic,Primary,2-20 Fir Street,Whittlesea,3757,NORTH-WESTERN VICTORIA,North Eastern Melbourne,Whittlesea (C),145.1145373,-37.50906237,34.96,Catholic,Primary,North Eastern Melbourne,Whittlesea,,,
1657,St Monica's College,Catholic,Secondary,16 Davisson Street,Epping,3076,NORTH-WESTERN VICTORIA,North Eastern Melbourne,Whittlesea (C),145.031414,-37.655184,17.16,Catholic,Secondary,North Eastern Melbourne,Epping,,,
2096,St Paul the Apostle Catholic Primary School,Catholic,Primary,80 Bassetts Road,Doreen,3754,NORTH-WESTERN VICTORIA,North Eastern Melbourne,Whittlesea (C),145.1152172,-37.59693094,26.20,Catholic,Primary,North Eastern Melbourne,Doreen,,,
1383,St Peter's School,Catholic,Primary,32 Wedge Street,Epping,3076,NORTH-WESTERN VICTORIA,North Eastern Melbourne,Whittlesea (C),145.027548,-37.650542,17.54,Catholic,Primary,North Eastern Melbourne,Epping,,,
1526,St Pius X School,Catholic,Primary,431 Waterdale Road,Heidelberg West,3081,NORTH-WESTERN VICTORIA,North Eastern Melbourne,Banyule (C),145.04629,-37.746924,9.32,Catholic,Primary,North Eastern Melbourne,Heidelberg West,,,
1412,St Raphael's School,Catholic,Primary,Cooper Street,Preston West,3072,NORTH-WESTERN VICTORIA,North Eastern Melbourne,Darebin (C),144.992623,-37.734098,7.75,Catholic,Primary,North Eastern Melbourne,Preston West,,,
1781,St Thomas the Apostle School,Catholic,Primary,251 Diamond Creek Road,Greensborough North,3088,NORTH-WESTERN VICTORIA,North Eastern Melbourne,Nillumbik (S),145.1191059,-37.68218852,18.90,Catholic,Primary,North Eastern Melbourne,Greensborough North,,,
3947,Strathewen Primary School,Government,Primary,5 School Ridge Road,Strathewen,3099,NORTH-WESTERN VICTORIA,North Eastern Melbourne,Nillumbik (S),145.270094,-37.547579,38.89,Government,Primary,North Eastern Melbourne,Strathewen,,,
5438,Streeton Primary School,Government,Primary,209 Yallambie Road,Yallambie,3085,NORTH-WESTERN VICTORIA,North Eastern Melbourne,Banyule (C),145.102224,-37.721556,14.94,Government,Primary,North Eastern Melbourne,Yallambie,,,
8846,The Lakes South Morang College,Government,Pri/Sec,80 Jardier Terrace,South Morang,3752,NORTH-WESTERN VICTORIA,North Eastern Melbourne,Whittlesea (C),145.075679,-37.634935,20.82,Government,Pri/Sec,North Eastern Melbourne,South Morang,,,
4827,Thomastown East Primary School,Government,Primary,82 Cedar Street,Thomastown,3074,NORTH-WESTERN VICTORIA,North Eastern Melbourne,Whittlesea (C),145.024899,-37.680325,14.34,Government,Primary,North Eastern Melbourne,Thomastown,,,
5134,Thomastown Meadows Primary School,Government,Primary,13-21 Diplomat Drive,Thomastown,3074,NORTH-WESTERN VICTORIA,North Eastern Melbourne,Whittlesea (C),144.993096,-37.682589,13.31,Government,Primary,North Eastern Melbourne,Thomastown,,,
631,Thomastown Primary School,Government,Primary,10 Spring Street,Thomastown,3074,NORTH-WESTERN VICTORIA,North Eastern Melbourne,Whittlesea (C),145.011495,-37.682271,13.74,Government,Primary,North Eastern Melbourne,Thomastown,,,
8383,Thomastown Secondary College,Government,Secondary,80-96 Main Street,Thomastown,3074,NORTH-WESTERN VICTORIA,North Eastern Melbourne,Whittlesea (C),145.0019385,-37.67871605,13.90,Government,Secondary,North Eastern Melbourne,Thomastown,,,
4999,Thomastown West Primary School,Government,Primary,98-112 Main Street,Thomastown,3074,NORTH-WESTERN VICTORIA,North Eastern Melbourne,Whittlesea (C),145.0007873,-37.67870395,13.87,Government,Primary,North Eastern Melbourne,Thomastown,,,
8797,Thornbury High School,Government,Secondary,238 Collins Street,Thornbury,3071,NORTH-WESTERN VICTORIA,North Eastern Melbourne,Darebin (C),145.0252135,-37.75649469,7.22,Government,Secondary,North Eastern Melbourne,Thornbury,,,
3889,Thornbury Primary School,Government,Primary,16-22 Hutton Street,Thornbury,3071,NORTH-WESTERN VICTORIA,North Eastern Melbourne,Darebin (C),144.996748,-37.755425,5.73,Government,Primary,North Eastern Melbourne,Thornbury,,,
2036,Trinity Catholic School,Catholic,Primary,57 Davison Street,Richmond,3121,NORTH-WESTERN VICTORIA,North Eastern Melbourne,Yarra (C),145.0082429,-37.81585217,4.24,Catholic,Primary,North Eastern Melbourne,Richmond,,,
8812,Viewbank College,Government,Secondary,1 Warren Road,Viewbank,3084,NORTH-WESTERN VICTORIA,North Eastern Melbourne,Banyule (C),145.08659,-37.741196,12.59,Government,Secondary,North Eastern Melbourne,Viewbank,,,
4892,Viewbank Primary School,Government,Primary,2-10 Nevin Parade,Viewbank,3084,NORTH-WESTERN VICTORIA,North Eastern Melbourne,Banyule (C),145.08999,-37.73473,13.22,Government,Primary,North Eastern Melbourne,Viewbank,,,
6261,Virtual School Victoria,Government,Pri/Sec,315 Clarendon Street,Thornbury,3071,NORTH-WESTERN VICTORIA,North Eastern Melbourne,Darebin (C),145.025701,-37.76204,6.86,Government,Pri/Sec,North Eastern Melbourne,Thornbury,,,
3139,Wales Street Primary School,Government,Primary,49 Wales Street,Thornbury,3071,NORTH-WESTERN VICTORIA,North Eastern Melbourne,Darebin (C),145.008833,-37.76151,5.81,Government,Primary,North Eastern Melbourne,Thornbury,,,
5144,Waratah Special Developmental School,Government,Special,228 Banksia Street,Bellfield,3081,NORTH-WESTERN VICTORIA,North Eastern Melbourne,Banyule (C),145.040741,-37.756289,8.30,Government,Special,North Eastern Melbourne,Bellfield,,,
4935,Watsonia Heights Primary School,Government,Primary,61 Henry Street,Greensborough,3088,NORTH-WESTERN VICTORIA,North Eastern Melbourne,Banyule (C),145.100728,-37.715299,15.26,Government,Primary,North Eastern Melbourne,Greensborough,,,
4988,Watsonia North Primary School,Government,Primary,16 Sharpes Road,Watsonia North,3087,NORTH-WESTERN VICTORIA,North Eastern Melbourne,Banyule (C),145.080509,-37.700395,15.08,Government,Primary,North Eastern Melbourne,Watsonia North,,,
4838,Watsonia Primary School,Government,Primary,Nell Street West,Watsonia,3087,NORTH-WESTERN VICTORIA,North Eastern Melbourne,Banyule (C),145.086916,-37.707027,14.94,Government,Primary,North Eastern Melbourne,Watsonia,,,
4060,Wattle Glen Primary School,Government,Primary,16-24 Reynolds Road,Wattle Glen,3096,NORTH-WESTERN VICTORIA,North Eastern Melbourne,Nillumbik (S),145.182037,-37.66884,24.08,Government,Primary,North Eastern Melbourne,Wattle Glen,,,
4177,Westgarth Primary School,Government,Primary,45 Brooke St & 311 Clarke St,Northcote,3070,NORTH-WESTERN VICTORIA,North Eastern Melbourne,Darebin (C),145.005561,-37.776471,4.48,Government,Primary,North Eastern Melbourne,Northcote,,,
2090,Whittlesea Primary School,Government,Primary,2425-2435 Plenty Road,Whittlesea,3757,NORTH-WESTERN VICTORIA,North Eastern Melbourne,Whittlesea (C),145.1140469,-37.51426809,34.41,Government,Primary,North Eastern Melbourne,Whittlesea,,,
7408,Whittlesea Secondary College,Government,Secondary,55 Laurel Street,Whittlesea,3757,NORTH-WESTERN VICTORIA,North Eastern Melbourne,Whittlesea (C),145.1201751,-37.5150463,34.54,Government,Secondary,North Eastern Melbourne,Whittlesea,,,
5544,William Ruthven Primary School,Government,Primary,60 Merrilands Road,Reservoir,3073,NORTH-WESTERN VICTORIA,North Eastern Melbourne,Darebin (C),145.0027816,-37.69666885,11.99,Government,Primary,North Eastern Melbourne,Reservoir,,,
8895,William Ruthven Secondary College,Government,Secondary,60 Merrilands Road,Reservoir,3073,NORTH-WESTERN VICTORIA,North Eastern Melbourne,Darebin (C),145.002774,-37.696666,11.99,Government,Secondary,North Eastern Melbourne,Reservoir,,,
5582,Wirrigirri Primary School,Government,Primary,110 Saltlake Boulevard,Wollert,3750,NORTH-WESTERN VICTORIA,North Eastern Melbourne,Whittlesea (C),145.036982,-37.61709,21.33,Government,Primary,North Eastern Melbourne,Wollert,,,
5589,Wollert Primary School,Government,Primary,131 De Rossi Boulevard,Wollert,3750,NORTH-WESTERN VICTORIA,North Eastern Melbourne,Whittlesea (C),145.027108,-37.611332,21.71,Government,Primary,North Eastern Melbourne,Wollert,,,
8896,Wollert Secondary College,Government,Secondary,222 Highpark Drive,Wollert,3750,NORTH-WESTERN VICTORIA,North Eastern Melbourne,Whittlesea (C),145.025238,-37.609617,21.85,Government,Secondary,North Eastern Melbourne,Wollert,,,
2256,Y Community School,Independent,Secondary,41 – 53 Miller Street,Epping,3076,NORTH-WESTERN VICTORIA,North Eastern Melbourne,Whittlesea (C),145.01957,-37.64856,17.54,Independent,Secondary,North Eastern Melbourne,Epping,,,
5271,Yarra Primary School,Government,Primary,68-76 Davison Street,Richmond,3121,NORTH-WESTERN VICTORIA,North Eastern Melbourne,Yarra (C),145.007482,-37.814639,4.12,Government,Primary,North Eastern Melbourne,Richmond,,,
2054,Yarrambat Primary School,Government,Primary,552 Yan Yean Road,Yarrambat,3091,NORTH-WESTERN VICTORIA,North Eastern Melbourne,Nillumbik (S),145.133097,-37.641245,23.07,Government,Primary,North Eastern Melbourne,Yarrambat,,,
4879,Ainslie Parklands Primary School,Government,Primary,24 - 36 Hinkley Ave,Croydon,3136,NORTH-EASTERN VICTORIA,Outer Eastern Melbourne,Maroondah (C),145.264244,-37.793786,26.36,Government,Primary,Outer Eastern Melbourne,Croydon,,,
1608,Aquinas College,Catholic,Secondary,46 Great Ryrie Street,Ringwood,3134,NORTH-EASTERN VICTORIA,Outer Eastern Melbourne,Maroondah (C),145.234935,-37.823058,23.91,Catholic,Secondary,Outer Eastern Melbourne,Ringwood,,,
3309,Badger Creek Primary School,Government,Primary,139 Badger Creek Rd,Healesville,3777,NORTH-EASTERN VICTORIA,Outer Eastern Melbourne,Yarra Ranges (S),145.533243,-37.681338,51.74,Government,Primary,Outer Eastern Melbourne,Healesville,,,
4143,Bayswater North Primary School,Government,Primary,Stuart Street,Bayswater North,3153,NORTH-EASTERN VICTORIA,Outer Eastern Melbourne,Maroondah (C),145.295621,-37.8288,29.28,Government,Primary,Outer Eastern Melbourne,Bayswater North,,,
2163,Bayswater Primary School,Government,Primary,2 Birch Street,Bayswater,3153,NORTH-EASTERN VICTORIA,Outer Eastern Melbourne,Knox (C),145.259358,-37.843305,26.36,Government,Primary,Outer Eastern Melbourne,Bayswater,,,
7560,Bayswater Secondary College,Government,Secondary,14 Orchard Road,Bayswater,3153,NORTH-EASTERN VICTORIA,Outer Eastern Melbourne,Knox (C),145.261998,-37.83903,26.51,Government,Secondary,Outer Eastern Melbourne,Bayswater,,,
4973,Bayswater South Primary School,Government,Primary,Enfield Drive,Bayswater,3153,NORTH-EASTERN VICTORIA,Outer Eastern Melbourne,Knox (C),145.261347,-37.854897,26.79,Government,Primary,Outer Eastern Melbourne,Bayswater,,,
5039,Bayswater West Primary School,Government,Primary,Phyllis Street,Bayswater,3153,NORTH-EASTERN VICTORIA,Outer Eastern Melbourne,Knox (C),145.253048,-37.849069,25.94,Government,Primary,Outer Eastern Melbourne,Bayswater,,,
1864,Belgrave Heights Christian School,Independent,Pri/Sec,20 Wattle Valley Road,Belgrave Heights,3160,NORTH-EASTERN VICTORIA,Outer Eastern Melbourne,Yarra Ranges (S),145.3462292,-37.91890282,36.04,Independent,Pri/Sec,Outer Eastern Melbourne,Belgrave Heights,,,
3551,Belgrave South Primary School,Government,Primary,175 Colby Drive,Belgrave South,3160,NORTH-EASTERN VICTORIA,Outer Eastern Melbourne,Yarra Ranges (S),145.3579203,-37.93119813,37.50,Government,Primary,Outer Eastern Melbourne,Belgrave South,,,
1816,Billanook College,Independent,Pri/Sec,197-199 Cardigan Road,Mooroolbark,3138,NORTH-EASTERN VICTORIA,Outer Eastern Melbourne,Yarra Ranges (S),145.3388701,-37.78785168,32.94,Independent,Pri/Sec,Outer Eastern Melbourne,Mooroolbark,,,
5193,Billanook Primary School,Government,Primary,270 Sheffield Road,Montrose,3765,NORTH-EASTERN VICTORIA,Outer Eastern Melbourne,Yarra Ranges (S),145.3392536,-37.82495466,33.05,Government,Primary,Outer Eastern Melbourne,Montrose,,,
5011,Bimbadeen Heights Primary School,Government,Primary,118 Hayrick Lane,Mooroolbark,3138,NORTH-EASTERN VICTORIA,Outer Eastern Melbourne,Yarra Ranges (S),145.3211445,-37.77376388,31.49,Government,Primary,Outer Eastern Melbourne,Mooroolbark,,,
5048,Birmingham Primary School,Government,Primary,43-49 Francis Crescent,Mount Evelyn,3796,NORTH-EASTERN VICTORIA,Outer Eastern Melbourne,Yarra Ranges (S),145.3685172,-37.77958096,35.59,Government,Primary,Outer Eastern Melbourne,Mount Evelyn,,,
4967,Boronia Heights Primary School,Government,Primary,72 Landscape Drive,Boronia,3155,NORTH-EASTERN VICTORIA,Outer Eastern Melbourne,Knox (C),145.296485,-37.844571,29.59,Government,Primary,Outer Eastern Melbourne,Boronia,,,
8913,Boronia K-12 College,Government,Pri/Sec,35-37 Albert Avenue,Boronia,3155,NORTH-EASTERN VICTORIA,Outer Eastern Melbourne,Knox (C),145.293268,-37.8583,29.61,Government,Pri/Sec,Outer Eastern Melbourne,Boronia,,,
5426,Carrington Primary School,Government,Primary,Laura Road,Knoxfield,3180,NORTH-EASTERN VICTORIA,Outer Eastern Melbourne,Knox (C),145.246491,-37.891476,26.78,Government,Primary,Outer Eastern Melbourne,Knoxfield,,,
5194,Chirnside Park Primary School,Government,Primary,66 Kimberley Drive,Chirnside Park,3116,NORTH-EASTERN VICTORIA,Outer Eastern Melbourne,Yarra Ranges (S),145.311342,-37.750071,31.00,Government,Primary,Outer Eastern Melbourne,Chirnside Park,,,
3279,Chum Creek Primary School,Government,Primary,705 Chum Creek Road,Chum Creek,3777,NORTH-EASTERN VICTORIA,Outer Eastern Melbourne,Yarra Ranges (S),145.4892499,-37.60595782,50.98,Government,Primary,Outer Eastern Melbourne,Chum Creek,,,
2091,Cire Community School | Cire Training,Independent,Special,"Level 1, 7-9 John St",Lilydale,3140,NORTH-EASTERN VICTORIA,Outer Eastern Melbourne,Yarra Ranges (S),145.34398,-37.75716,33.71,Independent,Special,Outer Eastern Melbourne,Lilydale,,,
3535,Cockatoo Primary School,Government,Primary,19-33 Belgrave-Gembrook Road,Cockatoo,3781,NORTH-EASTERN VICTORIA,Outer Eastern Melbourne,Cardinia (S),145.496384,-37.939374,49.21,Government,Primary,Outer Eastern Melbourne,Cockatoo,,,
5127,Coldstream Primary School,Government,Primary,Kelso Street,Coldstream,3770,NORTH-EASTERN VICTORIA,Outer Eastern Melbourne,Yarra Ranges (S),145.3827071,-37.73255846,37.54,Government,Primary,Outer Eastern Melbourne,Coldstream,,,
7757,Croydon Community School,Government,Secondary,61-77 Croydon Road,Croydon,3136,NORTH-EASTERN VICTORIA,Outer Eastern Melbourne,Maroondah (C),145.281261,-37.78935,27.88,Government,Secondary,Outer Eastern Melbourne,Croydon,,,
5255,Croydon Hills Primary School,Government,Primary,47-75 Campaspe Drive,Croydon Hills,3136,NORTH-EASTERN VICTORIA,Outer Eastern Melbourne,Maroondah (C),145.272045,-37.776679,27.17,Government,Primary,Outer Eastern Melbourne,Croydon Hills,,,
2900,Croydon Primary School,Government,Primary,1-29 Croydon Road,Croydon,3136,NORTH-EASTERN VICTORIA,Outer Eastern Melbourne,Maroondah (C),145.281321,-37.793171,27.87,Government,Primary,Outer Eastern Melbourne,Croydon,,,
5210,Croydon Special Developmental School,Government,Special,71-95 Belmont Road East,Croydon South,3136,NORTH-EASTERN VICTORIA,Outer Eastern Melbourne,Maroondah (C),145.280781,-37.815627,27.86,Government,Special,Outer Eastern Melbourne,Croydon South,,,
4908,Dillbadin Primary School,Government,Primary,25 Tormore Road,Boronia,3155,NORTH-EASTERN VICTORIA,Outer Eastern Melbourne,Knox (C),145.278481,-37.858563,28.35,Government,Primary,Outer Eastern Melbourne,Boronia,,,
3956,Don Valley Primary School,Government,Primary,Old Dalry Road,Don Valley,3139,NORTH-EASTERN VICTORIA,Outer Eastern Melbourne,Yarra Ranges (S),145.5874128,-37.76019989,54.94,Government,Primary,Outer Eastern Melbourne,Don Valley,,,
5132,Dorset Primary School,Government,Primary,1-11 Rescorla Avenue,Croydon,3136,NORTH-EASTERN VICTORIA,Outer Eastern Melbourne,Maroondah (C),145.285748,-37.810084,28.26,Government,Primary,Outer Eastern Melbourne,Croydon,,,
5309,Eastern Ranges School,Government,Special,56 Dorset Road,Ferntree Gully,3156,NORTH-EASTERN VICTORIA,Outer Eastern Melbourne,Knox (C),145.2849193,-37.88042006,29.54,Government,Special,Outer Eastern Melbourne,Ferntree Gully,,,
4702,Eastwood Primary School,Government,Primary,49a Alexandra Road,Ringwood East,3135,NORTH-EASTERN VICTORIA,Outer Eastern Melbourne,Maroondah (C),145.252949,-37.817239,25.43,Government,Primary,Outer Eastern Melbourne,Ringwood East,,,
2104,Edinburgh College,Independent,Pri/Sec,33-61 Edinburgh Road,Lilydale,3140,NORTH-EASTERN VICTORIA,Outer Eastern Melbourne,Yarra Ranges (S),145.351985,-37.78489,34.11,Independent,Pri/Sec,Outer Eastern Melbourne,Lilydale,,,
3381,Emerald Primary School,Government,Primary,10 Heroes Avenue,Emerald,3782,NORTH-EASTERN VICTORIA,Outer Eastern Melbourne,Cardinia (S),145.4424276,-37.93338297,44.51,Government,Primary,Outer Eastern Melbourne,Emerald,,,
8707,Emerald Secondary College,Government,Secondary,425 Belgrave-gembrook Rd,Emerald,3782,NORTH-EASTERN VICTORIA,Outer Eastern Melbourne,Cardinia (S),145.4587437,-37.92427055,45.55,Government,Secondary,Outer Eastern Melbourne,Emerald,,,
7823,Fairhills High School,Government,Secondary,330 Scoresby Road,Knoxfield,3180,NORTH-EASTERN VICTORIA,Outer Eastern Melbourne,Knox (C),145.259037,-37.87321,27.13,Government,Secondary,Outer Eastern Melbourne,Knoxfield,,,
4906,Fairhills Primary School,Government,Primary,Manuka Drive,Ferntree Gully,3156,NORTH-EASTERN VICTORIA,Outer Eastern Melbourne,Knox (C),145.264799,-37.8696,27.50,Government,Primary,Outer Eastern Melbourne,Ferntree Gully,,,
2223,Fernbrook School,Independent,Pri/Sec,16 Clevedon Road,The Basin,3154,SOUTH-EASTERN VICTORIA,Outer Eastern Melbourne,Cardinia (S),145.321478,-37.860068,32.07,Independent,Pri/Sec,Outer Eastern Melbourne,The Basin,,,
4718,Ferntree Gully North Primary School,Government,Primary,111 Forest Road,Ferntree Gully,3156,NORTH-EASTERN VICTORIA,Outer Eastern Melbourne,Knox (C),145.299422,-37.874787,30.58,Government,Primary,Outer Eastern Melbourne,Ferntree Gully,,,
3228,Ferny Creek Primary School,Government,Primary,School Road,Ferny Creek,3786,NORTH-EASTERN VICTORIA,Outer Eastern Melbourne,Yarra Ranges (S),145.3347256,-37.8842124,33.85,Government,Primary,Outer Eastern Melbourne,Ferny Creek,,,
2506,Gembrook Primary School,Government,Primary,50 Main Street,Gembrook,3783,NORTH-EASTERN VICTORIA,Outer Eastern Melbourne,Cardinia (S),145.545319,-37.951638,53.71,Government,Primary,Outer Eastern Melbourne,Gembrook,,,
1856,Ghilgai School,Independent,Primary,295 Liverpool Road,Kilsyth,3137,NORTH-EASTERN VICTORIA,Outer Eastern Melbourne,Yarra Ranges (S),145.3189311,-37.82913713,31.32,Independent,Primary,Outer Eastern Melbourne,Kilsyth,,,
5066,Gladesville Primary School,Government,Primary,48 Gladesville Drive,Kilsyth,3137,NORTH-EASTERN VICTORIA,Outer Eastern Melbourne,Yarra Ranges (S),145.3229128,-37.811101,31.53,Government,Primary,Outer Eastern Melbourne,Kilsyth,,,
3982,Gladysdale Primary School,Government,Primary,550 Little Yarra Road,Gladysdale,3797,NORTH-EASTERN VICTORIA,Outer Eastern Melbourne,Yarra Ranges (S),145.6509863,-37.82025309,60.37,Government,Primary,Outer Eastern Melbourne,Gladysdale,,,
1789,Good Shepherd Lutheran Primary School,Independent,Primary,53-57 Plymouth Rd,Croydon Hills,3136,NORTH-EASTERN VICTORIA,Outer Eastern Melbourne,Maroondah (C),145.268615,-37.782683,26.81,Independent,Primary,Outer Eastern Melbourne,Croydon Hills,,,
5478,Great Ryrie Primary School,Government,Primary,51A Great Ryrie Street,Heathmont,3135,NORTH-EASTERN VICTORIA,Outer Eastern Melbourne,Maroondah (C),145.237626,-37.823797,24.16,Government,Primary,Outer Eastern Melbourne,Heathmont,,,
7900,Healesville High School,Government,Secondary,10 Camerons Road,Healesville,3777,NORTH-EASTERN VICTORIA,Outer Eastern Melbourne,Yarra Ranges (S),145.530807,-37.643586,52.78,Government,Secondary,Outer Eastern Melbourne,Healesville,,,
849,Healesville Primary School,Government,Primary,2 View Street,Healesville,3777,NORTH-EASTERN VICTORIA,Outer Eastern Melbourne,Yarra Ranges (S),145.5160425,-37.65713287,51.06,Government,Primary,Outer Eastern Melbourne,Healesville,,,
5345,Heany Park Primary School,Government,Primary,Buckingham Drive,Rowville,3178,NORTH-EASTERN VICTORIA,Outer Eastern Melbourne,Knox (C),145.24288,-37.933923,28.63,Government,Primary,Outer Eastern Melbourne,Rowville,,,
8816,Heathmont College,Government,Secondary,Waters Grove,Heathmont,3135,NORTH-EASTERN VICTORIA,Outer Eastern Melbourne,Maroondah (C),145.2321036,-37.83842619,23.91,Government,Secondary,Outer Eastern Melbourne,Heathmont,,,
4819,Heathmont East Primary School,Government,Primary,Louis Street,Heathmont,3135,NORTH-EASTERN VICTORIA,Outer Eastern Melbourne,Maroondah (C),145.257688,-37.830346,25.99,Government,Primary,Outer Eastern Melbourne,Heathmont,,,
2071,Heritage College Knox,Independent,Pri/Sec,977-985 Burwood Highway,Ferntree Gully,3156,NORTH-EASTERN VICTORIA,Outer Eastern Melbourne,Knox (C),145.286487,-37.887291,29.91,Independent,Pri/Sec,Outer Eastern Melbourne,Ferntree Gully,,,
2541,Hoddles Creek Primary School,Government,Primary,700 Gembrook-Launching Place Road,Hoddles Creek,3139,NORTH-EASTERN VICTORIA,Outer Eastern Melbourne,Yarra Ranges (S),145.5977536,-37.83173912,55.76,Government,Primary,Outer Eastern Melbourne,Hoddles Creek,,,
1747,Holy Spirit School,Catholic,Primary,120 Oban Road,Ringwood North,3134,NORTH-EASTERN VICTORIA,Outer Eastern Melbourne,Maroondah (C),145.236917,-37.793231,23.97,Catholic,Primary,Outer Eastern Melbourne,Ringwood North,,,
1893,Holy Trinity School,Catholic,Primary,10 Riddell Road,Wantirna South,3152,NORTH-EASTERN VICTORIA,Outer Eastern Melbourne,Knox (C),145.242912,-37.877468,25.93,Catholic,Primary,Outer Eastern Melbourne,Wantirna South,,,
5121,Kalinda Primary School,Government,Primary,39-49 Kalinda Road,Ringwood,3134,NORTH-EASTERN VICTORIA,Outer Eastern Melbourne,Maroondah (C),145.254827,-37.7893,25.56,Government,Primary,Outer Eastern Melbourne,Ringwood,,,
3993,Kallista Primary School,Government,Primary,72 Monbulk Road,Kallista,3791,NORTH-EASTERN VICTORIA,Outer Eastern Melbourne,Yarra Ranges (S),145.370004,-37.885086,36.86,Government,Primary,Outer Eastern Melbourne,Kallista,,,
5295,Karoo Primary School,Government,Primary,160 Karoo Road,Rowville,3178,NORTH-EASTERN VICTORIA,Outer Eastern Melbourne,Knox (C),145.263279,-37.905324,28.74,Government,Primary,Outer Eastern Melbourne,Rowville,,,
5082,Kent Park Primary School,Government,Primary,17 Greenaway Drive,Ferntree Gully,3156,NORTH-EASTERN VICTORIA,Outer Eastern Melbourne,Knox (C),145.262733,-37.883491,27.80,Government,Primary,Outer Eastern Melbourne,Ferntree Gully,,,
3645,Kilsyth Primary School,Government,Primary,555 Mt Dandenong Road,Kilsyth,3137,NORTH-EASTERN VICTORIA,Outer Eastern Melbourne,Yarra Ranges (S),145.3149427,-37.80210649,30.81,Government,Primary,Outer Eastern Melbourne,Kilsyth,,,
5429,Knox Central Primary School,Government,Primary,39 Darwin Road,Boronia,3155,NORTH-EASTERN VICTORIA,Outer Eastern Melbourne,Knox (C),145.254975,-37.86116,26.42,Government,Primary,Outer Eastern Melbourne,Boronia,,,
5234,Knox Gardens Primary School,Government,Primary,80 Argyle Way,Wantirna South,3152,NORTH-EASTERN VICTORIA,Outer Eastern Melbourne,Knox (C),145.229582,-37.882282,25.02,Government,Primary,Outer Eastern Melbourne,Wantirna South,,,
4990,Knox Park Primary School,Government,Primary,117 Kathryn Road,Knoxfield,3180,NORTH-EASTERN VICTORIA,Outer Eastern Melbourne,Knox (C),145.251402,-37.883627,26.87,Government,Primary,Outer Eastern Melbourne,Knoxfield,,,
2599,Launching Place Primary School,Government,Primary,Carter Street,Launching Place,3139,NORTH-EASTERN VICTORIA,Outer Eastern Melbourne,Yarra Ranges (S),145.5707669,-37.78250174,53.33,Government,Primary,Outer Eastern Melbourne,Launching Place,,,
7219,Lilydale Heights College,Government,Secondary,17-19 Nelson Road,Lilydale,3140,NORTH-EASTERN VICTORIA,Outer Eastern Melbourne,Yarra Ranges (S),145.3414068,-37.7458221,33.69,Government,Secondary,Outer Eastern Melbourne,Lilydale,,,
7995,Lilydale High School,Government,Secondary,25 Melba Avenue,Lilydale,3140,NORTH-EASTERN VICTORIA,Outer Eastern Melbourne,Yarra Ranges (S),145.343917,-37.760697,33.65,Government,Secondary,Outer Eastern Melbourne,Lilydale,,,
876,Lilydale Primary School,Government,Primary,63 - 65 Castella Street,Lilydale,3140,NORTH-EASTERN VICTORIA,Outer Eastern Melbourne,Yarra Ranges (S),145.3540681,-37.75367357,34.64,Government,Primary,Outer Eastern Melbourne,Lilydale,,,
1914,Little Yarra Steiner School,Independent,Pri/Sec,205 Little Yarra Road,Yarra Junction,3797,NORTH-EASTERN VICTORIA,Outer Eastern Melbourne,Yarra Ranges (S),145.631163,-37.79444291,58.60,Independent,Pri/Sec,Outer Eastern Melbourne,Yarra Junction,,,
1633,Luther College,Independent,Secondary,Plymouth Rd,Croydon Hills,3136,NORTH-EASTERN VICTORIA,Outer Eastern Melbourne,Maroondah (C),145.272909,-37.782963,27.18,Independent,Secondary,Outer Eastern Melbourne,Croydon Hills,,,
2234,Lyrebird College,Independent,Special,5/12 Kelso Street,Coldstream,3770,NORTH-EASTERN VICTORIA,Outer Eastern Melbourne,Yarra Ranges (S),145.382269,-37.733037,37.49,Independent,Special,Outer Eastern Melbourne,Coldstream,,,
1866,Lysterfield Primary School,Government,Primary,68 - 78 Bellfield Drive,Lysterfield,3156,NORTH-EASTERN VICTORIA,Outer Eastern Melbourne,Knox (C),145.276229,-37.911598,30.06,Government,Primary,Outer Eastern Melbourne,Lysterfield,,,
3620,Macclesfield Primary School,Government,Primary,405 Macclesfield Road,Macclesfield,3782,NORTH-EASTERN VICTORIA,Outer Eastern Melbourne,Yarra Ranges (S),145.4753695,-37.88979216,45.97,Government,Primary,Outer Eastern Melbourne,Macclesfield,,,
5009,Manchester Primary School,Government,Primary,Monomeith Street,Mooroolbark,3138,NORTH-EASTERN VICTORIA,Outer Eastern Melbourne,Yarra Ranges (S),145.309555,-37.772127,30.50,Government,Primary,Outer Eastern Melbourne,Mooroolbark,,,
5045,Marlborough Primary School,Government,Primary,Hardy Crescent,Heathmont,3135,NORTH-EASTERN VICTORIA,Outer Eastern Melbourne,Maroondah (C),145.232942,-37.836412,23.94,Government,Primary,Outer Eastern Melbourne,Heathmont,,,
1644,Mater Christi College,Catholic,Secondary,28 Bayview Road,Belgrave,3160,NORTH-EASTERN VICTORIA,Outer Eastern Melbourne,Yarra Ranges (S),145.3588871,-37.9106377,36.76,Catholic,Secondary,Outer Eastern Melbourne,Belgrave,,,
8912,Melba Secondary College,Government,Secondary,20 Brentnall Road,Croydon,3136,NORTH-EASTERN VICTORIA,Outer Eastern Melbourne,Maroondah (C),145.262016,-37.795523,26.16,Government,Secondary,Outer Eastern Melbourne,Croydon,,,
1706,Melbourne Rudolf Steiner School,Independent,Pri/Sec,213 Wonga Road,Warranwood,3134,NORTH-EASTERN VICTORIA,Outer Eastern Melbourne,Maroondah (C),145.248811,-37.777221,25.13,Independent,Pri/Sec,Outer Eastern Melbourne,Warranwood,,,
2457,Menzies Creek Primary School,Government,Primary,12 School Road,Menzies Creek,3159,NORTH-EASTERN VICTORIA,Outer Eastern Melbourne,Yarra Ranges (S),145.394271,-37.917349,39.94,Government,Primary,Outer Eastern Melbourne,Menzies Creek,,,
5441,Millwarra Primary School,Government,Primary,Cavanagh Road,Millgrove,3799,NORTH-EASTERN VICTORIA,Outer Eastern Melbourne,Yarra Ranges (S),145.6518558,-37.75278559,60.66,Government,Primary,Outer Eastern Melbourne,Millgrove,,,
8065,Monbulk College,Government,Secondary,146-148 David Hill Road,Monbulk,3793,NORTH-EASTERN VICTORIA,Outer Eastern Melbourne,Yarra Ranges (S),145.4278068,-37.88317535,41.74,Government,Secondary,Outer Eastern Melbourne,Monbulk,,,
3265,Monbulk Primary School,Government,Primary,1 Main Road,Monbulk,3793,NORTH-EASTERN VICTORIA,Outer Eastern Melbourne,Yarra Ranges (S),145.4102612,-37.87685153,40.08,Government,Primary,Outer Eastern Melbourne,Monbulk,,,
2259,Montrose Primary School,Government,Primary,17-21 Leith Road,Montrose,3765,NORTH-EASTERN VICTORIA,Outer Eastern Melbourne,Yarra Ranges (S),145.343691,-37.808098,33.34,Government,Primary,Outer Eastern Melbourne,Montrose,,,
8071,Mooroolbark College,Government,Secondary,186 Manchester Road,Mooroolbark,3138,NORTH-EASTERN VICTORIA,Outer Eastern Melbourne,Yarra Ranges (S),145.3142304,-37.77508326,30.88,Government,Secondary,Outer Eastern Melbourne,Mooroolbark,,,
5059,Mooroolbark East Primary School,Government,Primary,106-112 Taylor Road,Mooroolbark,3138,NORTH-EASTERN VICTORIA,Outer Eastern Melbourne,Yarra Ranges (S),145.335705,-37.78680042,32.67,Government,Primary,Outer Eastern Melbourne,Mooroolbark,,,
1930,Mooroolbark Grammar,Independent,Pri/Sec,4 Birchwood Drive,Mooroolbark,3138,NORTH-EASTERN VICTORIA,Outer Eastern Melbourne,Yarra Ranges (S),145.3250651,-37.76461019,31.95,Independent,Pri/Sec,Outer Eastern Melbourne,Mooroolbark,,,
3284,Mount Dandenong Primary School,Government,Primary,13 - 15 Farndons Road,Mount Dandenong,3767,NORTH-EASTERN VICTORIA,Outer Eastern Melbourne,Yarra Ranges (S),145.362166,-37.83074276,35.12,Government,Primary,Outer Eastern Melbourne,Mount Dandenong,,,
1701,Mount Evelyn Christian School/Ranges TEC,Independent,Pri/Sec,135 York Road,Mount Evelyn,3796,NORTH-EASTERN VICTORIA,Outer Eastern Melbourne,Yarra Ranges (S),145.3670969,-37.79883442,35.39,Independent,Pri/Sec,Outer Eastern Melbourne,Mount Evelyn,,,
3642,Mount Evelyn Primary School,Government,Primary,33 Monbulk Road,Mount Evelyn,3796,NORTH-EASTERN VICTORIA,Outer Eastern Melbourne,Yarra Ranges (S),145.3888224,-37.79092979,37.32,Government,Primary,Outer Eastern Melbourne,Mount Evelyn,,,
474,Mount Lilydale Mercy College,Catholic,Secondary,120 Anderson Street,Lilydale,3140,NORTH-EASTERN VICTORIA,Outer Eastern Melbourne,Yarra Ranges (S),145.3577545,-37.75075881,35.01,Catholic,Secondary,Outer Eastern Melbourne,Lilydale,,,
4905,Mountain Gate Primary School,Government,Primary,Adele Avenue,Ferntree Gully,3156,NORTH-EASTERN VICTORIA,Outer Eastern Melbourne,Knox (C),145.269706,-37.885691,28.46,Government,Primary,Outer Eastern Melbourne,Ferntree Gully,,,
4886,Mullum Primary School,Government,Primary,18 Panfield Avenue,Ringwood,3134,NORTH-EASTERN VICTORIA,Outer Eastern Melbourne,Maroondah (C),145.239443,-37.797737,24.18,Government,Primary,Outer Eastern Melbourne,Ringwood,,,
8185,Norwood Secondary College,Government,Secondary,9 Byron Street,Ringwood,3134,NORTH-EASTERN VICTORIA,Outer Eastern Melbourne,Maroondah (C),145.237605,-37.799752,24.01,Government,Secondary,Outer Eastern Melbourne,Ringwood,,,
3494,Olinda Primary School,Government,Primary,45 Charlemont Lane,Olinda,3788,NORTH-EASTERN VICTORIA,Outer Eastern Melbourne,Yarra Ranges (S),145.3661919,-37.85469614,35.82,Government,Primary,Outer Eastern Melbourne,Olinda,,,
1645,Our Lady of Lourdes School,Catholic,Primary,23 Orange Grove,Bayswater,3153,NORTH-EASTERN VICTORIA,Outer Eastern Melbourne,Knox (C),145.265765,-37.848985,27.03,Catholic,Primary,Outer Eastern Melbourne,Bayswater,,,
1342,Our Lady of Perpetual Help School,Catholic,Primary,2 Wilana Street,Ringwood,3134,NORTH-EASTERN VICTORIA,Outer Eastern Melbourne,Maroondah (C),145.232182,-37.816423,23.60,Catholic,Primary,Outer Eastern Melbourne,Ringwood,,,
1792,Oxley Christian College,Independent,Pri/Sec,15 - 49 Old Melbourne Rd,Chirnside Park,3116,NORTH-EASTERN VICTORIA,Outer Eastern Melbourne,Yarra Ranges (S),145.30513,-37.763573,30.23,Independent,Pri/Sec,Outer Eastern Melbourne,Chirnside Park,,,
5281,Park Ridge Primary School,Government,Primary,Wentworth Avenue,Rowville,3178,NORTH-EASTERN VICTORIA,Outer Eastern Melbourne,Knox (C),145.262461,-37.918414,29.30,Government,Primary,Outer Eastern Melbourne,Rowville,,,
4937,Pembroke Primary School,Government,Primary,25 Pembroke Road,Mooroolbark,3138,NORTH-EASTERN VICTORIA,Outer Eastern Melbourne,Yarra Ranges (S),145.327244,-37.796796,31.89,Government,Primary,Outer Eastern Melbourne,Mooroolbark,,,
5131,Regency Park Primary School,Government,Primary,50 Amesbury Avenue,Wantirna,3152,NORTH-EASTERN VICTORIA,Outer Eastern Melbourne,Knox (C),145.236165,-37.854873,24.64,Government,Primary,Outer Eastern Melbourne,Wantirna,,,
4911,Ringwood Heights Primary School,Government,Primary,60 Summit Crescent,Ringwood North,3134,NORTH-EASTERN VICTORIA,Outer Eastern Melbourne,Maroondah (C),145.217212,-37.804226,22.23,Government,Primary,Outer Eastern Melbourne,Ringwood North,,,
4120,Ringwood North Primary School,Government,Primary,172 Oban Road,Ringwood North,3134,NORTH-EASTERN VICTORIA,Outer Eastern Melbourne,Maroondah (C),145.230739,-37.79313,23.42,Government,Primary,Outer Eastern Melbourne,Ringwood North,,,
8270,Ringwood Secondary College,Government,Secondary,Bedford Road,Ringwood,3134,NORTH-EASTERN VICTORIA,Outer Eastern Melbourne,Maroondah (C),145.239147,-37.816606,24.22,Government,Secondary,Outer Eastern Melbourne,Ringwood,,,
5241,Rolling Hills Primary School,Government,Primary,52 Landscape Drive,Mooroolbark,3138,NORTH-EASTERN VICTORIA,Outer Eastern Melbourne,Yarra Ranges (S),145.32684,-37.766514,32.08,Government,Primary,Outer Eastern Melbourne,Mooroolbark,,,
5000,Rowville Primary School,Government,Primary,11 Paratea Drive,Rowville,3178,NORTH-EASTERN VICTORIA,Outer Eastern Melbourne,Knox (C),145.237108,-37.922924,27.57,Government,Primary,Outer Eastern Melbourne,Rowville,,,
8734,Rowville Secondary College,Government,Secondary,17 Paratea Drive,Rowville,3178,NORTH-EASTERN VICTORIA,Outer Eastern Melbourne,Knox (C),145.2370885,-37.92388682,27.62,Government,Secondary,Outer Eastern Melbourne,Rowville,,,
4916,Ruskin Park Primary School,Government,Primary,18 - 20 Ruskin Ave,Croydon,3136,NORTH-EASTERN VICTORIA,Outer Eastern Melbourne,Maroondah (C),145.29616,-37.798944,29.16,Government,Primary,Outer Eastern Melbourne,Croydon,,,
1509,Sacred Heart School,Catholic,Primary,50 Monastery Drive,Croydon,3136,NORTH-EASTERN VICTORIA,Outer Eastern Melbourne,Maroondah (C),145.272793,-37.79749,27.11,Catholic,Primary,Outer Eastern Melbourne,Croydon,,,
3222,Sassafras Primary School,Government,Primary,399 Mt Dandenong Tourist Road,Sassafras,3787,NORTH-EASTERN VICTORIA,Outer Eastern Melbourne,Yarra Ranges (S),145.354552,-37.861625,34.95,Government,Primary,Outer Eastern Melbourne,Sassafras,,,
1028,Scoresby Primary School,Government,Primary,11 Ingrid Street,Scoresby,3179,NORTH-EASTERN VICTORIA,Outer Eastern Melbourne,Knox (C),145.227501,-37.89395,25.36,Government,Primary,Outer Eastern Melbourne,Scoresby,,,
8307,Scoresby Secondary College,Government,Secondary,Cavell Street,Scoresby,3179,NORTH-EASTERN VICTORIA,Outer Eastern Melbourne,Knox (C),145.2362,-37.888642,25.83,Government,Secondary,Outer Eastern Melbourne,Scoresby,,,
4685,Selby Primary School,Government,Primary,2 Morley Street,Selby,3159,NORTH-EASTERN VICTORIA,Outer Eastern Melbourne,Yarra Ranges (S),145.367517,-37.911431,37.50,Government,Primary,Outer Eastern Melbourne,Selby,,,
2820,Seville Primary School,Government,Primary,639 Warburton Highway,Seville,3139,NORTH-EASTERN VICTORIA,Outer Eastern Melbourne,Yarra Ranges (S),145.4644066,-37.77389139,44.04,Government,Primary,Outer Eastern Melbourne,Seville,,,
6252,Sherbrooke Community School,Government,Pri/Sec,311 Mt Dandenong Tourist Road,Sassafras,3787,NORTH-EASTERN VICTORIA,Outer Eastern Melbourne,Yarra Ranges (S),145.349444,-37.868244,34.66,Government,Pri/Sec,Outer Eastern Melbourne,Sassafras,,,
1801,Silvan Primary School,Government,Primary,269 Monbulk Road,Silvan,3795,NORTH-EASTERN VICTORIA,Outer Eastern Melbourne,Yarra Ranges (S),145.42132,-37.824597,40.24,Government,Primary,Outer Eastern Melbourne,Silvan,,,
1871,St Andrews Christian College,Independent,Pri/Sec,130 Tyner Road,Wantirna South,3152,NORTH-EASTERN VICTORIA,Outer Eastern Melbourne,Knox (C),145.244636,-37.873866,25.95,Independent,Pri/Sec,Outer Eastern Melbourne,Wantirna South,,,
1857,St Bernadette's Catholic Primary School,Catholic,Primary,1264 Mountain Highway,The Basin,3154,NORTH-EASTERN VICTORIA,Outer Eastern Melbourne,Knox (C),145.310841,-37.853904,31.02,Catholic,Primary,Outer Eastern Melbourne,The Basin,,,
1013,St Brigid's School,Catholic,Primary,1 High Street,Healesville,3777,NORTH-EASTERN VICTORIA,Outer Eastern Melbourne,Yarra Ranges (S),145.5157966,-37.65867854,50.99,Catholic,Primary,Outer Eastern Melbourne,Healesville,,,
1406,St John the Baptist School,Catholic,Primary,17 Forest Road,Ferntree Gully,3156,NORTH-EASTERN VICTORIA,Outer Eastern Melbourne,Knox (C),145.295174,-37.887382,30.63,Catholic,Primary,Outer Eastern Melbourne,Ferntree Gully,,,
1646,St Joseph's College,Catholic,Secondary,5 Brenock Park Drive,Ferntree Gully,3156,NORTH-EASTERN VICTORIA,Outer Eastern Melbourne,Knox (C),145.295093,-37.89049,30.74,Catholic,Secondary,Outer Eastern Melbourne,Ferntree Gully,,,
1641,St Joseph's Primary School,Catholic,Primary,212 Boronia Road,Boronia,3155,NORTH-EASTERN VICTORIA,Outer Eastern Melbourne,Knox (C),145.274814,-37.862707,28.15,Catholic,Primary,Outer Eastern Melbourne,Boronia,,,
1579,St Joseph's School,Catholic,Primary,40 Milners Road,Yarra Junction,3797,NORTH-EASTERN VICTORIA,Outer Eastern Melbourne,Yarra Ranges (S),145.616814,-37.792172,57.34,Catholic,Primary,Outer Eastern Melbourne,Yarra Junction,,,
1697,St Jude the Apostle School,Catholic,Primary,53 George Street,Scoresby,3179,NORTH-EASTERN VICTORIA,Outer Eastern Melbourne,Knox (C),145.225957,-37.889844,25.05,Catholic,Primary,Outer Eastern Melbourne,Scoresby,,,
1782,St Luke's School,Catholic,Primary,25 Stokes Road,Wantirna,3152,NORTH-EASTERN VICTORIA,Outer Eastern Melbourne,Knox (C),145.235066,-37.853378,24.51,Catholic,Primary,Outer Eastern Melbourne,Wantirna,,,
1669,St Mary's College for the Deaf,Catholic,Special,10A Riddell Road,Wantirna South,3152,NORTH-EASTERN VICTORIA,Outer Eastern Melbourne,Knox (C),145.242789,-37.877901,25.94,Catholic,Special,Outer Eastern Melbourne,Wantirna South,,,
1804,St Mary's School,Catholic,Primary,58 Clegg Road,Mount Evelyn,3796,NORTH-EASTERN VICTORIA,Outer Eastern Melbourne,Yarra Ranges (S),145.395858,-37.790516,37.93,Catholic,Primary,Outer Eastern Melbourne,Mount Evelyn,,,
567,St Patrick's School,Catholic,Primary,40 Jones Street,Lilydale,3140,NORTH-EASTERN VICTORIA,Outer Eastern Melbourne,Yarra Ranges (S),145.3526145,-37.75273475,34.53,Catholic,Primary,Outer Eastern Melbourne,Lilydale,,,
1879,St Paul's School,Catholic,Primary,59 Moores Road,Monbulk,3793,NORTH-EASTERN VICTORIA,Outer Eastern Melbourne,Yarra Ranges (S),145.412057,-37.867995,40.04,Catholic,Primary,Outer Eastern Melbourne,Monbulk,,,
1655,St Peter Julian Eymard,Catholic,Primary,Reay Road,Mooroolbark,3138,NORTH-EASTERN VICTORIA,Outer Eastern Melbourne,Yarra Ranges (S),145.3175154,-37.7879128,31.07,Catholic,Primary,Outer Eastern Melbourne,Mooroolbark,,,
1891,St Richard's Primary School,Catholic,Primary,672 Mount Dandenong Road,Kilsyth,3137,NORTH-EASTERN VICTORIA,Outer Eastern Melbourne,Yarra Ranges (S),145.3217417,-37.80656384,31.41,Catholic,Primary,Outer Eastern Melbourne,Kilsyth,,,
1830,St Simon's School,Catholic,Primary,2 Taylors Lane,Rowville,3178,NORTH-EASTERN VICTORIA,Outer Eastern Melbourne,Knox (C),145.245327,-37.925677,28.35,Catholic,Primary,Outer Eastern Melbourne,Rowville,,,
1618,St Thomas More's School,Catholic,Primary,Reynold's Lane,Belgrave,3160,NORTH-EASTERN VICTORIA,Outer Eastern Melbourne,Yarra Ranges (S),145.3526801,-37.90841476,36.16,Catholic,Primary,Outer Eastern Melbourne,Belgrave,,,
3356,Tecoma Primary School,Government,Primary,1536 Burwood Highway,Tecoma,3160,NORTH-EASTERN VICTORIA,Outer Eastern Melbourne,Yarra Ranges (S),145.3449218,-37.90695837,35.47,Government,Primary,Outer Eastern Melbourne,Tecoma,,,
5196,Templeton Primary School,Government,Primary,Crestdale Road,Wantirna,3152,NORTH-EASTERN VICTORIA,Outer Eastern Melbourne,Knox (C),145.232288,-37.860941,24.49,Government,Primary,Outer Eastern Melbourne,Wantirna,,,
2329,The Basin Primary School,Government,Primary,Cnr Liverpool Road & Mountain Highway,The Basin,3154,NORTH-EASTERN VICTORIA,Outer Eastern Melbourne,Knox (C),145.308425,-37.84951,30.72,Government,Primary,Outer Eastern Melbourne,The Basin,,,
1841,The Knox School,Independent,Pri/Sec,220 Burwood Highway,Wantirna South,3152,NORTH-EASTERN VICTORIA,Outer Eastern Melbourne,Knox (C),145.219198,-37.865467,23.54,Independent,Pri/Sec,Outer Eastern Melbourne,Wantirna South,,,
5173,The Patch Primary School,Government,Primary,53 Kallista-Emerald Road,The Patch,3792,NORTH-EASTERN VICTORIA,Outer Eastern Melbourne,Yarra Ranges (S),145.392841,-37.892418,39.00,Government,Primary,Outer Eastern Melbourne,The Patch,,,
1080,Tintern Grammar,Independent,Pri/Sec,90 Alexandra Road,Ringwood East,3135,NORTH-EASTERN VICTORIA,Outer Eastern Melbourne,Maroondah (C),145.25669,-37.815515,25.74,Independent,Pri/Sec,Outer Eastern Melbourne,Ringwood East,,,
5075,Tinternvale Primary School,Government,Primary,Tintern Avenue,Ringwood East,3135,NORTH-EASTERN VICTORIA,Outer Eastern Melbourne,Maroondah (C),145.265345,-37.818406,26.53,Government,Primary,Outer Eastern Melbourne,Ringwood East,,,
3237,Toolangi Primary School,Government,Primary,Main Road,Toolangi,3777,NORTH-EASTERN VICTORIA,Outer Eastern Melbourne,Murrindindi (S),145.472501,-37.535374,53.55,Government,Primary,Outer Eastern Melbourne,Toolangi,,,
3926,Upper Ferntree Gully Primary School,Government,Primary,Talaskia Road,Upper Ferntree Gully,3156,NORTH-EASTERN VICTORIA,Outer Eastern Melbourne,Knox (C),145.314325,-37.895604,32.52,Government,Primary,Outer Eastern Melbourne,Upper Ferntree Gully,,,
8410,Upper Yarra Secondary College,Government,Secondary,81-89 Little Yarra Road,Yarra Junction,3797,NORTH-EASTERN VICTORIA,Outer Eastern Melbourne,Yarra Ranges (S),145.623933,-37.79209352,57.97,Government,Secondary,Outer Eastern Melbourne,Yarra Junction,,,
8415,Upwey High School,Government,Secondary,1451 Burwood Highway,Upwey,3158,NORTH-EASTERN VICTORIA,Outer Eastern Melbourne,Yarra Ranges (S),145.335475,-37.904357,34.59,Government,Secondary,Outer Eastern Melbourne,Upwey,,,
4530,Upwey Primary School,Government,Primary,15 Darling Avenue,Upwey,3158,NORTH-EASTERN VICTORIA,Outer Eastern Melbourne,Yarra Ranges (S),145.3328027,-37.90286736,34.31,Government,Primary,Outer Eastern Melbourne,Upwey,,,
4894,Upwey South Primary School,Government,Primary,91 Morris Road,Upwey,3158,NORTH-EASTERN VICTORIA,Outer Eastern Melbourne,Yarra Ranges (S),145.3268393,-37.91313917,34.22,Government,Primary,Outer Eastern Melbourne,Upwey,,,
2247,Urban College,Independent,Secondary,2-4 Langwith Avenue,Boronia,3155,NORTH-EASTERN VICTORIA,Outer Eastern Melbourne,Knox (C),145.28017,-37.861113,28.56,Independent,Secondary,Outer Eastern Melbourne,Boronia,,,
5057,Victoria Road Primary School,Government,Primary,44 Victoria Road,Lilydale,3140,NORTH-EASTERN VICTORIA,Outer Eastern Melbourne,Yarra Ranges (S),145.336107,-37.755181,33.06,Government,Primary,Outer Eastern Melbourne,Lilydale,,,
1836,Village School,Independent,Primary,9-13 Holloway Road,Croydon North,3136,NORTH-EASTERN VICTORIA,Outer Eastern Melbourne,Maroondah (C),145.294493,-37.763749,29.30,Independent,Primary,Outer Eastern Melbourne,Croydon North,,,
3892,Wandin North Primary School,Government,Primary,220 Warburton Highway,Wandin North,3139,NORTH-EASTERN VICTORIA,Outer Eastern Melbourne,Yarra Ranges (S),145.409713,-37.769783,39.29,Government,Primary,Outer Eastern Melbourne,Wandin North,,,
1033,Wandin Yallock Primary School,Government,Primary,105 Beenak Road,Wandin North,3139,NORTH-EASTERN VICTORIA,Outer Eastern Melbourne,Yarra Ranges (S),145.43595,-37.790251,41.46,Government,Primary,Outer Eastern Melbourne,Wandin North,,,
8428,Wantirna College,Government,Secondary,90 Harold Street,Wantirna,3152,NORTH-EASTERN VICTORIA,Outer Eastern Melbourne,Knox (C),145.229974,-37.857598,24.19,Government,Secondary,Outer Eastern Melbourne,Wantirna,,,
3709,Wantirna Primary School,Government,Primary,120 Mountain Highway,Wantirna,3152,NORTH-EASTERN VICTORIA,Outer Eastern Melbourne,Knox (C),145.216509,-37.856256,23.01,Government,Primary,Outer Eastern Melbourne,Wantirna,,,
4582,Wantirna South Primary School,Government,Primary,16 Tyner Road,Wantirna South,3152,NORTH-EASTERN VICTORIA,Outer Eastern Melbourne,Knox (C),145.237339,-37.872529,25.29,Government,Primary,Outer Eastern Melbourne,Wantirna South,,,
1485,Warburton Primary School,Government,Primary,16 Horners Road,Warburton,3799,NORTH-EASTERN VICTORIA,Outer Eastern Melbourne,Yarra Ranges (S),145.7017044,-37.75580451,65.00,Government,Primary,Outer Eastern Melbourne,Warburton,,,
3476,Warranwood Primary School,Government,Primary,1 Wellington Park Drive,Warranwood,3134,NORTH-EASTERN VICTORIA,Outer Eastern Melbourne,Maroondah (C),145.246981,-37.774347,25.01,Government,Primary,Outer Eastern Melbourne,Warranwood,,,
5012,Wattle View Primary School,Government,Primary,Wattletree Road,Ferntree Gully,3156,NORTH-EASTERN VICTORIA,Outer Eastern Melbourne,Knox (C),145.278016,-37.875825,28.81,Government,Primary,Outer Eastern Melbourne,Ferntree Gully,,,
1771,Waverley Christian College,Independent,Pri/Sec,1248 High Street Road,Wantirna South,3152,NORTH-EASTERN VICTORIA,Outer Eastern Melbourne,Knox (C),145.215299,-37.880135,23.77,Independent,Pri/Sec,Outer Eastern Melbourne,Wantirna South,,,
3466,Wesburn Primary School,Government,Primary,2850 Warburton Highway,Wesburn,3799,NORTH-EASTERN VICTORIA,Outer Eastern Melbourne,Yarra Ranges (S),145.6470677,-37.76869153,60.10,Government,Primary,Outer Eastern Melbourne,Wesburn,,,
1259,Woori Yallock Primary School,Government,Primary,1360 Healesville Road,Woori Yallock,3139,NORTH-EASTERN VICTORIA,Outer Eastern Melbourne,Yarra Ranges (S),145.5326881,-37.77737209,50.01,Government,Primary,Outer Eastern Melbourne,Woori Yallock,,,
1868,Worawa Aboriginal College,Independent,Special,60 - 80 Barak Lane,Healesville,3777,NORTH-EASTERN VICTORIA,Outer Eastern Melbourne,Yarra Ranges (S),145.5092164,-37.68452365,49.61,Independent,Special,Outer Eastern Melbourne,Healesville,,,
956,Yarra Glen Primary School,Government,Primary,35 Symonds Street,Yarra Glen,3775,NORTH-EASTERN VICTORIA,Outer Eastern Melbourne,Yarra Ranges (S),145.372413,-37.649705,39.60,Government,Primary,Outer Eastern Melbourne,Yarra Glen,,,
8815,Yarra Hills Secondary College,Government,Secondary,16 Reay Road,Mooroolbark,3138,NORTH-EASTERN VICTORIA,Outer Eastern Melbourne,Yarra Ranges (S),145.316184,-37.78934,30.94,Government,Secondary,Outer Eastern Melbourne,Mooroolbark,,,
3216,Yarra Junction Primary School,Government,Primary,2370 Warburton Highway,Yarra Junction,3797,NORTH-EASTERN VICTORIA,Outer Eastern Melbourne,Yarra Ranges (S),145.6060798,-37.779029,56.44,Government,Primary,Outer Eastern Melbourne,Yarra Junction,,,
5246,Yarra Ranges Special Developmental School,Government,Special,20 Burdap Drive,Mount Evelyn,3796,NORTH-EASTERN VICTORIA,Outer Eastern Melbourne,Yarra Ranges (S),145.384871,-37.77502297,37.06,Government,Special,Outer Eastern Melbourne,Mount Evelyn,,,
4219,Yarra Road Primary School,Government,Primary,222 - 228 Yarra Road,Croydon North,3136,NORTH-EASTERN VICTORIA,Outer Eastern Melbourne,Maroondah (C),145.272227,-37.766401,27.32,Government,Primary,Outer Eastern Melbourne,Croydon North,,,
1658,Yarra Valley Grammar,Independent,Pri/Sec,Kalinda Road,Ringwood,3134,NORTH-EASTERN VICTORIA,Outer Eastern Melbourne,Maroondah (C),145.258164,-37.783701,25.89,Independent,Pri/Sec,Outer Eastern Melbourne,Ringwood,,,
1034,Yering Primary School,Government,Primary,22-24 Melba Highway,Yering,3770,NORTH-EASTERN VICTORIA,Outer Eastern Melbourne,Yarra Ranges (S),145.3822185,-37.7053494,38.22,Government,Primary,Outer Eastern Melbourne,Yering,,,
8874,Alkira Secondary College,Government,Secondary,15 Nurture Avenue,Cranbourne North,3977,SOUTH-EASTERN VICTORIA,Southern Melbourne,Casey (C),145.308716,-38.073127,42.83,Government,Secondary,Southern Melbourne,Cranbourne North,,,
5536,Athol Road Primary School,Government,Primary,159-167 Athol Road,Springvale South,3172,SOUTH-EASTERN VICTORIA,Southern Melbourne,Greater Dandenong (C),145.149968,-37.971049,25.04,Government,Primary,Southern Melbourne,Springvale South,,,
5560,Barton Primary School,Government,Primary,90 Everlasting Boulevard,Cranbourne West,3977,SOUTH-EASTERN VICTORIA,Southern Melbourne,Casey (C),145.239024,-38.114975,42.50,Government,Primary,Southern Melbourne,Cranbourne West,,,
5421,Bayles Regional Primary School,Government,Primary,3730 Ballarto Road,Bayles,3981,SOUTH-EASTERN VICTORIA,Southern Melbourne,Cardinia (S),145.566026,-38.176037,67.29,Government,Primary,Southern Melbourne,Bayles,,,
1855,Beaconhills College,Independent,Pri/Sec,30-34 Toomuc Valley Road,Pakenham,3810,SOUTH-EASTERN VICTORIA,Southern Melbourne,Cardinia (S),145.467319,-38.061898,52.86,Independent,Pri/Sec,Southern Melbourne,Pakenham,,,
3033,Beaconsfield Primary School,Government,Primary,79 Old Princes Highway,Beaconsfield,3807,SOUTH-EASTERN VICTORIA,Southern Melbourne,Cardinia (S),145.3716379,-38.04862904,45.17,Government,Primary,Southern Melbourne,Beaconsfield,,,
2560,Beaconsfield Upper Primary School,Government,Primary,40 Stoney Creek Road,Beaconsfield Upper,3808,SOUTH-EASTERN VICTORIA,Southern Melbourne,Cardinia (S),145.414758,-37.995404,45.10,Government,Primary,Southern Melbourne,Beaconsfield Upper,,,
2018,Berry Street Victoria Inc,Independent,Special,17 Cranbourne Road,Narre Warren,3805,SOUTH-EASTERN VICTORIA,Southern Melbourne,Greater Dandenong (C),145.305751,-38.030255,39.40,Independent,Special,Southern Melbourne,Narre Warren,,,
5503,Berwick Chase Primary School,Government,Primary,72 Viewgrand Drive,Berwick,3806,SOUTH-EASTERN VICTORIA,Southern Melbourne,Casey (C),145.346961,-38.067433,44.83,Government,Primary,Southern Melbourne,Berwick,,,
5305,Berwick Fields Primary School,Government,Primary,35 Gwendoline Drive,Berwick,3806,SOUTH-EASTERN VICTORIA,Southern Melbourne,Casey (C),145.3343892,-38.04874134,42.64,Government,Primary,Southern Melbourne,Berwick,,,
5213,Berwick Lodge Primary School,Government,Primary,139-145 Mansfield Street,Berwick,3806,SOUTH-EASTERN VICTORIA,Southern Melbourne,Casey (C),145.327431,-38.031142,40.92,Government,Primary,Southern Melbourne,Berwick,,,
40,Berwick Primary School,Government,Primary,37 Fairholme Boulevard,Berwick,3806,SOUTH-EASTERN VICTORIA,Southern Melbourne,Casey (C),145.354417,-38.044094,43.67,Government,Primary,Southern Melbourne,Berwick,,,
7603,Berwick Secondary College,Government,Secondary,65-69 Manuka Road,Berwick,3806,SOUTH-EASTERN VICTORIA,Southern Melbourne,Casey (C),145.365438,-38.031398,43.59,Government,Secondary,Southern Melbourne,Berwick,,,
5224,Botanic Ridge Primary School,Government,Primary,10 Echidna Parade,Botanic Ridge,3977,SOUTH-EASTERN VICTORIA,Southern Melbourne,Casey (C),145.288045,-38.150071,48.16,Government,Primary,Southern Melbourne,Botanic Ridge,,,
5308,Brentwood Park Primary School,Government,Primary,Bemersyde Drive,Berwick,3806,SOUTH-EASTERN VICTORIA,Southern Melbourne,Casey (C),145.347768,-38.052983,43.84,Government,Primary,Southern Melbourne,Berwick,,,
5563,Bridgewood Primary School,Government,Primary,115 Bridge Road,Officer,3809,SOUTH-EASTERN VICTORIA,Southern Melbourne,Cardinia (S),145.419662,-38.071946,50.09,Government,Primary,Southern Melbourne,Officer,,,
2229,Bunyip Primary School,Government,Primary,1290 Nar Nar Goon - Longwarry Road,Bunyip,3815,SOUTH-EASTERN VICTORIA,Southern Melbourne,Cardinia (S),145.712509,-38.09884,73.54,Government,Primary,Southern Melbourne,Bunyip,,,
3689,Cardinia Primary School,Government,Primary,2405 Ballarto Road,Cardinia,3978,SOUTH-EASTERN VICTORIA,Southern Melbourne,Cardinia (S),145.423771,-38.145803,55.68,Government,Primary,Southern Melbourne,Cardinia,,,
5435,Carwatha College P-12,Government,Pri/Sec,43-81 Browns Road,Noble Park,3174,SOUTH-EASTERN VICTORIA,Southern Melbourne,Greater Dandenong (C),145.188726,-37.942845,25.30,Government,Pri/Sec,Southern Melbourne,Noble Park,,,
5570,Casey Fields Primary School,Government,Primary,Chapelton Road,Cranbourne East,3977,SOUTH-EASTERN VICTORIA,Southern Melbourne,Casey (C),145.298408,-38.120139,46.09,Government,Primary,Southern Melbourne,Cranbourne East,,,
1942,Casey Grammar School,Independent,Pri/Sec,3 New Holland Drive,Cranbourne East,3977,SOUTH-EASTERN VICTORIA,Southern Melbourne,Casey (C),145.2928988,-38.11029539,44.94,Independent,Pri/Sec,Southern Melbourne,Cranbourne East,,,
5231,Chalcot Lodge Primary School,Government,Primary,15A Primrose Hill Close,Endeavour Hills,3802,SOUTH-EASTERN VICTORIA,Southern Melbourne,Casey (C),145.247698,-37.969731,31.21,Government,Primary,Southern Melbourne,Endeavour Hills,,,
5533,Chandler Park Primary School,Government,Primary,Cochrane Avenue,Keysborough,3173,SOUTH-EASTERN VICTORIA,Southern Melbourne,Greater Dandenong (C),145.180477,-37.992396,28.58,Government,Primary,Southern Melbourne,Keysborough,,,
5588,Clyde Creek Primary School,Government,Primary,40 Eliston Avenue,Clyde,3978,SOUTH-EASTERN VICTORIA,Southern Melbourne,Casey (C),145.331547,-38.122987,48.22,Government,Primary,Southern Melbourne,Clyde,,,
2228,Clyde Grammar,Independent,Primary,110 Smiths Lane,Clyde North,3978,SOUTH-EASTERN VICTORIA,Southern Melbourne,Casey (C),145.378764,-38.106015,49.78,Independent,Primary,Southern Melbourne,Clyde North,,,
3664,Clyde Primary School,Government,Primary,13 Oroya Grove,Clyde,3978,SOUTH-EASTERN VICTORIA,Southern Melbourne,Casey (C),145.326386,-38.132323,48.71,Government,Primary,Southern Melbourne,Clyde,,,
7086,Clyde Secondary College,Government,Secondary,21 Fernlea Homestead Road,Clyde,3978,SOUTH-EASTERN VICTORIA,Southern Melbourne,Casey (C),145.338863,-38.129547,49.20,Government,Secondary,Southern Melbourne,Clyde,,,
1996,Columba Catholic School,Catholic,Primary,28-36 Hope Street,Bunyip,3815,SOUTH-EASTERN VICTORIA,Southern Melbourne,Cardinia (S),145.715864,-38.093263,73.52,Catholic,Primary,Southern Melbourne,Bunyip,,,
5292,Coral Park Primary School,Government,Primary,145 Coral Drive,Hampton Park,3976,SOUTH-EASTERN VICTORIA,Southern Melbourne,Casey (C),145.274352,-38.043846,38.40,Government,Primary,Southern Melbourne,Hampton Park,,,
2076,Cornish College,Independent,Pri/Sec,65 Riverend Road,Bangholme,3175,SOUTH-EASTERN VICTORIA,Southern Melbourne,Greater Dandenong (C),145.148761,-38.049197,32.08,Independent,Pri/Sec,Southern Melbourne,Bangholme,,,
5371,Courtenay Gardens Primary School,Government,Primary,35 Rosebank Drive,Cranbourne North,3977,SOUTH-EASTERN VICTORIA,Southern Melbourne,Casey (C),145.28345,-38.080122,41.87,Government,Primary,Southern Melbourne,Cranbourne North,,,
5510,Cranbourne Carlisle Primary School,Government,Primary,15 Silky Oak Drive,Cranbourne,3977,SOUTH-EASTERN VICTORIA,Southern Melbourne,Casey (C),145.289059,-38.087532,42.81,Government,Primary,Southern Melbourne,Cranbourne,,,
5518,Cranbourne East Primary School,Government,Primary,2 Bowyer Avenue,Cranbourne East,3977,SOUTH-EASTERN VICTORIA,Southern Melbourne,Casey (C),145.304437,-38.106281,45.26,Government,Primary,Southern Melbourne,Cranbourne East,,,
8898,Cranbourne East Secondary College,Government,Secondary,50 Stately Drive,Cranbourne East,3977,SOUTH-EASTERN VICTORIA,Southern Melbourne,Casey (C),145.306027,-38.10494,45.24,Government,Secondary,Southern Melbourne,Cranbourne East,,,
4887,Cranbourne Park Primary School,Government,Primary,1 Tucker Street,Cranbourne,3977,SOUTH-EASTERN VICTORIA,Southern Melbourne,Casey (C),145.277745,-38.104064,43.56,Government,Primary,Southern Melbourne,Cranbourne,,,
2068,Cranbourne Primary School,Government,Primary,Bakewell Street,Cranbourne,3977,SOUTH-EASTERN VICTORIA,Southern Melbourne,Casey (C),145.287849,-38.111863,44.79,Government,Primary,Southern Melbourne,Cranbourne,,,
7747,Cranbourne Secondary College,Government,Secondary,Stawell Street,Cranbourne,3977,SOUTH-EASTERN VICTORIA,Southern Melbourne,Casey (C),145.286136,-38.107591,44.33,Government,Secondary,Southern Melbourne,Cranbourne,,,
4755,Cranbourne South Primary School,Government,Primary,239 Pearcedale Road,Cranbourne South,3977,SOUTH-EASTERN VICTORIA,Southern Melbourne,Casey (C),145.245062,-38.147944,45.84,Government,Primary,Southern Melbourne,Cranbourne South,,,
5189,Cranbourne West Primary School,Government,Primary,110 Duff Street,Cranbourne,3977,SOUTH-EASTERN VICTORIA,Southern Melbourne,Casey (C),145.267723,-38.102713,42.90,Government,Primary,Southern Melbourne,Cranbourne,,,
7748,Cranbourne West Secondary College,Government,Secondary,80 Strathlea Drive,Cranbourne West,3977,SOUTH-EASTERN VICTORIA,Southern Melbourne,Casey (C),145.246512,-38.10672,42.13,Government,Secondary,Southern Melbourne,Cranbourne West,,,
8858,Dandenong High School,Government,Secondary,92-106 Princes Highway,Dandenong,3175,SOUTH-EASTERN VICTORIA,Southern Melbourne,Greater Dandenong (C),145.209011,-37.979418,29.30,Government,Secondary,Southern Melbourne,Dandenong,,,
4723,Dandenong North Primary School,Government,Primary,117-125 Cleeland Street,Dandenong,3175,SOUTH-EASTERN VICTORIA,Southern Melbourne,Greater Dandenong (C),145.214468,-37.976641,29.45,Government,Primary,Southern Melbourne,Dandenong,,,
1403,Dandenong Primary School,Government,Primary,174-182 Foster Street,Dandenong,3175,SOUTH-EASTERN VICTORIA,Southern Melbourne,Greater Dandenong (C),145.219821,-37.987917,30.64,Government,Primary,Southern Melbourne,Dandenong,,,
1975,Dandenong Ranges Steiner School,Independent,Primary,11c Duffys Road,Emerald,3782,SOUTH-EASTERN VICTORIA,Southern Melbourne,Cardinia (S),145.388212,-37.959759,41.22,Independent,Primary,Southern Melbourne,Emerald,,,
4810,Dandenong South Primary School,Government,Primary,52 Kirkham Road,Dandenong,3175,SOUTH-EASTERN VICTORIA,Southern Melbourne,Greater Dandenong (C),145.2114331,-37.99895163,30.97,Government,Primary,Southern Melbourne,Dandenong,,,
5238,Dandenong Valley Special Developmental School,Government,Special,19-21 Victoria Road,Narre Warren,3805,SOUTH-EASTERN VICTORIA,Southern Melbourne,Casey (C),145.2959991,-38.00759964,37.14,Government,Special,Southern Melbourne,Narre Warren,,,
4217,Dandenong West Primary School,Government,Primary,32 Birdwood Avenue,Dandenong,3175,SOUTH-EASTERN VICTORIA,Southern Melbourne,Greater Dandenong (C),145.200416,-37.980741,28.86,Government,Primary,Southern Melbourne,Dandenong,,,
3924,Devon Meadows Primary School,Government,Primary,50 Worthing Road,Devon Meadows,3977,SOUTH-EASTERN VICTORIA,Southern Melbourne,Casey (C),145.301384,-38.162026,49.92,Government,Primary,Southern Melbourne,Devon Meadows,,,
1832,Don Bosco School,Catholic,Primary,496 Princes Highway,Narre Warren,3805,SOUTH-EASTERN VICTORIA,Southern Melbourne,Casey (C),145.315012,-38.025966,39.72,Catholic,Primary,Southern Melbourne,Narre Warren,,,
8905,Doveton College,Government,Pri/Sec,62 Tristania Street,Doveton,3177,SOUTH-EASTERN VICTORIA,Southern Melbourne,Casey (C),145.243173,-37.989449,32.28,Government,Pri/Sec,Southern Melbourne,Doveton,,,
8224,Edenbrook Secondary College,Government,Secondary,133 Henry Road,Pakenham,3810,SOUTH-EASTERN VICTORIA,Southern Melbourne,Cardinia (S),145.444017,-38.078267,52.22,Government,Secondary,Southern Melbourne,Pakenham,,,
4918,Emerson School,Government,Special,1430 Heatherton Road,Dandenong,3175,SOUTH-EASTERN VICTORIA,Southern Melbourne,Greater Dandenong (C),145.208098,-37.969865,28.53,Government,Special,Southern Melbourne,Dandenong,,,
5590,Endeavour Hills Specialist School,Government,Special,12-38 Amalfi Drive,Endeavour Hills,3802,SOUTH-EASTERN VICTORIA,Southern Melbourne,Casey (C),145.243883,-37.978894,31.58,Government,Special,Southern Melbourne,Endeavour Hills,,,
4407,Fleetwood Primary School,Government,Primary,97 Fleetwood Drive,Narre Warren,3805,SOUTH-EASTERN VICTORIA,Southern Melbourne,Casey (C),145.318095,-38.039305,40.87,Government,Primary,Southern Melbourne,Narre Warren,,,
5072,Fountain Gate Primary School,Government,Primary,7-21 Prospect Hill Road,Narre Warren,3805,SOUTH-EASTERN VICTORIA,Southern Melbourne,Casey (C),145.2951998,-38.0094246,37.21,Government,Primary,Southern Melbourne,Narre Warren,,,
8870,Fountain Gate Secondary College,Government,Secondary,45 Josephine Avenue,Narre Warren,3805,SOUTH-EASTERN VICTORIA,Southern Melbourne,Casey (C),145.2953788,-38.00528163,36.94,Government,Secondary,Southern Melbourne,Narre Warren,,,
2724,Garfield Primary School,Government,Primary,84 Railway Avenue,Garfield,3814,SOUTH-EASTERN VICTORIA,Southern Melbourne,Cardinia (S),145.674153,-38.090563,70.13,Government,Primary,Southern Melbourne,Garfield,,,
8869,Gleneagles Secondary College,Government,Secondary,58 Reema Boulevard,Endeavour Hills,3802,SOUTH-EASTERN VICTORIA,Southern Melbourne,Casey (C),145.276556,-37.974606,33.58,Government,Secondary,Southern Melbourne,Endeavour Hills,,,
5385,Grayling Primary School,Government,Primary,25 Ferdinand Drive,Clyde North,3978,SOUTH-EASTERN VICTORIA,Southern Melbourne,Casey (C),145.372834,-38.082729,47.66,Government,Primary,Southern Melbourne,Clyde North,,,
1191,Haileybury College,Independent,Pri/Sec,855 Springvale Rd,Keysborough,3173,SOUTH-EASTERN VICTORIA,Southern Melbourne,Greater Dandenong (C),145.14643,-37.995979,27.01,Independent,Pri/Sec,Southern Melbourne,Keysborough,,,
244,Hallam Primary School,Government,Primary,24 Harmer Road,Hallam,3803,SOUTH-EASTERN VICTORIA,Southern Melbourne,Casey (C),145.258244,-38.001759,34.18,Government,Primary,Southern Melbourne,Hallam,,,
8868,Hallam Secondary College,Government,Secondary,74-84 Frawley Road,Hallam,3803,SOUTH-EASTERN VICTORIA,Southern Melbourne,Casey (C),145.261185,-38.000196,34.26,Government,Secondary,Southern Melbourne,Hallam,,,
4062,Hampton Park Primary School,Government,Primary,32 Somerville Road,Hampton Park,3976,SOUTH-EASTERN VICTORIA,Southern Melbourne,Casey (C),145.252893,-38.030413,36.01,Government,Primary,Southern Melbourne,Hampton Park,,,
8709,Hampton Park Secondary College,Government,Secondary,58 - 96 Fordholm Road,Hampton Park,3976,SOUTH-EASTERN VICTORIA,Southern Melbourne,Casey (C),145.259884,-38.034862,36.79,Government,Secondary,Southern Melbourne,Hampton Park,,,
2106,Harkaway Hills College,Independent,Pri/Sec,420-432 Belgrave-Hallam Road,Narre Warren North,3804,SOUTH-EASTERN VICTORIA,Southern Melbourne,Casey (C),145.31587,-37.977493,36.62,Independent,Pri/Sec,Southern Melbourne,Narre Warren North,,,
1697,Harkaway Primary School,Government,Primary,65-67 King Road,Harkaway,3806,SOUTH-EASTERN VICTORIA,Southern Melbourne,Casey (C),145.345173,-38.00085317,40.19,Government,Primary,Southern Melbourne,Harkaway,,,
4730,Harrisfield Primary School,Government,Primary,495 Princes Hwy,Noble Park,3174,SOUTH-EASTERN VICTORIA,Southern Melbourne,Greater Dandenong (C),145.179896,-37.954443,25.55,Government,Primary,Southern Melbourne,Noble Park,,,
4802,Heatherhill Primary School,Government,Primary,959 Heatherton Road,Springvale,3171,SOUTH-EASTERN VICTORIA,Southern Melbourne,Greater Dandenong (C),145.158148,-37.962648,24.82,Government,Primary,Southern Melbourne,Springvale,,,
1511,Heritage College,Independent,Pri/Sec,333 Centre Road,Narre Warren South,3805,SOUTH-EASTERN VICTORIA,Southern Melbourne,Casey (C),145.316519,-38.050215,41.57,Independent,Pri/Sec,Southern Melbourne,Narre Warren South,,,
1848,Hillcrest Christian College,Independent,Pri/Sec,500 Soldiers Road,Clyde North,3978,SOUTH-EASTERN VICTORIA,Southern Melbourne,Casey (C),145.363801,-38.084681,47.21,Independent,Pri/Sec,Southern Melbourne,Clyde North,,,
5482,Hillsmeade Primary School,Government,Primary,82S The Promenade,Narre Warren South,3805,SOUTH-EASTERN VICTORIA,Southern Melbourne,Casey (C),145.307463,-38.06472,42.09,Government,Primary,Southern Melbourne,Narre Warren South,,,
2102,Hoa Nghiem Primary School,Independent,Primary,442 - 448 Springvale Road,Springvale South,3172,SOUTH-EASTERN VICTORIA,Southern Melbourne,Greater Dandenong (C),145.1487888,-37.96694215,24.62,Independent,Primary,Southern Melbourne,Springvale South,,,
1607,Holy Family School,Catholic,Primary,100 Power Road,Doveton,3177,SOUTH-EASTERN VICTORIA,Southern Melbourne,Casey (C),145.238629,-37.990496,32.06,Catholic,Primary,Southern Melbourne,Doveton,,,
5136,James Cook Primary School,Government,Primary,29-59 James Cook Drive,Endeavour Hills,3802,SOUTH-EASTERN VICTORIA,Southern Melbourne,Casey (C),145.245853,-37.979065,31.72,Government,Primary,Southern Melbourne,Endeavour Hills,,,
5561,John Henry Primary School,Government,Primary,141 Henry Road,Pakenham,3810,SOUTH-EASTERN VICTORIA,Southern Melbourne,Cardinia (S),145.442805,-38.077539,52.08,Government,Primary,Southern Melbourne,Pakenham,,,
8421,Kambrya College,Government,Secondary,68 Bemersyde Drive,Berwick,3806,SOUTH-EASTERN VICTORIA,Southern Melbourne,Casey (C),145.34741,-38.05368819,43.87,Government,Secondary,Southern Melbourne,Berwick,,,
5572,Keysborough Gardens Primary School,Government,Primary,10 Homeleigh Road,Keysborough,3173,SOUTH-EASTERN VICTORIA,Southern Melbourne,Greater Dandenong (C),145.161324,-38.009508,29.00,Government,Primary,Southern Melbourne,Keysborough,,,
5534,Keysborough Primary School,Government,Primary,33 Coomoora Road,Springvale South,3172,SOUTH-EASTERN VICTORIA,Southern Melbourne,Greater Dandenong (C),145.152418,-37.982629,26.16,Government,Primary,Southern Melbourne,Springvale South,,,
8867,Keysborough Secondary College,Government,Secondary,8-20 Janine Road,Springvale South,3172,SOUTH-EASTERN VICTORIA,Southern Melbourne,Greater Dandenong (C),145.159839,-37.967017,25.28,Government,Secondary,Southern Melbourne,Springvale South,,,
5350,Kilberry Valley Primary School,Government,Primary,Kilberry Boulevard,Hampton Park,3976,SOUTH-EASTERN VICTORIA,Southern Melbourne,Casey (C),145.27957,-38.034165,37.98,Government,Primary,Southern Melbourne,Hampton Park,,,
1547,Killester College,Catholic,Secondary,433 Springvale Road,Springvale,3171,SOUTH-EASTERN VICTORIA,Southern Melbourne,Greater Dandenong (C),145.152017,-37.959071,24.16,Catholic,Secondary,Southern Melbourne,Springvale,,,
2629,Koo Wee Rup Primary School,Government,Primary,28-34 Moody Street,Koo Wee Rup,3981,SOUTH-EASTERN VICTORIA,Southern Melbourne,Cardinia (S),145.492857,-38.194834,63.81,Government,Primary,Southern Melbourne,Koo Wee Rup,,,
7955,Koo Wee Rup Secondary College,Government,Secondary,345-357 Rossiter Road,Koo Wee Rup,3981,SOUTH-EASTERN VICTORIA,Southern Melbourne,Cardinia (S),145.495779,-38.197091,64.17,Government,Secondary,Southern Melbourne,Koo Wee Rup,,,
5602,Kurmile Primary School,Government,Primary,40 Fairweather Parade,Officer,3809,SOUTH-EASTERN VICTORIA,Southern Melbourne,Cardinia (S),145.397219,-38.059337,47.67,Government,Primary,Southern Melbourne,Officer,,,
5594,Kurrun Primary School,Government,Primary,22 Allsburg Avenue,Officer,3809,SOUTH-EASTERN VICTORIA,Southern Melbourne,Cardinia (S),145.404987,-38.070263,48.95,Government,Primary,Southern Melbourne,Officer,,,
5615,Kuyim Primary School,Government,Primary,10 Kenneth Road,Pakenham,3810,SOUTH-EASTERN VICTORIA,Southern Melbourne,Cardinia (S),145.448794,-38.055994,51.14,Government,Primary,Southern Melbourne,Pakenham,,,
2035,Lakeside College,Independent,Pri/Sec,2 Portobello Road,Pakenham,3810,SOUTH-EASTERN VICTORIA,Southern Melbourne,Cardinia (S),145.4559279,-38.06492414,52.21,Independent,Pri/Sec,Southern Melbourne,Pakenham,,,
2899,Lang Lang Primary School,Government,Primary,52 Westernport Road,Lang Lang,3984,SOUTH-EASTERN VICTORIA,Southern Melbourne,Cardinia (S),145.569397,-38.263173,73.89,Government,Primary,Southern Melbourne,Lang Lang,,,
1923,Lighthouse Christian College,Independent,Pri/Sec,927 Springvale Road,Keysborough,3173,SOUTH-EASTERN VICTORIA,Southern Melbourne,Greater Dandenong (C),145.143501,-38.001204,27.34,Independent,Pri/Sec,Southern Melbourne,Keysborough,,,
2054,Lighthouse Christian College Cranbourne,Independent,Pri/Sec,1785 South Gippsland Hwy,Cranbourne,3977,SOUTH-EASTERN VICTORIA,Southern Melbourne,Casey (C),145.3073,-38.14,48.30,Independent,Pri/Sec,Southern Melbourne,Cranbourne,,,
5494,Lynbrook Primary School,Government,Primary,Paterson Drive,Lynbrook,3975,SOUTH-EASTERN VICTORIA,Southern Melbourne,Casey (C),145.248986,-38.05239,37.56,Government,Primary,Southern Melbourne,Lynbrook,,,
5535,Lyndale Greens Primary School,Government,Primary,1 - 19 Oakwood Avenue,Dandenong North,3175,SOUTH-EASTERN VICTORIA,Southern Melbourne,Greater Dandenong (C),145.204651,-37.965052,27.95,Government,Primary,Southern Melbourne,Dandenong North,,,
8000,Lyndale Secondary College,Government,Secondary,14 Halton Road,Dandenong North,3175,SOUTH-EASTERN VICTORIA,Southern Melbourne,Greater Dandenong (C),145.206712,-37.958765,27.64,Government,Secondary,Southern Melbourne,Dandenong North,,,
5521,Lyndhurst Primary School,Government,Primary,70 Brookwater Parade,Lyndhurst,3975,SOUTH-EASTERN VICTORIA,Southern Melbourne,Casey (C),145.254082,-38.07496,39.75,Government,Primary,Southern Melbourne,Lyndhurst,,,
7108,Lyndhurst Secondary College,Government,Secondary,950 South Gippsland Highway,Cranbourne,3977,SOUTH-EASTERN VICTORIA,Southern Melbourne,Casey (C),145.271028,-38.075386,40.75,Government,Secondary,Southern Melbourne,Cranbourne,,,
2243,Lysterfield Lake College,Independent,Pri/Sec,20 A’Beckett Road,Narre Warren North,3804,SOUTH-EASTERN VICTORIA,Southern Melbourne,Casey (C),145.31604,-37.977477,36.63,Independent,Pri/Sec,Southern Melbourne,Narre Warren North,,,
5293,Maramba Primary School,Government,Primary,Maramba Drive,Narre Warren,3805,SOUTH-EASTERN VICTORIA,Southern Melbourne,Casey (C),145.304125,-38.003437,37.42,Government,Primary,Southern Melbourne,Narre Warren,,,
1679,Maranatha Christian School,Independent,Pri/Sec,104-108 Reema Boulevard,Endeavour Hills,3802,SOUTH-EASTERN VICTORIA,Southern Melbourne,Casey (C),145.278034,-37.970919,33.45,Independent,Pri/Sec,Southern Melbourne,Endeavour Hills,,,
5464,Marnebek School Cranbourne,Government,Special,9 New Holland Drive,Cranbourne East,3977,SOUTH-EASTERN VICTORIA,Southern Melbourne,Casey (C),145.2964999,-38.11020493,45.14,Government,Special,Southern Melbourne,Cranbourne East,,,
1944,Mary MacKillop School,Catholic,Primary,2 Ernst Wanke Road,Narre Warren North,3804,SOUTH-EASTERN VICTORIA,Southern Melbourne,Casey (C),145.311285,-37.995837,37.43,Catholic,Primary,Southern Melbourne,Narre Warren North,,,
1936,Minaret College,Independent,Pri/Sec,36-38 Lewis Street,Springvale,3171,SOUTH-EASTERN VICTORIA,Southern Melbourne,Greater Dandenong (C),145.148625,-37.93904,22.37,Independent,Pri/Sec,Southern Melbourne,Springvale,,,
5619,Mirniyan Primary School,Government,Primary,75 Welsummer Drive,Clyde North,3978,SOUTH-EASTERN VICTORIA,Southern Melbourne,Casey (C),145.337129,-38.102028,46.86,Government,Primary,Southern Melbourne,Clyde North,,,
5205,Mossgiel Park Primary School,Government,Primary,71 Scotsburn Way,Endeavour Hills,3802,SOUTH-EASTERN VICTORIA,Southern Melbourne,Casey (C),145.267718,-37.968386,32.55,Government,Primary,Southern Melbourne,Endeavour Hills,,,
1990,Mt Hira College,Independent,Pri/Sec,185 Perry Road,Keysborough,3173,SOUTH-EASTERN VICTORIA,Southern Melbourne,Greater Dandenong (C),145.175471,-38.013991,30.15,Independent,Pri/Sec,Southern Melbourne,Keysborough,,,
2248,Nar Nar Goon Primary School,Government,Primary,27 Spencer Street,Nar Nar Goon,3812,SOUTH-EASTERN VICTORIA,Southern Melbourne,Cardinia (S),145.574014,-38.082766,62.02,Government,Primary,Southern Melbourne,Nar Nar Goon,,,
2254,Narre Community Learning Centre | Foundation College,Independent,Special,1 Malcolm Crt,Narre Warren,3805,SOUTH-EASTERN VICTORIA,Southern Melbourne,Casey (C),145.305606,-38.026869,39.14,Independent,Special,Southern Melbourne,Narre Warren,,,
1901,Narre Warren North Primary School,Government,Primary,15-31 A'beckett Road,Narre  Warren  North,3804,SOUTH-EASTERN VICTORIA,Southern Melbourne,Casey (C),145.316923,-37.978585,36.76,Government,Primary,Southern Melbourne,Narre  Warren  North,,,
8839,Narre Warren South P-12 College,Government,Pri/Sec,Amberly Park Drive,Narre Warren South,3805,SOUTH-EASTERN VICTORIA,Southern Melbourne,Casey (C),145.285075,-38.049734,39.52,Government,Pri/Sec,Southern Melbourne,Narre Warren South,,,
1899,Nazareth College,Catholic,Secondary,Manning Drive,Noble Park North,3174,SOUTH-EASTERN VICTORIA,Southern Melbourne,Greater Dandenong (C),145.195459,-37.940226,25.58,Catholic,Secondary,Southern Melbourne,Noble Park North,,,
8749,Noble Park English Language School,Government,Language,21-35 Thomas Street,Noble Park,3174,SOUTH-EASTERN VICTORIA,Southern Melbourne,Greater Dandenong (C),145.178166,-37.971168,26.72,Government,Language,Southern Melbourne,Noble Park,,,
3675,Noble Park Primary School,Government,Primary,65 Buckley Street,Noble Park,3174,SOUTH-EASTERN VICTORIA,Southern Melbourne,Greater Dandenong (C),145.173906,-37.970627,26.42,Government,Primary,Southern Melbourne,Noble Park,,,
8813,Noble Park Secondary College,Government,Secondary,3 Callaghan Street,Noble Park,3174,SOUTH-EASTERN VICTORIA,Southern Melbourne,Greater Dandenong (C),145.182369,-37.970209,26.91,Government,Secondary,Southern Melbourne,Noble Park,,,
8865,Nossal High School,Government,Secondary,40 Sir Gustav Nossal Blvd,Berwick,3806,SOUTH-EASTERN VICTORIA,Southern Melbourne,Casey (C),145.336563,-38.038502,42.06,Government,Secondary,Southern Melbourne,Berwick,,,
5363,Oatlands Primary School,Government,Primary,79 - 93 Kurrajong Road,Narre Warren,3805,SOUTH-EASTERN VICTORIA,Southern Melbourne,Casey (C),145.31619,-38.006441,38.47,Government,Primary,Southern Melbourne,Narre Warren,,,
2742,Officer Primary School,Government,Primary,13-23 Tivendale Rd,Officer,3809,SOUTH-EASTERN VICTORIA,Southern Melbourne,Cardinia (S),145.410181,-38.058277,48.51,Government,Primary,Southern Melbourne,Officer,,,
8907,Officer Secondary College,Government,Secondary,1 Parker Street,Officer,3809,SOUTH-EASTERN VICTORIA,Southern Melbourne,Cardinia (S),145.410967,-38.072015,49.48,Government,Secondary,Southern Melbourne,Officer,,,
5550,Officer Specialist School,Government,Special,3 Parker Street,Officer,3809,SOUTH-EASTERN VICTORIA,Southern Melbourne,Cardinia (S),145.4113067,-38.07078882,49.42,Government,Special,Southern Melbourne,Officer,,,
5358,Orchard Park Primary School,Government,Primary,291 Pink Hill Boulevard,Officer,3809,SOUTH-EASTERN VICTORIA,Southern Melbourne,Cardinia (S),145.396589,-38.05488,47.33,Government,Primary,Southern Melbourne,Officer,,,
6243,Pakenham Consolidated School,Government,Primary,2 Rundell Way,Pakenham,3810,SOUTH-EASTERN VICTORIA,Southern Melbourne,Cardinia (S),145.464663,-38.065371,52.88,Government,Primary,Southern Melbourne,Pakenham,,,
5370,Pakenham Hills Primary School,Government,Primary,15 Kennedy Road,Pakenham,3810,SOUTH-EASTERN VICTORIA,Southern Melbourne,Cardinia (S),145.494421,-38.060626,54.78,Government,Primary,Southern Melbourne,Pakenham,,,
5504,Pakenham Lakeside Primary School,Government,Primary,23 Shearwater Drive,Pakenham,3810,SOUTH-EASTERN VICTORIA,Southern Melbourne,Cardinia (S),145.438998,-38.068457,51.22,Government,Primary,Southern Melbourne,Pakenham,,,
5527,Pakenham Primary School,Government,Primary,50 Atlantic Drive,Pakenham,3810,SOUTH-EASTERN VICTORIA,Southern Melbourne,Cardinia (S),145.5108401,-38.06393707,56.20,Government,Primary,Southern Melbourne,Pakenham,,,
8223,Pakenham Secondary College,Government,Secondary,1020 Princes Highway,Pakenham,3810,SOUTH-EASTERN VICTORIA,Southern Melbourne,Cardinia (S),145.471002,-38.068997,53.56,Government,Secondary,Southern Melbourne,Pakenham,,,
5507,Pakenham Springs Primary School,Government,Primary,5 Livingstone Boulevard,Pakenham,3810,SOUTH-EASTERN VICTORIA,Southern Melbourne,Cardinia (S),145.470076,-38.084508,54.47,Government,Primary,Southern Melbourne,Pakenham,,,
5591,Quarters Primary School,Government,Primary,10 Morningside Boulevard,Cranbourne West,3977,SOUTH-EASTERN VICTORIA,Southern Melbourne,Casey (C),145.250168,-38.09481,41.26,Government,Primary,Southern Melbourne,Cranbourne West,,,
5581,Ramlegh Park Primary School,Government,Primary,34S Thoroughbred Drive,Clyde North,3978,SOUTH-EASTERN VICTORIA,Southern Melbourne,Casey (C),145.338275,-38.114885,47.96,Government,Primary,Southern Melbourne,Clyde North,,,
5232,Rangebank Primary School,Government,Primary,14-36 Lesdon Avenue,Cranbourne,3977,SOUTH-EASTERN VICTORIA,Southern Melbourne,Casey (C),145.276217,-38.087362,42.05,Government,Primary,Southern Melbourne,Cranbourne,,,
1737,Resurrection School,Catholic,Primary,402 Corrigan Road,Keysborough,3173,SOUTH-EASTERN VICTORIA,Southern Melbourne,Greater Dandenong (C),145.16293,-37.989944,27.38,Catholic,Primary,Southern Melbourne,Keysborough,,,
5130,River Gum Primary School,Government,Primary,63 Fordholm Road,Hampton Park,3976,SOUTH-EASTERN VICTORIA,Southern Melbourne,Casey (C),145.260507,-38.034654,36.82,Government,Primary,Southern Melbourne,Hampton Park,,,
5087,Rosewood Downs Primary School,Government,Primary,25 Murray Road,Dandenong North,3175,SOUTH-EASTERN VICTORIA,Southern Melbourne,Greater Dandenong (C),145.213459,-37.944112,27.11,Government,Primary,Southern Melbourne,Dandenong North,,,
2246,Sidrah Gardens School,Independent,Primary,434-442 Belgrave-Hallam Road,Narre Warren North,3804,SOUTH-EASTERN VICTORIA,Southern Melbourne,Casey (C),145.315888,-37.973241,36.37,Independent,Primary,Southern Melbourne,Narre Warren North,,,
5120,Silverton Primary School,Government,Primary,77-123 Jacksons Road,Noble Park North,3174,SOUTH-EASTERN VICTORIA,Southern Melbourne,Greater Dandenong (C),145.192882,-37.949229,26.03,Government,Primary,Southern Melbourne,Noble Park North,,,
5235,Southern Cross Primary School,Government,Primary,1-21 David Collins Drive,Endeavour Hills,3802,SOUTH-EASTERN VICTORIA,Southern Melbourne,Casey (C),145.264412,-37.988234,33.63,Government,Primary,Southern Melbourne,Endeavour Hills,,,
5538,Spring Parks Primary School,Government,Primary,24 Erica Street,Springvale,3171,SOUTH-EASTERN VICTORIA,Southern Melbourne,Greater Dandenong (C),145.139507,-37.958843,23.41,Government,Primary,Southern Melbourne,Springvale,,,
5164,Springvale Park Special Developmental School,Government,Special,13-15 Sandown Road,Springvale,3171,SOUTH-EASTERN VICTORIA,Southern Melbourne,Greater Dandenong (C),145.1543122,-37.94935521,23.53,Government,Special,Southern Melbourne,Springvale,,,
5537,Springvale Rise Primary School,Government,Primary,32-52 Wareham Street,Springvale,3171,SOUTH-EASTERN VICTORIA,Southern Melbourne,Greater Dandenong (C),145.159045,-37.939258,23.06,Government,Primary,Southern Melbourne,Springvale,,,
1736,St Agatha's School,Catholic,Primary,Scott Street,Cranbourne,3977,SOUTH-EASTERN VICTORIA,Southern Melbourne,Casey (C),145.278852,-38.111642,44.28,Catholic,Primary,Southern Melbourne,Cranbourne,,,
1530,St Anthony's School,Catholic,Primary,90 Buckley Street,Noble Park,3174,SOUTH-EASTERN VICTORIA,Southern Melbourne,Greater Dandenong (C),145.172427,-37.97171,26.41,Catholic,Primary,Southern Melbourne,Noble Park,,,
2067,St Brigid's School,Catholic,Primary,25 Bayview Road,Officer,3809,SOUTH-EASTERN VICTORIA,Southern Melbourne,Cardinia (S),145.405667,-38.054618,47.95,Catholic,Primary,Southern Melbourne,Officer,,,
1956,St Catherine's Primary School,Catholic,Primary,73 Ridgemont Drive,Berwick,3806,SOUTH-EASTERN VICTORIA,Southern Melbourne,Casey (C),145.3369472,-38.06977499,44.35,Catholic,Primary,Southern Melbourne,Berwick,,,
2095,St Clare's Primary School,Catholic,Primary,95 Majestic Drive,Officer,3809,SOUTH-EASTERN VICTORIA,Southern Melbourne,Cardinia (S),145.4327127,-38.06277462,50.41,Catholic,Primary,Southern Melbourne,Officer,,,
1762,St Elizabeth's School,Catholic,Primary,111 Bakers Road,Dandenong North,3175,SOUTH-EASTERN VICTORIA,Southern Melbourne,Greater Dandenong (C),145.198878,-37.946321,26.24,Catholic,Primary,Southern Melbourne,Dandenong North,,,
1766,St Francis Xavier College,Catholic,Secondary,4 Beaconsfield Avenue,Beaconsfield,3807,SOUTH-EASTERN VICTORIA,Southern Melbourne,Cardinia (S),145.373106,-38.052002,45.50,Catholic,Secondary,Southern Melbourne,Beaconsfield,,,
2068,St Francis de Sales Catholic Primary School,Catholic,Primary,122 Paterson Drive,Lynbrook,3975,SOUTH-EASTERN VICTORIA,Southern Melbourne,Casey (C),145.252476,-38.059012,38.31,Catholic,Primary,Southern Melbourne,Lynbrook,,,
1566,St Gerard's School,Catholic,Primary,71 Gladstone Road,Dandenong North,3175,SOUTH-EASTERN VICTORIA,Southern Melbourne,Greater Dandenong (C),145.205824,-37.971329,28.49,Catholic,Primary,Southern Melbourne,Dandenong North,,,
1015,St James School,Catholic,Primary,60 Nar Nar Goon Road,Nar Nar Goon,3812,SOUTH-EASTERN VICTORIA,Southern Melbourne,Cardinia (S),145.5731875,-38.07303246,61.42,Catholic,Primary,Southern Melbourne,Nar Nar Goon,,,
1416,St John the Baptist's School,Catholic,Primary,Station Street,Koo Wee Rup,3981,SOUTH-EASTERN VICTORIA,Southern Melbourne,Cardinia (S),145.485268,-38.197464,63.53,Catholic,Primary,Southern Melbourne,Koo Wee Rup,,,
1588,St John's Regional College,Catholic,Secondary,5-11 Caroline Street,Dandenong,3175,SOUTH-EASTERN VICTORIA,Southern Melbourne,Greater Dandenong (C),145.226256,-37.990229,31.23,Catholic,Secondary,Southern Melbourne,Dandenong,,,
1429,St Joseph's School,Catholic,Primary,33 St John's Avenue,Springvale,3171,SOUTH-EASTERN VICTORIA,Southern Melbourne,Greater Dandenong (C),145.150344,-37.953229,23.59,Catholic,Primary,Southern Melbourne,Springvale,,,
2260,St Josephine Bakhita Catholic Primary School,Catholic,Primary,40 Wild Goose Way,Clyde North,3978,SOUTH-EASTERN VICTORIA,Southern Melbourne,Casey (C),145.364334,-38.111297,49.27,Catholic,Primary,Southern Melbourne,Clyde North,,,
1918,St Kevin's School,Catholic,Primary,120 Hallam Road,Hampton Park,3976,SOUTH-EASTERN VICTORIA,Southern Melbourne,Casey (C),145.2674,-38.039316,37.61,Catholic,Primary,Southern Melbourne,Hampton Park,,,
1316,St Margaret’s Berwick Grammar,Independent,Pri/Sec,27-47 Gloucester Ave,Berwick,3806,SOUTH-EASTERN VICTORIA,Southern Melbourne,Casey (C),145.346545,-38.035346,42.53,Independent,Pri/Sec,Southern Melbourne,Berwick,,,
935,St Mary's School,Catholic,Primary,20-24 New Street,Dandenong,3175,SOUTH-EASTERN VICTORIA,Southern Melbourne,Greater Dandenong (C),145.220836,-37.990671,30.92,Catholic,Primary,Southern Melbourne,Dandenong,,,
1624,St Michael's School,Catholic,Primary,16 Scanlan Street,Berwick,3806,SOUTH-EASTERN VICTORIA,Southern Melbourne,Casey (C),145.353572,-38.033824,42.91,Catholic,Primary,Southern Melbourne,Berwick,,,
386,St Patrick's School,Catholic,Primary,136 Princes Highway,Pakenham,3810,SOUTH-EASTERN VICTORIA,Southern Melbourne,Cardinia (S),145.4745267,-38.06938466,53.84,Catholic,Primary,Southern Melbourne,Pakenham,,,
1897,St Paul Apostle North School,Catholic,Primary,76 Mossgiel Park Drive,Endeavour Hills,3802,SOUTH-EASTERN VICTORIA,Southern Melbourne,Casey (C),145.262664,-37.967529,32.13,Catholic,Primary,Southern Melbourne,Endeavour Hills,,,
1820,St Paul Apostle South School,Catholic,Primary,9 William Hovell Drive,Endeavour Hills,3802,SOUTH-EASTERN VICTORIA,Southern Melbourne,Casey (C),145.257929,-37.980524,32.66,Catholic,Primary,Southern Melbourne,Endeavour Hills,,,
1920,St Peter's College,Catholic,Secondary,1005 Cranbourne-Frankston Road,Cranbourne,3977,SOUTH-EASTERN VICTORIA,Southern Melbourne,Casey (C),145.256866,-38.108411,42.82,Catholic,Secondary,Southern Melbourne,Cranbourne,,,
1926,St Therese's School,Catholic,Primary,131 Endeavour Drive,Cranbourne,3977,SOUTH-EASTERN VICTORIA,Southern Melbourne,Casey (C),145.267244,-38.07727,40.69,Catholic,Primary,Southern Melbourne,Cranbourne,,,
1966,St Thomas Aquinas College,Independent,Pri/Sec,1 Tynong Road,Tynong,3813,SOUTH-EASTERN VICTORIA,Southern Melbourne,Cardinia (S),145.6236872,-38.08322193,65.84,Independent,Pri/Sec,Southern Melbourne,Tynong,,,
2090,St Thomas the Apostle Catholic Primary School,Catholic,Primary,Enter via Mac Killop Way,Cranbourne East,3977,SOUTH-EASTERN VICTORIA,Southern Melbourne,Casey (C),145.317042,-38.116173,46.81,Catholic,Primary,Southern Melbourne,Cranbourne East,,,
5463,Strathaird Primary School,Government,Primary,20 Sherwood Road,Narre Warren South,3805,SOUTH-EASTERN VICTORIA,Southern Melbourne,Casey (C),145.28692,-38.06312,40.69,Government,Primary,Southern Melbourne,Narre Warren South,,,
5294,Thomas Mitchell Primary School,Government,Primary,67-77 Thomas Mitchell Drive,Endeavour Hills,3802,SOUTH-EASTERN VICTORIA,Southern Melbourne,Casey (C),145.27391,-37.980562,33.78,Government,Primary,Southern Melbourne,Endeavour Hills,,,
5479,Timbarra P-9 College,Government,Pri/Sec,159-197 Parkhill Drive,Berwick,3806,SOUTH-EASTERN VICTORIA,Southern Melbourne,Casey (C),145.3226276,-38.01557462,39.53,Government,Pri/Sec,Southern Melbourne,Berwick,,,
1503,Tooradin Primary School,Government,Primary,Bayview Road,Tooradin,3980,SOUTH-EASTERN VICTORIA,Southern Melbourne,Casey (C),145.378493,-38.207631,58.06,Government,Primary,Southern Melbourne,Tooradin,,,
5598,Topirum Primary School,Government,Primary,451 Hardys Road,Clyde North,3978,SOUTH-EASTERN VICTORIA,Southern Melbourne,Casey (C),145.384694,-38.108902,50.37,Government,Primary,Southern Melbourne,Clyde North,,,
1993,Trinity Catholic Primary School,Catholic,Primary,103-129 Oak Grove Drive,Narre Warren South,3805,SOUTH-EASTERN VICTORIA,Southern Melbourne,Casey (C),145.297985,-38.055386,40.77,Catholic,Primary,Southern Melbourne,Narre Warren South,,,
5553,Tulliallan Primary School,Government,Primary,89 Wheelers Park Drive,Cranbourne North,3977,SOUTH-EASTERN VICTORIA,Southern Melbourne,Casey (C),145.327335,-38.0816,44.65,Government,Primary,Southern Melbourne,Cranbourne North,,,
5609,Turrun Primary School,Government,Primary,60 Macumba Drive,Clyde North,3978,SOUTH-EASTERN VICTORIA,Southern Melbourne,Casey (C),145.353099,-38.082509,46.35,Government,Primary,Southern Melbourne,Clyde North,,,
5055,Wallarano Primary School,Government,Primary,38-64 Wallarano Drive,Noble Park,3174,SOUTH-EASTERN VICTORIA,Southern Melbourne,Greater Dandenong (C),145.170823,-37.979621,26.96,Government,Primary,Southern Melbourne,Noble Park,,,
5558,Wilandra Rise Primary School,Government,Primary,25 Aayana Street,Clyde North,3978,SOUTH-EASTERN VICTORIA,Southern Melbourne,Casey (C),145.319813,-38.108927,46.38,Government,Primary,Southern Melbourne,Clyde North,,,
4989,Wooranna Park Primary School,Government,Primary,89-105 Carlton Road,Dandenong,3175,SOUTH-EASTERN VICTORIA,Southern Melbourne,Greater Dandenong (C),145.216358,-37.960245,28.40,Government,Primary,Southern Melbourne,Dandenong,,,
7724,Wulerrp Secondary College,Government,Secondary,560 Soldiers Road,Clyde North,3978,SOUTH-EASTERN VICTORIA,Southern Melbourne,Casey (C),145.36665,-38.091026,47.87,Government,Secondary,Southern Melbourne,Clyde North,,,
4807,Yarraman Oaks Primary School,Government,Primary,27 Liege Avenue,Noble Park,3174,SOUTH-EASTERN VICTORIA,Southern Melbourne,Greater Dandenong (C),145.191525,-37.970289,27.49,Government,Primary,Southern Melbourne,Noble Park,,,
4220,Aberfeldie Primary School,Government,Primary,1 Doone Street,Aberfeldie,3040,SOUTH-WESTERN VICTORIA,Western Melbourne,Moonee Valley (C),144.894774,-37.756488,7.80,Government,Primary,Western Melbourne,Aberfeldie,,,
1906,Al-Taqwa College,Independent,Pri/Sec,201 Sayers Road,Truganina,3029,SOUTH-WESTERN VICTORIA,Western Melbourne,Wyndham (C),144.722023,-37.85265,22.07,Independent,Pri/Sec,Western Melbourne,Truganina,,,
5528,Alamanda K-9 College,Government,Pri/Sec,86-100 Alamanda Boulevard,Point Cook,3030,SOUTH-WESTERN VICTORIA,Western Melbourne,Wyndham (C),144.741329,-37.908238,22.97,Government,Pri/Sec,Western Melbourne,Point Cook,,,
8857,Altona College,Government,Pri/Sec,103A Grieve Parade,Altona,3018,SOUTH-WESTERN VICTORIA,Western Melbourne,Hobsons Bay (C),144.818639,-37.861911,14.52,Government,Pri/Sec,Western Melbourne,Altona,,,
5287,Altona Green Primary School,Government,Primary,240 - 248 Victoria Street,Altona Meadows,3028,SOUTH-WESTERN VICTORIA,Western Melbourne,Hobsons Bay (C),144.784916,-37.886773,18.47,Government,Primary,Western Melbourne,Altona Meadows,,,
5172,Altona Meadows Primary School,Government,Primary,78-88 Alma Avenue,Altona Meadows,3028,SOUTH-WESTERN VICTORIA,Western Melbourne,Hobsons Bay (C),144.779729,-37.868687,17.91,Government,Primary,Western Melbourne,Altona Meadows,,,
4931,Altona North Primary School,Government,Primary,51 Cresser Street,Altona North,3025,SOUTH-WESTERN VICTORIA,Western Melbourne,Hobsons Bay (C),144.849169,-37.836977,10.91,Government,Primary,Western Melbourne,Altona North,,,
3923,Altona Primary School,Government,Primary,109 Blyth Street,Altona,3018,SOUTH-WESTERN VICTORIA,Western Melbourne,Hobsons Bay (C),144.822742,-37.867708,14.53,Government,Primary,Western Melbourne,Altona,,,
1648,Annunciation School,Catholic,Primary,4-14 Nolan Avenue,Brooklyn,3012,SOUTH-WESTERN VICTORIA,Western Melbourne,Hobsons Bay (C),144.847959,-37.820989,10.48,Catholic,Primary,Western Melbourne,Brooklyn,,,
5109,Ascot Vale Heights School,Government,Special,1 Tasma Street,Ascot Vale,3032,SOUTH-WESTERN VICTORIA,Western Melbourne,Moonee Valley (C),144.932355,-37.776821,3.82,Government,Special,Western Melbourne,Ascot Vale,,,
2608,Ascot Vale Primary School,Government,Primary,Bank Street,Ascot Vale,3032,SOUTH-WESTERN VICTORIA,Western Melbourne,Moonee Valley (C),144.926119,-37.774322,4.41,Government,Primary,Western Melbourne,Ascot Vale,,,
4025,Ascot Vale West Primary School,Government,Primary,8 Langs Rd,Ascot Vale,3032,SOUTH-WESTERN VICTORIA,Western Melbourne,Moonee Valley (C),144.911125,-37.78068,5.15,Government,Primary,Western Melbourne,Ascot Vale,,,
2253,Australian Islamic Centre College,Independent,Primary,23-27 Blenheim Road,Newport,3015,SOUTH-WESTERN VICTORIA,Western Melbourne,Hobsons Bay (C),144.862472,-37.8465,10.33,Independent,Primary,Western Melbourne,Newport,,,
1625,Ave Maria College,Catholic,Secondary,14-22 Vida Street,Aberfeldie,3040,SOUTH-WESTERN VICTORIA,Western Melbourne,Moonee Valley (C),144.897964,-37.756618,7.57,Catholic,Secondary,Western Melbourne,Aberfeldie,,,
4812,Avondale Primary School,Government,Primary,24 Wood Street,Avondale Heights,3034,SOUTH-WESTERN VICTORIA,Western Melbourne,Moonee Valley (C),144.860851,-37.767841,9.77,Government,Primary,Western Melbourne,Avondale Heights,,,
5315,Baden Powell P-9 College,Government,Pri/Sec,31 Sycamore Street,Hoppers Crossing,3029,SOUTH-WESTERN VICTORIA,Western Melbourne,Wyndham (C),144.691019,-37.859838,24.90,Government,Pri/Sec,Western Melbourne,Hoppers Crossing,,,
5614,Barayip Primary School,Government,Primary,290 Hummingbird Boulevard,Tarneit,3029,SOUTH-WESTERN VICTORIA,Western Melbourne,Wyndham (C),144.640016,-37.834882,28.75,Government,Primary,Western Melbourne,Tarneit,,,
8800,Bayside P-12 College,Government,Pri/Sec,29-69 Kororoit Creek Road,Williamstown,3016,SOUTH-WESTERN VICTORIA,Western Melbourne,Hobsons Bay (C),144.8852138,-37.85770007,9.45,Government,Pri/Sec,Western Melbourne,Williamstown,,,
5254,Bellbridge Primary School,Government,Primary,120 Bellbridge Drive,Hoppers Crossing,3029,SOUTH-WESTERN VICTORIA,Western Melbourne,Wyndham (C),144.71078,-37.871082,23.62,Government,Primary,Western Melbourne,Hoppers Crossing,,,
8396,Bemin Secondary College,Government,Secondary,805 Morris Road,Truganina,3029,SOUTH-WESTERN VICTORIA,Western Melbourne,Wyndham (C),144.709748,-37.826407,22.55,Government,Secondary,Western Melbourne,Truganina,,,
1945,Bethany Catholic Primary School,Catholic,Primary,80 Thames Boulevard,Werribee North,3030,SOUTH-WESTERN VICTORIA,Western Melbourne,Wyndham (C),144.658661,-37.875586,28.12,Catholic,Primary,Western Melbourne,Werribee North,,,
7645,Braybrook College,Government,Secondary,352 Ballarat Road,Braybrook,3019,SOUTH-WESTERN VICTORIA,Western Melbourne,Maribyrnong (C),144.847537,-37.778257,10.54,Government,Secondary,Western Melbourne,Braybrook,,,
8292,Brinbeal Secondary College,Government,Secondary,2 Connaught Road,Tarneit,3029,SOUTH-WESTERN VICTORIA,Western Melbourne,Wyndham (C),144.643456,-37.853585,28.80,Government,Secondary,Western Melbourne,Tarneit,,,
7670,Buckley Park College,Government,Secondary,59-99 Cooper Street,Essendon,3040,SOUTH-WESTERN VICTORIA,Western Melbourne,Moonee Valley (C),144.897755,-37.747117,8.30,Government,Secondary,Western Melbourne,Essendon,,,
5312,Cambridge Primary School,Government,Primary,Carruthers Drive,Hoppers Crossing,3029,SOUTH-WESTERN VICTORIA,Western Melbourne,Wyndham (C),144.675695,-37.867389,26.43,Government,Primary,Western Melbourne,Hoppers Crossing,,,
2605,Carlton Gardens Primary School,Government,Primary,215 Rathdowne Street,Carlton,3053,SOUTH-WESTERN VICTORIA,Western Melbourne,Melbourne (C),144.969512,-37.802047,0.51,Government,Primary,Western Melbourne,Carlton,,,
4980,Carlton Primary School,Government,Primary,150 Palmerston Street,Carlton,3053,SOUTH-WESTERN VICTORIA,Western Melbourne,Melbourne (C),144.97045,-37.795602,0.74,Government,Primary,Western Melbourne,Carlton,,,
1801,Caroline Chisholm Catholic College,Catholic,Secondary,204 Churchill Avenue,Braybrook,3019,SOUTH-WESTERN VICTORIA,Western Melbourne,Maribyrnong (C),144.8501,-37.785858,10.16,Catholic,Secondary,Western Melbourne,Braybrook,,,
5486,Carranballac P-9 College,Government,Pri/Sec,Cnr Foxwood Dve & Dunnings Rd,Point Cook,3030,SOUTH-WESTERN VICTORIA,Western Melbourne,Wyndham (C),144.743132,-37.884736,21.58,Government,Pri/Sec,Western Melbourne,Point Cook,,,
330,Christ Church Grammar School,Independent,Primary,677 Punt Road,South Yarra,3141,SOUTH-WESTERN VICTORIA,Western Melbourne,Melbourne (C),144.985738,-37.838952,4.71,Independent,Primary,Western Melbourne,South Yarra,,,
1543,Christ the King Primary School,Catholic,Primary,28 Riley Court,Braybrook,3019,SOUTH-WESTERN VICTORIA,Western Melbourne,Maribyrnong (C),144.86196,-37.787611,9.10,Catholic,Primary,Western Melbourne,Braybrook,,,
1466,Corpus Christi School,Catholic,Primary,380 Geelong Road,Kingsville,3012,SOUTH-WESTERN VICTORIA,Western Melbourne,Maribyrnong (C),144.872915,-37.808532,8.08,Catholic,Primary,Western Melbourne,Kingsville,,,
1898,Corpus Christi School,Catholic,Primary,29  Russell Street,Werribee,3030,SOUTH-WESTERN VICTORIA,Western Melbourne,Wyndham (C),144.6634428,-37.90994759,29.10,Catholic,Primary,Western Melbourne,Werribee,,,
5505,Davis Creek Primary School,Government,Primary,65 Wootten Road,Tarneit,3029,SOUTH-WESTERN VICTORIA,Western Melbourne,Wyndham (C),144.660236,-37.855876,27.42,Government,Primary,Western Melbourne,Tarneit,,,
5068,Debney Meadows Primary School,Government,Primary,100 Victoria Street,Flemington,3031,SOUTH-WESTERN VICTORIA,Western Melbourne,Moonee Valley (C),144.935148,-37.785985,3.00,Government,Primary,Western Melbourne,Flemington,,,
5450,Dinjerra Primary School,Government,Primary,44 South Road,Braybrook,3019,SOUTH-WESTERN VICTORIA,Western Melbourne,Maribyrnong (C),144.856117,-37.791693,9.55,Government,Primary,Western Melbourne,Braybrook,,,
5573,Docklands Primary School,Government,Primary,17 Little Docklands Drive,Docklands,3008,SOUTH-WESTERN VICTORIA,Western Melbourne,Melbourne (C),144.940553,-37.812714,2.51,Government,Primary,Western Melbourne,Docklands,,,
8397,Dohertys Creek P-9 College,Government,Pri/Sec,60 Elmhurst Road,Truganina,3029,SOUTH-WESTERN VICTORIA,Western Melbourne,Wyndham (C),144.733911,-37.842976,20.79,Government,Pri/Sec,Western Melbourne,Truganina,,,
1654,Emmanuel College,Catholic,Secondary,423 Blackshaws Road,Altona North,3025,SOUTH-WESTERN VICTORIA,Western Melbourne,Hobsons Bay (C),144.842389,-37.831623,11.27,Catholic,Secondary,Western Melbourne,Altona North,,,
8806,Essendon Keilor College,Government,Secondary,Quinn Grove,Keilor East,3033,SOUTH-WESTERN VICTORIA,Western Melbourne,Moonee Valley (C),144.8697108,-37.73970794,10.69,Government,Secondary,Western Melbourne,Keilor East,,,
4015,Essendon North Primary School,Government,Primary,112 Keilor Road,Essendon North,3041,SOUTH-WESTERN VICTORIA,Western Melbourne,Moonee Valley (C),144.903193,-37.741516,8.44,Government,Primary,Western Melbourne,Essendon North,,,
483,Essendon Primary School,Government,Primary,38 Raleigh Street,Essendon,3040,SOUTH-WESTERN VICTORIA,Western Melbourne,Moonee Valley (C),144.921042,-37.753095,6.46,Government,Primary,Western Melbourne,Essendon,,,
8899,Featherbrook P-9 College,Government,Pri/Sec,281 Boardwalk Boulevard,Point Cook,3030,SOUTH-WESTERN VICTORIA,Western Melbourne,Wyndham (C),144.7275192,-37.90163614,23.66,Government,Pri/Sec,Western Melbourne,Point Cook,,,
250,Flemington Primary School,Government,Primary,Cnr Mt Alexander Rd & Padman Lane,Flemington,3031,SOUTH-WESTERN VICTORIA,Western Melbourne,Moonee Valley (C),144.933923,-37.780674,3.43,Government,Primary,Western Melbourne,Flemington,,,
1912,Footscray City Primary School,Government,Primary,10 Hyde Street,Footscray,3011,SOUTH-WESTERN VICTORIA,Western Melbourne,Maribyrnong (C),144.900253,-37.8064,5.67,Government,Primary,Western Melbourne,Footscray,,,
7842,Footscray High School,Government,Secondary,1 Kinnear Street,Footscray,3011,SOUTH-WESTERN VICTORIA,Western Melbourne,Maribyrnong (C),144.8937633,-37.79104291,6.28,Government,Secondary,Western Melbourne,Footscray,,,
4160,Footscray North Primary School,Government,Primary,14 Rosamond Road,Footscray,3011,SOUTH-WESTERN VICTORIA,Western Melbourne,Maribyrnong (C),144.883372,-37.787746,7.24,Government,Primary,Western Melbourne,Footscray,,,
253,Footscray Primary School,Government,Primary,100 Geelong Road,Footscray,3011,SOUTH-WESTERN VICTORIA,Western Melbourne,Maribyrnong (C),144.892669,-37.798383,6.30,Government,Primary,Western Melbourne,Footscray,,,
3890,Footscray West Primary School,Government,Primary,17 Argyle Street,West Footscray,3012,SOUTH-WESTERN VICTORIA,Western Melbourne,Maribyrnong (C),144.875267,-37.794867,7.84,Government,Primary,Western Melbourne,West Footscray,,,
5574,Garrang Wilam Primary School,Government,Primary,2 Canvas Street,Truganina,3029,SOUTH-WESTERN VICTORIA,Western Melbourne,Wyndham (C),144.72505,-37.828778,21.26,Government,Primary,Western Melbourne,Truganina,,,
1957,Good News Lutheran College,Independent,Pri/Sec,580 Tarneit Road,Tarneit,3029,SOUTH-WESTERN VICTORIA,Western Melbourne,Wyndham (C),144.666605,-37.855248,26.86,Independent,Pri/Sec,Western Melbourne,Tarneit,,,
1846,Heathdale Christian College,Independent,Pri/Sec,175 Derrimut Rd,Werribee,3030,SOUTH-WESTERN VICTORIA,Western Melbourne,Wyndham (C),144.681332,-37.881318,26.44,Independent,Pri/Sec,Western Melbourne,Werribee,,,
2113,Hester Hornbrook Academy,Independent,Special,"Level 8, 601 Bourke Street",Melbourne,3000,SOUTH-EASTERN VICTORIA,Western Melbourne,Port Phillip (C),144.95615,-37.816544,1.96,Independent,Special,Western Melbourne,Melbourne,,,
2024,Holmes Grammar School,Independent,Secondary,185 Spring Street,Melbourne,3000,SOUTH-WESTERN VICTORIA,Western Melbourne,Melbourne (C),144.972271,-37.810302,1.33,Independent,Secondary,Western Melbourne,Melbourne,https://www.holmesgrammar.vic.edu.au/,https://cdn.prod.website-files.com/678d9ca358a88efae5ca716e/67902137aa4fe63ad74179f9_Holmes%20Grammar%20School%20Logo_Horizontal.png,Required for nearest-six secondary school
1033,Holy Rosary School,Catholic,Primary,37 Gower Street,Kensington,3031,SOUTH-WESTERN VICTORIA,Western Melbourne,Melbourne (C),144.92878,-37.795584,3.16,Catholic,Primary,Western Melbourne,Kensington,,,
8246,Homestead Senior Secondary College,Government,Secondary,9 Coaching Parade,Point Cook,3030,SOUTH-WESTERN VICTORIA,Western Melbourne,Wyndham (C),144.768584,-37.915734,21.46,Government,Secondary,Western Melbourne,Point Cook,,,
8710,Hoppers Crossing Secondary College,Government,Secondary,2 Fraser Street,Hoppers Crossing,3029,SOUTH-WESTERN VICTORIA,Western Melbourne,Wyndham (C),144.695358,-37.871223,24.91,Government,Secondary,Western Melbourne,Hoppers Crossing,,,
5152,Iramoo Primary School,Government,Primary,261 - 269 Mcgrath Road,Wyndham Vale,3024,SOUTH-WESTERN VICTORIA,Western Melbourne,Wyndham (C),144.628567,-37.895871,31.34,Government,Primary,Western Melbourne,Wyndham Vale,,,
2073,Islamic College of Melbourne,Independent,Pri/Sec,83 Wootten Road,Tarneit,3029,SOUTH-WESTERN VICTORIA,Western Melbourne,Wyndham (C),144.660376,-37.854236,27.36,Independent,Pri/Sec,Western Melbourne,Tarneit,,,
5215,Jennings Street School,Government,Special,4 Jennings Street,Laverton,3028,SOUTH-WESTERN VICTORIA,Western Melbourne,Hobsons Bay (C),144.773634,-37.85635,17.88,Government,Special,Western Melbourne,Laverton,,,
5596,Karwan Primary School,Government,Primary,455 Bethany Road,Tarneit,3029,SOUTH-WESTERN VICTORIA,Western Melbourne,Wyndham (C),144.645769,-37.852612,28.58,Government,Primary,Western Melbourne,Tarneit,,,
4877,Keilor Heights Primary School,Government,Primary,Ronald Grove,Keilor East,3033,SOUTH-WESTERN VICTORIA,Western Melbourne,Moonee Valley (C),144.866495,-37.737516,11.06,Government,Primary,Western Melbourne,Keilor East,,,
7947,Kensington Community High School,Government,Secondary,405 Racecourse Rd,Kensington,3031,SOUTH-WESTERN VICTORIA,Western Melbourne,Melbourne (C),144.925577,-37.787909,3.66,Government,Secondary,Western Melbourne,Kensington,,,
2374,Kensington Primary School,Government,Primary,62-74 McCracken Street,Kensington,3031,SOUTH-WESTERN VICTORIA,Western Melbourne,Melbourne (C),144.927615,-37.79267,3.33,Government,Primary,Western Melbourne,Kensington,,,
3988,Kingsville Primary School,Government,Primary,58 Bishop Street,Yarraville,3013,SOUTH-WESTERN VICTORIA,Western Melbourne,Maribyrnong (C),144.874657,-37.812595,8.00,Government,Primary,Western Melbourne,Yarraville,,,
5599,Laa Yulta Primary School,Government,Primary,10 Elementary Road,Mambourin,3024,SOUTH-WESTERN VICTORIA,Western Melbourne,Wyndham (C),144.59592,-37.885494,33.71,Government,Primary,Western Melbourne,Mambourin,,,
8861,Laverton P-12 College,Government,Pri/Sec,91 Bladin Street,Laverton,3028,SOUTH-WESTERN VICTORIA,Western Melbourne,Hobsons Bay (C),144.7726329,-37.85617409,17.95,Government,Pri/Sec,Western Melbourne,Laverton,,,
1961,Little River Primary School,Government,Primary,21 Flinders Street,Little River,3211,SOUTH-WESTERN VICTORIA,Western Melbourne,Wyndham (C),144.50037,-37.965013,44.65,Government,Primary,Western Melbourne,Little River,,,
5593,Lollypop Creek Primary School,Government,Primary,114 Shipwright Parade,Werribee,3030,SOUTH-WESTERN VICTORIA,Western Melbourne,Wyndham (C),144.613418,-37.910972,33.18,Government,Primary,Western Melbourne,Werribee,,,
1117,Lowther Hall Anglican Grammar School,Independent,Pri/Sec,17 Leslie Road,Essendon,3040,SOUTH-WESTERN VICTORIA,Western Melbourne,Moonee Valley (C),144.914974,-37.759908,6.23,Independent,Pri/Sec,Western Melbourne,Essendon,,,
1991,Lumen Christi School,Catholic,Primary,260 - 278 Point Cook Road,Point Cook,3030,SOUTH-WESTERN VICTORIA,Western Melbourne,Wyndham (C),144.753344,-37.892603,21.19,Catholic,Primary,Western Melbourne,Point Cook,,,
1684,MacKillop Catholic Regional College,Catholic,Secondary,1 Russell Street,Werribee,3030,SOUTH-WESTERN VICTORIA,Western Melbourne,Wyndham (C),144.6651016,-37.90950211,28.95,Catholic,Secondary,Western Melbourne,Werribee,,,
8848,Manor Lakes P-12 College,Government,Pri/Sec,2-50 Minindee Road,Wyndham Vale,3024,SOUTH-WESTERN VICTORIA,Western Melbourne,Wyndham (C),144.601853,-37.873507,32.86,Government,Pri/Sec,Western Melbourne,Wyndham Vale,,,
5091,Manorvale Primary School,Government,Primary,232-246 Greaves St North,Werribee,3030,SOUTH-WESTERN VICTORIA,Western Melbourne,Wyndham (C),144.643892,-37.89406,30.01,Government,Primary,Western Melbourne,Werribee,,,
8015,Maribyrnong College,Government,Secondary,Gordon Street,Maribyrnong,3032,SOUTH-WESTERN VICTORIA,Western Melbourne,Maribyrnong (C),144.888234,-37.779315,7.07,Government,Secondary,Western Melbourne,Maribyrnong,,,
509,Melbourne Girls Grammar,Independent,Pri/Sec,86 Anderson Street,South Yarra,3141,SOUTH-WESTERN VICTORIA,Western Melbourne,Melbourne (C),144.984803,-37.831692,3.95,Independent,Pri/Sec,Western Melbourne,South Yarra,,,
2072,Melbourne Grammar School,Independent,Pri/Sec,355 St Kilda Road,Melbourne,3004,SOUTH-WESTERN VICTORIA,Western Melbourne,Melbourne (C),144.9770931,-37.83359283,3.89,Independent,Pri/Sec,Western Melbourne,Melbourne,,,
2100,Melbourne Indigenous Transition School,Independent,Special,16 The Vaucluse,Richmond,3121,SOUTH-WESTERN VICTORIA,Western Melbourne,Melbourne (C),144.9892635,-37.81954365,3.08,Independent,Special,Western Melbourne,Richmond,,,
3987,Moonee Ponds Primary School,Government,Primary,87 Wilson Street,Moonee Ponds,3039,SOUTH-WESTERN VICTORIA,Western Melbourne,Moonee Valley (C),144.932986,-37.763341,4.93,Government,Primary,Western Melbourne,Moonee Ponds,,,
2901,Moonee Ponds West Primary School,Government,Primary,150 Athol Street,Moonee Ponds,3039,SOUTH-WESTERN VICTORIA,Western Melbourne,Moonee Valley (C),144.909334,-37.768947,5.94,Government,Primary,Western Melbourne,Moonee Ponds,,,
5002,Mossfiel Primary School,Government,Primary,15a Langridge Street,Hoppers Crossing,3029,SOUTH-WESTERN VICTORIA,Western Melbourne,Wyndham (C),144.696117,-37.872881,24.90,Government,Primary,Western Melbourne,Hoppers Crossing,,,
7763,Mount Alexander 7-12 College,Government,Secondary,78 Wellington Street,Flemington,3031,SOUTH-WESTERN VICTORIA,Western Melbourne,Moonee Valley (C),144.933235,-37.782154,3.38,Government,Secondary,Western Melbourne,Flemington,,,
1635,Mount St Joseph Girls' College,Catholic,Secondary,133 Maidstone Street,Altona,3018,SOUTH-WESTERN VICTORIA,Western Melbourne,Hobsons Bay (C),144.811674,-37.863902,15.17,Catholic,Secondary,Western Melbourne,Altona,,,
5597,Nearnung Primary School,Government,Primary,85 Polly Parade,Tarneit,3029,SOUTH-WESTERN VICTORIA,Western Melbourne,Wyndham (C),144.684961,-37.82571,24.70,Government,Primary,Western Melbourne,Tarneit,,,
2107,Newmark Primary,Independent,Primary,126-128 Nelson Place,Williamstown,3016,SOUTH-WESTERN VICTORIA,Western Melbourne,Hobsons Bay (C),144.905196,-37.863109,8.72,Independent,Primary,Western Melbourne,Williamstown,,,
4665,Newport Gardens Primary School,Government,Primary,Cnr Woods St & Maddox Rd,Newport,3015,SOUTH-WESTERN VICTORIA,Western Melbourne,Hobsons Bay (C),144.868832,-37.845209,9.77,Government,Primary,Western Melbourne,Newport,,,
113,Newport Lakes Primary School,Government,Primary,40 Elizabeth street,Newport,3015,SOUTH-WESTERN VICTORIA,Western Melbourne,Hobsons Bay (C),144.878345,-37.838424,8.67,Government,Primary,Western Melbourne,Newport,,,
6366,Nganboo Borron School,Government,Special,2 Frome Crescent,Werribee,3030,SOUTH-WESTERN VICTORIA,Western Melbourne,Wyndham (C),144.603338,-37.907931,33.88,Government,Special,Western Melbourne,Werribee,,,
5592,Ngarri Primary School,Government,Primary,70 Holyoake Parade,Manor Lakes,3024,SOUTH-WESTERN VICTORIA,Western Melbourne,Wyndham (C),144.584029,-37.866791,34.21,Government,Primary,Western Melbourne,Manor Lakes,,,
5362,Niddrie Autistic School,Government,Special,Cnr Garnet And Teague Street,Niddrie,3042,SOUTH-WESTERN VICTORIA,Western Melbourne,Moonee Valley (C),144.887062,-37.743926,9.23,Government,Special,Western Melbourne,Niddrie,,,
5410,Niddrie Primary School,Government,Primary,25 Watt Street,Niddrie,3042,SOUTH-WESTERN VICTORIA,Western Melbourne,Moonee Valley (C),144.878433,-37.7308455,10.78,Government,Primary,Western Melbourne,Niddrie,,,
1402,North Melbourne Primary School,Government,Primary,210 Errol Street,North Melbourne,3051,SOUTH-WESTERN VICTORIA,Western Melbourne,Melbourne (C),144.950637,-37.798733,1.21,Government,Primary,Western Melbourne,North Melbourne,,,
2257,OakTree College,Independent,Secondary,2/371 Somerville Road,West Footscray,3012,SOUTH-WESTERN VICTORIA,Western Melbourne,Maribyrnong (C),144.86536,-37.81121,8.78,Independent,Secondary,Western Melbourne,West Footscray,,,
1585,Our Lady of the Nativity School,Catholic,Primary,29 Fawkner Street,Aberfeldie,3040,SOUTH-WESTERN VICTORIA,Western Melbourne,Moonee Valley (C),144.896581,-37.756347,7.69,Catholic,Primary,Western Melbourne,Aberfeldie,,,
2057,Our Lady of the Southern Cross,Catholic,Primary,2-20 Howqua Way,Manor Lakes,3024,SOUTH-WESTERN VICTORIA,Western Melbourne,Wyndham (C),144.606223,-37.875846,32.55,Catholic,Primary,Western Melbourne,Manor Lakes,,,
2016,Ozford College,Independent,Secondary,123-129 Lonsdale Street,Melbourne,3000,SOUTH-WESTERN VICTORIA,Western Melbourne,Melbourne (C),144.954425,-37.812887,1.67,Independent,Secondary,Western Melbourne,Melbourne,https://ozford.edu.au/,https://ozford.edu.au/media/images/OIHE_new_logo_260505_002847_page-0001.original.jpg,Required for nearest-six secondary school
8916,Parkville College,Government,Special,900-930 Park Street,Parkville,3052,SOUTH-WESTERN VICTORIA,Western Melbourne,Melbourne (C),144.94736,-37.776815,2.99,Government,Special,Western Melbourne,Parkville,,,
1144,Penleigh & Essendon Grammar School,Independent,Pri/Sec,163 Rachelle Road,Keilor East,3033,SOUTH-WESTERN VICTORIA,Western Melbourne,Moonee Valley (C),144.870337,-37.732154,11.19,Independent,Pri/Sec,Western Melbourne,Keilor East,,,
4159,Point Cook Prep - Year 9 College,Government,Pri/Sec,18 - 50 Ponsford Drive,Point Cook,3030,SOUTH-WESTERN VICTORIA,Western Melbourne,Wyndham (C),144.7244931,-37.89380261,23.49,Government,Pri/Sec,Western Melbourne,Point Cook,,,
8847,Point Cook Senior Secondary College,Government,Secondary,Cnr Boardwalk Blvd & Bergamot,Point Cook,3030,SOUTH-WESTERN VICTORIA,Western Melbourne,Wyndham (C),144.73282,-37.886718,22.49,Government,Secondary,Western Melbourne,Point Cook,,,
1831,Queen of Peace Primary School,Catholic,Primary,62 Everingham Road,Altona Meadows,3028,SOUTH-WESTERN VICTORIA,Western Melbourne,Hobsons Bay (C),144.791697,-37.875148,17.30,Catholic,Primary,Western Melbourne,Altona Meadows,,,
2111,River Nile School,Independent,Special,Level 1,North Melbourne,3051,SOUTH-WESTERN VICTORIA,Western Melbourne,Melbourne (C),144.955088,-37.805194,0.99,Independent,Special,Western Melbourne,North Melbourne,,,
5580,Riverbend Primary School,Government,Primary,1 Communal Road,Wyndham Vale,3024,SOUTH-WESTERN VICTORIA,Western Melbourne,Wyndham (C),144.626509,-37.876273,30.85,Government,Primary,Western Melbourne,Wyndham Vale,,,
5361,Riverwalk Primary School,Government,Primary,56 Timbarra Avenue,Werribee,3030,SOUTH-WESTERN VICTORIA,Western Melbourne,Wyndham (C),144.639329,-37.921032,31.54,Government,Primary,Western Melbourne,Werribee,,,
4792,Rosamond Special School,Government,Special,276 Ballarat Road,Braybrook,3019,SOUTH-WESTERN VICTORIA,Western Melbourne,Maribyrnong (C),144.8554086,-37.77963666,9.84,Government,Special,Western Melbourne,Braybrook,,,
7275,Rosehill Secondary College,Government,Secondary,33 Sapphire Street,Niddrie,3042,SOUTH-WESTERN VICTORIA,Western Melbourne,Moonee Valley (C),144.886183,-37.746679,9.08,Government,Secondary,Western Melbourne,Niddrie,,,
77,Sacred Heart School,Catholic,Primary,20 Newcastle St,Newport,3015,SOUTH-WESTERN VICTORIA,Western Melbourne,Hobsons Bay (C),144.881396,-37.840028,8.53,Catholic,Primary,Western Melbourne,Newport,,,
2079,Saints College,Catholic,Special,385 Queensberry Street,North Melbourne,3051,SOUTH-WESTERN VICTORIA,Western Melbourne,Melbourne (C),144.9549374,-37.80384382,0.92,Catholic,Special,Western Melbourne,North Melbourne,,,
8303,Saltwater P-9 College,Government,Pri/Sec,15 Kirra Place,Point Cook,3030,SOUTH-WESTERN VICTORIA,Western Melbourne,Wyndham (C),144.770051,-37.910536,21.02,Government,Pri/Sec,Western Melbourne,Point Cook,,,
5337,Seabrook Primary School,Government,Primary,83-105 Point Cook Road,Seabrook,3028,SOUTH-WESTERN VICTORIA,Western Melbourne,Hobsons Bay (C),144.757899,-37.878842,20.13,Government,Primary,Western Melbourne,Seabrook,,,
4440,Seaholme Primary School,Government,Primary,33 Civic Parade,Seaholme,3018,SOUTH-WESTERN VICTORIA,Western Melbourne,Hobsons Bay (C),144.839906,-37.864212,13.04,Government,Primary,Western Melbourne,Seaholme,,,
25,Simonds Catholic College,Catholic,Secondary,273 Victoria Street,West Melbourne,3003,SOUTH-WESTERN VICTORIA,Western Melbourne,Melbourne (C),144.952883,-37.805971,1.20,Catholic,Secondary,Western Melbourne,West Melbourne,https://www.sccmelb.catholic.edu.au/,https://sccmelb.s3.ap-southeast-2.amazonaws.com/uploads/Logos/Simonds-Crest-Blue-words-UPDATED.png?v=1619158555,Required for nearest-six secondary school
3659,Spotswood Primary School,Government,Primary,Melbourne Road,Spotswood,3015,SOUTH-WESTERN VICTORIA,Western Melbourne,Hobsons Bay (C),144.881736,-37.830451,8.00,Government,Primary,Western Melbourne,Spotswood,,,
605,St Aloysius College,Catholic,Secondary,31 Curran Street,North Melbourne,3051,SOUTH-WESTERN VICTORIA,Western Melbourne,Melbourne (C),144.942875,-37.792892,2.05,Catholic,Secondary,Western Melbourne,North Melbourne,,,
338,St Andrew's School,Catholic,Primary,110 Greaves Street North,Werribee,3030,SOUTH-WESTERN VICTORIA,Western Melbourne,Wyndham (C),144.650573,-37.901272,29.75,Catholic,Primary,Western Melbourne,Werribee,,,
478,St Augustine's School,Catholic,Primary,65 Somerville Road,Yarraville,3013,SOUTH-WESTERN VICTORIA,Western Melbourne,Maribyrnong (C),144.8898972,-37.81370425,6.71,Catholic,Primary,Western Melbourne,Yarraville,,,
1471,St Bernard's College,Catholic,Secondary,41 Rosehill Road,Essendon,3040,SOUTH-WESTERN VICTORIA,Western Melbourne,Moonee Valley (C),144.8832,-37.749392,9.09,Catholic,Secondary,Western Melbourne,Essendon,,,
113,St Brendan's School,Catholic,Primary,103 Wellington Street,Flemington,3031,SOUTH-WESTERN VICTORIA,Western Melbourne,Moonee Valley (C),144.931728,-37.784696,3.34,Catholic,Primary,Western Melbourne,Flemington,,,
1620,St Christopher's School,Catholic,Primary,34 Roberts Road,Airport West,3042,SOUTH-WESTERN VICTORIA,Western Melbourne,Moonee Valley (C),144.880249,-37.72501,11.15,Catholic,Primary,Western Melbourne,Airport West,,,
2094,St Clare's Catholic Primary School,Catholic,Primary,130 Marquands Road,Truganina South,3029,SOUTH-WESTERN VICTORIA,Western Melbourne,Wyndham (C),144.7282144,-37.84381088,21.30,Catholic,Primary,Western Melbourne,Truganina South,,,
707,St Columba's College,Catholic,Secondary,2 Leslie Road,Essendon,3040,SOUTH-WESTERN VICTORIA,Western Melbourne,Moonee Valley (C),144.91429,-37.757202,6.49,Catholic,Secondary,Western Melbourne,Essendon,,,
2078,St Francis of Assisi Catholic Primary School,Catholic,Primary,45 Fairview Parade,Tarneit,3029,SOUTH-WESTERN VICTORIA,Western Melbourne,Wyndham (C),144.6982297,-37.84829179,23.98,Catholic,Primary,Western Melbourne,Tarneit,,,
1829,St James the Apostle School,Catholic,Primary,330 Derrimut Road,Hoppers Crossing North,3029,SOUTH-WESTERN VICTORIA,Western Melbourne,Wyndham (C),144.687493,-37.857286,25.13,Catholic,Primary,Western Melbourne,Hoppers Crossing North,,,
1534,St John Bosco's School,Catholic,Primary,6 Teague Street,Niddrie,3042,SOUTH-WESTERN VICTORIA,Western Melbourne,Moonee Valley (C),144.889028,-37.743657,9.12,Catholic,Primary,Western Melbourne,Niddrie,,,
2093,St John the Apostle Catholic Primary School,Catholic,Primary,54 - 76 Kingbird Avenue,Tarneit,3029,SOUTH-WESTERN VICTORIA,Western Melbourne,Wyndham (C),144.6657075,-37.8334172,26.49,Catholic,Primary,Western Melbourne,Tarneit,,,
1146,St John's School,Catholic,Primary,34 Essex Street,Footscray,3011,SOUTH-WESTERN VICTORIA,Western Melbourne,Maribyrnong (C),144.885221,-37.795825,6.96,Catholic,Primary,Western Melbourne,Footscray,,,
2235,St Joseph’s Catholic Primary School,Catholic,Primary,50 Treeve Parkway,Werribee,3030,SOUTH-WESTERN VICTORIA,Western Melbourne,Wyndham (C),144.610275,-37.903296,33.13,Catholic,Primary,Western Melbourne,Werribee,,,
1690,St Leo the Great Primary School,Catholic,Primary,389 Mason Street,Altona North,3025,SOUTH-WESTERN VICTORIA,Western Melbourne,Hobsons Bay (C),144.851693,-37.839216,10.81,Catholic,Primary,Western Melbourne,Altona North,,,
1527,St Margaret Mary's School,Catholic,Primary,181 Hudsons Road,Spotswood,3015,SOUTH-WESTERN VICTORIA,Western Melbourne,Hobsons Bay (C),144.877732,-37.829084,8.26,Catholic,Primary,Western Melbourne,Spotswood,,,
1563,St Margaret's Primary School,Catholic,Primary,67 The Esplanade,Maribyrnong,3032,SOUTH-WESTERN VICTORIA,Western Melbourne,Maribyrnong (C),144.891039,-37.766895,7.42,Catholic,Primary,Western Melbourne,Maribyrnong,,,
1674,St Martin de Porres School,Catholic,Primary,158 Military Road,Avondale Heights,3034,SOUTH-WESTERN VICTORIA,Western Melbourne,Moonee Valley (C),144.861624,-37.758468,10.14,Catholic,Primary,Western Melbourne,Avondale Heights,,,
1696,St Martin de Porres School,Catholic,Primary,13-25 Bellin Street,Laverton,3028,SOUTH-WESTERN VICTORIA,Western Melbourne,Hobsons Bay (C),144.77698,-37.853783,17.50,Catholic,Primary,Western Melbourne,Laverton,,,
2089,St Mary of the Cross Catholic Primary School,Catholic,Primary,70 Carrick Street,Point Cook,3030,SOUTH-WESTERN VICTORIA,Western Melbourne,Wyndham (C),144.7659456,-37.90879787,21.20,Catholic,Primary,Western Melbourne,Point Cook,,,
78,St Mary's School,Catholic,Primary,118 Cecil Street,Williamstown,3016,SOUTH-WESTERN VICTORIA,Western Melbourne,Hobsons Bay (C),144.900894,-37.863498,8.98,Catholic,Primary,Western Melbourne,Williamstown,,,
954,St Mary's School,Catholic,Primary,74 Roseberry Street,Ascot Vale,3032,SOUTH-WESTERN VICTORIA,Western Melbourne,Moonee Valley (C),144.911269,-37.773836,5.50,Catholic,Primary,Western Melbourne,Ascot Vale,,,
1273,St Mary's School,Catholic,Primary,95A Railway Street,Altona,3018,SOUTH-WESTERN VICTORIA,Western Melbourne,Hobsons Bay (C),144.828375,-37.866658,14.05,Catholic,Primary,Western Melbourne,Altona,,,
98,St Michael’s Primary School,Catholic,Primary,8-14 Brougham Street,North Melbourne,3051,SOUTH-WESTERN VICTORIA,Western Melbourne,Melbourne (C),144.946246,-37.793305,1.76,Catholic,Primary,Western Melbourne,North Melbourne,,,
566,St Monica's Primary School,Catholic,Primary,20 Robinson Street,Moonee Ponds,3039,SOUTH-WESTERN VICTORIA,Western Melbourne,Moonee Valley (C),144.923184,-37.759665,5.77,Catholic,Primary,Western Melbourne,Moonee Ponds,,,
477,St Monica's School,Catholic,Primary,2 Wingfield Street,Footscray,3011,SOUTH-WESTERN VICTORIA,Western Melbourne,Maribyrnong (C),144.906837,-37.801162,5.05,Catholic,Primary,Western Melbourne,Footscray,,,
1722,St Peter Apostle School,Catholic,Primary,16-38 Guinane Avenue,Hoppers Crossing,3029,SOUTH-WESTERN VICTORIA,Western Melbourne,Wyndham (C),144.69031,-37.874642,25.45,Catholic,Primary,Western Melbourne,Hoppers Crossing,,,
1692,St Peter's School,Catholic,Primary,2A Parkside Avenue,Keilor East,3033,SOUTH-WESTERN VICTORIA,Western Melbourne,Moonee Valley (C),144.859418,-37.744237,11.12,Catholic,Primary,Western Melbourne,Keilor East,,,
2251,St Teresa of Kolkata Catholic Primary School,Catholic,Primary,2 Caddy Road,Tarneit North,3029,SOUTH-WESTERN VICTORIA,Western Melbourne,Wyndham (C),144.686071,-37.823619,24.58,Catholic,Primary,Western Melbourne,Tarneit North,,,
1193,St Therese's School,Catholic,Primary,25-31 Edward Street,Essendon,3040,SOUTH-WESTERN VICTORIA,Western Melbourne,Moonee Valley (C),144.910309,-37.751111,7.22,Catholic,Primary,Western Melbourne,Essendon,,,
1422,St Vincent de Paul's School,Catholic,Primary,92 - 114 Woodland Street,Strathmore,3041,SOUTH-WESTERN VICTORIA,Western Melbourne,Moonee Valley (C),144.92413,-37.742142,7.35,Catholic,Primary,Western Melbourne,Strathmore,,,
2033,Stella Maris Catholic Primary School,Catholic,Primary,54 - 70 Innisfail Drive,Point Cook,3030,SOUTH-WESTERN VICTORIA,Western Melbourne,Wyndham (C),144.728681,-37.890763,23.01,Catholic,Primary,Western Melbourne,Point Cook,,,
4821,Strathmore North Primary School,Government,Primary,Mascoma Street,Strathmore,3041,SOUTH-WESTERN VICTORIA,Western Melbourne,Moonee Valley (C),144.915976,-37.724863,9.38,Government,Primary,Western Melbourne,Strathmore,,,
4612,Strathmore Primary School,Government,Primary,14-34 Lloyd Street,Strathmore,3041,SOUTH-WESTERN VICTORIA,Western Melbourne,Moonee Valley (C),144.917004,-37.735512,8.30,Government,Primary,Western Melbourne,Strathmore,,,
8345,Strathmore Secondary College,Government,Secondary,400 Pascoe Vale Road,Strathmore,3041,SOUTH-WESTERN VICTORIA,Western Melbourne,Moonee Valley (C),144.926643,-37.73695,7.76,Government,Secondary,Western Melbourne,Strathmore,,,
8866,Suzanne Cory High School,Government,Secondary,225 Hoppers Lane,Werribee,3030,SOUTH-WESTERN VICTORIA,Western Melbourne,Wyndham (C),144.700748,-37.893852,25.38,Government,Secondary,Western Melbourne,Werribee,,,
8914,Tarneit P-9 College,Government,Pri/Sec,21-23 Brinbrook Street,Tarneit,3029,SOUTH-WESTERN VICTORIA,Western Melbourne,Wyndham (C),144.679815,-37.837451,25.33,Government,Pri/Sec,Western Melbourne,Tarneit,,,
8881,Tarneit Rise Primary School,Government,Primary,51-71 Hummingbird Boulevard,Tarneit,3029,SOUTH-WESTERN VICTORIA,Western Melbourne,Wyndham (C),144.665822,-37.836183,26.52,Government,Primary,Western Melbourne,Tarneit,,,
8854,Tarneit Senior College,Government,Secondary,861 Leakes Road,Tarneit,3029,SOUTH-WESTERN VICTORIA,Western Melbourne,Wyndham (C),144.6804061,-37.83335386,25.21,Government,Secondary,Western Melbourne,Tarneit,,,
8783,The Grange P-12 College,Government,Pri/Sec,30 Deloraine Drive,Hoppers Crossing,3029,SOUTH-WESTERN VICTORIA,Western Melbourne,Wyndham (C),144.6749381,-37.8581346,26.22,Government,Pri/Sec,Western Melbourne,Hoppers Crossing,,,
1962,Thomas Carr College,Catholic,Secondary,35 Thomas Carr Drive,Tarneit,3029,SOUTH-WESTERN VICTORIA,Western Melbourne,Wyndham (C),144.702055,-37.847676,23.63,Catholic,Secondary,Western Melbourne,Tarneit,,,
5343,Thomas Chirnside Primary School,Government,Primary,85 Walls Road,Werribee,3030,SOUTH-WESTERN VICTORIA,Western Melbourne,Wyndham (C),144.637883,-37.903205,30.87,Government,Primary,Western Melbourne,Werribee,,,
5501,Truganina P-9 College,Government,Pri/Sec,55 Clearwood Drive,Truganina,3029,SOUTH-WESTERN VICTORIA,Western Melbourne,Wyndham (C),144.7190874,-37.83876718,21.96,Government,Pri/Sec,Western Melbourne,Truganina,,,
5498,Truganina South Primary School,Government,Primary,3-19 Parkvista Drive,Truganina,3029,SOUTH-WESTERN VICTORIA,Western Melbourne,Wyndham (C),144.725651,-37.86453,22.15,Government,Primary,Western Melbourne,Truganina,,,
8405,University High School,Government,Secondary,77 Story Street,Parkville,3052,SOUTH-WESTERN VICTORIA,Western Melbourne,Melbourne (C),144.95538,-37.796982,0.86,Government,Secondary,Western Melbourne,Parkville,https://unihigh.vic.edu.au/,https://unihigh.vic.edu.au/wp-content/uploads/2021/12/cropped-UHS_new.png,Required for nearest-six secondary school
3774,Victorian College For The Deaf,Government,Special,597 St Kilda Road,Melbourne,3004,SOUTH-WESTERN VICTORIA,Western Melbourne,Melbourne (C),144.982306,-37.849774,5.75,Government,Special,Western Melbourne,Melbourne,,,
7384,Victorian College Of The Arts Secondary School,Government,Secondary,57 Miles Street,Southbank,3006,SOUTH-WESTERN VICTORIA,Western Melbourne,Melbourne (C),144.964767,-37.828229,3.13,Government,Secondary,Western Melbourne,Southbank,,,
7996,Walcom Ngarrwa Secondary College,Government,Secondary,20 Frome Crescent,Werribee,3030,SOUTH-WESTERN VICTORIA,Western Melbourne,Wyndham (C),144.602155,-37.90708,33.95,Government,Secondary,Western Melbourne,Werribee,,,
5607,Warreen Primary School,Government,Primary,20 Hercules Drive,Truganina,3029,SOUTH-WESTERN VICTORIA,Western Melbourne,Wyndham (C),144.715294,-37.816223,21.95,Government,Primary,Western Melbourne,Truganina,,,
5165,Warringa Park School,Government,Special,81-85 Warringa Crescent,Hoppers Crossing,3029,SOUTH-WESTERN VICTORIA,Western Melbourne,Wyndham (C),144.687587,-37.884042,26.03,Government,Special,Western Melbourne,Hoppers Crossing,,,
4788,Wembley Primary School,Government,Primary,32 St Leonards Ave,Yarraville,3013,SOUTH-WESTERN VICTORIA,Western Melbourne,Maribyrnong (C),144.874427,-37.821038,8.23,Government,Primary,Western Melbourne,Yarraville,,,
649,Werribee Primary School,Government,Primary,2 Deutgam Street,Werribee,3030,SOUTH-WESTERN VICTORIA,Western Melbourne,Wyndham (C),144.658736,-37.906865,29.34,Government,Primary,Western Melbourne,Werribee,,,
8465,Werribee Secondary College,Government,Secondary,45 Duncans Road,Werribee,3030,SOUTH-WESTERN VICTORIA,Western Melbourne,Wyndham (C),144.668744,-37.905536,28.47,Government,Secondary,Western Melbourne,Werribee,,,
1,Wesley College,Independent,Pri/Sec,577 St Kilda Road,Melbourne,3004,SOUTH-WESTERN VICTORIA,Western Melbourne,Melbourne (C),144.982144,-37.84883,5.64,Independent,Pri/Sec,Western Melbourne,Melbourne,,,
1775,Westbourne Grammar School,Independent,Pri/Sec,300 Sayers Rd,Truganina,3029,SOUTH-WESTERN VICTORIA,Western Melbourne,Wyndham (C),144.724898,-37.850843,21.77,Independent,Pri/Sec,Western Melbourne,Truganina,,,
5290,Western Autistic School,Government,Special,1 Burnley Street,Laverton,3028,SOUTH-WESTERN VICTORIA,Western Melbourne,Hobsons Bay (C),144.7780691,-37.85078167,17.30,Government,Special,Western Melbourne,Laverton,,,
8838,Western English Language School,Government,Language,46 South Road,Braybrook,3019,SOUTH-WESTERN VICTORIA,Western Melbourne,Maribyrnong (C),144.8540362,-37.790995,9.74,Government,Language,Western Melbourne,Braybrook,,,
5365,Westgrove Primary School,Government,Primary,37a Thames Boulevard,Werribee,3030,SOUTH-WESTERN VICTORIA,Western Melbourne,Wyndham (C),144.659529,-37.878502,28.15,Government,Primary,Western Melbourne,Werribee,,,
8475,Williamstown High School,Government,Secondary,76 Pasco Street,Williamstown,3016,SOUTH-WESTERN VICTORIA,Western Melbourne,Hobsons Bay (C),144.895024,-37.862855,9.26,Government,Secondary,Western Melbourne,Williamstown,,,
1409,Williamstown North Primary School,Government,Primary,133 Melbourne Road,Williamstown,3016,SOUTH-WESTERN VICTORIA,Western Melbourne,Hobsons Bay (C),144.891757,-37.855902,8.89,Government,Primary,Western Melbourne,Williamstown,,,
1183,Williamstown Primary School,Government,Primary,Cnr. Electra & Parker Street,Williamstown,3016,SOUTH-WESTERN VICTORIA,Western Melbourne,Hobsons Bay (C),144.900409,-37.863798,9.04,Government,Primary,Western Melbourne,Williamstown,,,
5604,Wimba Primary School,Government,Primary,11 Tuition Drive,Tarneit,3029,SOUTH-WESTERN VICTORIA,Western Melbourne,Wyndham (C),144.669069,-37.823502,26.07,Government,Primary,Western Melbourne,Tarneit,,,
5049,Woodville Primary School,Government,Primary,33-57 Warringa Crescent,Hoppers Crossing,3029,SOUTH-WESTERN VICTORIA,Western Melbourne,Wyndham (C),144.69123,-37.883771,25.72,Government,Primary,Western Melbourne,Hoppers Crossing,,,
7402,Wyndham Central Secondary College,Government,Secondary,101 Shaws Road,Werribee,3030,SOUTH-WESTERN VICTORIA,Western Melbourne,Wyndham (C),144.65385,-37.888932,28.99,Government,Secondary,Western Melbourne,Werribee,,,
2252,Wyndham Community and Education Centre Inc | Julia Gillard Community College,Independent,Special,20 Synnot Street,Werribee,3030,SOUTH-WESTERN VICTORIA,Western Melbourne,Wyndham (C),144.6629567,-37.9016066,28.77,Independent,Special,Western Melbourne,Werribee,,,
5540,Wyndham Park Primary School,Government,Primary,59-77 Kookaburra Avenue,Werribee,3030,SOUTH-WESTERN VICTORIA,Western Melbourne,Wyndham (C),144.67655,-37.884867,26.97,Government,Primary,Western Melbourne,Werribee,,,
5549,Wyndham Vale Primary School,Government,Primary,85 Ribblesdale Ave,Wyndham Vale,3024,SOUTH-WESTERN VICTORIA,Western Melbourne,Wyndham (C),144.609606,-37.895558,32.90,Government,Primary,Western Melbourne,Wyndham Vale,,,
5278,Yarraville Special Developmental School,Government,Special,117 Blackwood Street,Yarraville,3013,SOUTH-WESTERN VICTORIA,Western Melbourne,Maribyrnong (C),144.883653,-37.817905,7.36,Government,Special,Western Melbourne,Yarraville,,,
2832,Yarraville West Primary School,Government,Primary,30 Powell Street,Yarraville,3013,SOUTH-WESTERN VICTORIA,Western Melbourne,Maribyrnong (C),144.885386,-37.814751,7.12,Government,Primary,Western Melbourne,Yarraville,,,
