id,map_id,address,description,pic,link,icon,lat,lng,anim,title,infoopen,category,approved,retina,Custom Field:Education Sector,Custom Field:School Type,Custom Field:Area,Custom Field:Suburb,Custom Field:Nearest Six Secondary,Custom Field:Distance from Melbourne Connect
905427,2,"74-82 Albany Drive, Mulgrave, 3170",<div><strong>Education sector:</strong> Government</div><div><strong>School type:</strong> Primary</div><div><strong>Area:</strong> Inner Eastern Melbourne</div><div><strong>Suburb:</strong> Mulgrave</div><div><strong>Distance from Melbourne Connect:</strong> 23.19 km</div>,,,,-37.928122,145.172891,0,Albany Rise Primary School,0,,1,0,Government,Primary,Inner Eastern Melbourne,Mulgrave,No,23.19
901981,2,"405 Tooronga Road, Hawthorn East, 3123",<div><strong>Education sector:</strong> Independent</div><div><strong>School type:</strong> Secondary</div><div><strong>Area:</strong> Inner Eastern Melbourne</div><div><strong>Suburb:</strong> Hawthorn East</div><div><strong>Distance from Melbourne Connect:</strong> 8.57 km</div>,,,,-37.843225,145.045173,0,Alia College,0,,1,0,Independent,Secondary,Inner Eastern Melbourne,Hawthorn East,No,8.57
905428,2,"17 State Street, Oakleigh East, 3166",<div><strong>Education sector:</strong> Government</div><div><strong>School type:</strong> Primary</div><div><strong>Area:</strong> Inner Eastern Melbourne</div><div><strong>Suburb:</strong> Oakleigh East</div><div><strong>Distance from Melbourne Connect:</strong> 16.89 km</div>,,,,-37.900321,145.108784,0,Amsleigh Park Primary School,0,,1,0,Government,Primary,Inner Eastern Melbourne,Oakleigh East,No,16.89
901838,2,"84 Charles Street, Kew, 3101",<div><strong>Education sector:</strong> Independent</div><div><strong>School type:</strong> Special</div><div><strong>Area:</strong> Inner Eastern Melbourne</div><div><strong>Suburb:</strong> Kew</div><div><strong>Distance from Melbourne Connect:</strong> 6.33 km</div>,,,,-37.805513,145.036044,0,Andale School,0,,1,0,Independent,Special,Inner Eastern Melbourne,Kew,No,6.33
905104,2,"36-42 Drysdale Road, Warrandyte, 3113",<div><strong>Education sector:</strong> Government</div><div><strong>School type:</strong> Primary</div><div><strong>Area:</strong> Inner Eastern Melbourne</div><div><strong>Suburb:</strong> Warrandyte</div><div><strong>Distance from Melbourne Connect:</strong> 22.16 km</div>,,,,-37.74822,145.20768,0,Andersons Creek Primary School,0,,1,0,Government,Primary,Inner Eastern Melbourne,Warrandyte,No,22.16
904844,2,"631-639 Whitehorse Road, Mitcham, 3132",<div><strong>Education sector:</strong> Government</div><div><strong>School type:</strong> Primary</div><div><strong>Area:</strong> Inner Eastern Melbourne</div><div><strong>Suburb:</strong> Mitcham</div><div><strong>Distance from Melbourne Connect:</strong> 21.31 km</div>,,,,-37.816188,145.206002,0,Antonio Park Primary School,0,,1,0,Government,Primary,Inner Eastern Melbourne,Mitcham,No,21.31
904317,2,"Fakenham Road, Ashburton, 3147",<div><strong>Education sector:</strong> Government</div><div><strong>School type:</strong> Primary</div><div><strong>Area:</strong> Inner Eastern Melbourne</div><div><strong>Suburb:</strong> Ashburton</div><div><strong>Distance from Melbourne Connect:</strong> 12.55 km</div>,,,,-37.862199,145.083622,0,Ashburton Primary School,0,,1,0,Government,Primary,Inner Eastern Melbourne,Ashburton,No,12.55
908743,2,"50 Vannam Drive, Ashwood, 3147",<div><strong>Education sector:</strong> Government</div><div><strong>School type:</strong> Secondary</div><div><strong>Area:</strong> Inner Eastern Melbourne</div><div><strong>Suburb:</strong> Ashwood</div><div><strong>Distance from Melbourne Connect:</strong> 14.16 km</div>,,,,-37.864527,145.103328,0,Ashwood High School,0,,1,0,Government,Secondary,Inner Eastern Melbourne,Ashwood,No,14.16
905097,2,"Montpellier Road, Ashwood, 3147",<div><strong>Education sector:</strong> Government</div><div><strong>School type:</strong> Special</div><div><strong>Area:</strong> Inner Eastern Melbourne</div><div><strong>Suburb:</strong> Ashwood</div><div><strong>Distance from Melbourne Connect:</strong> 14.19 km</div>,,,,-37.859665,145.107162,0,Ashwood School,0,,1,0,Government,Special,Inner Eastern Melbourne,Ashwood,No,14.19
907526,2,"26 Burgess Street, Hawthorn East, 3123",<div><strong>Education sector:</strong> Government</div><div><strong>School type:</strong> Secondary</div><div><strong>Area:</strong> Inner Eastern Melbourne</div><div><strong>Suburb:</strong> Hawthorn East</div><div><strong>Distance from Melbourne Connect:</strong> 8.36 km</div>,,,,-37.83988,145.045067,0,Auburn High School,0,,1,0,Government,Secondary,Inner Eastern Melbourne,Hawthorn East,No,8.36
902948,2,"51 Rathmines Road, Hawthorn East, 3123",<div><strong>Education sector:</strong> Government</div><div><strong>School type:</strong> Primary</div><div><strong>Area:</strong> Inner Eastern Melbourne</div><div><strong>Suburb:</strong> Hawthorn East</div><div><strong>Distance from Melbourne Connect:</strong> 7.90 km</div>,,,,-37.820278,145.050484,0,Auburn Primary School,0,,1,0,Government,Primary,Inner Eastern Melbourne,Hawthorn East,No,7.90
904183,2,"419 Tooronga Road, Hawthorn East, 3123",<div><strong>Education sector:</strong> Government</div><div><strong>School type:</strong> Primary</div><div><strong>Area:</strong> Inner Eastern Melbourne</div><div><strong>Suburb:</strong> Hawthorn East</div><div><strong>Distance from Melbourne Connect:</strong> 8.39 km</div>,,,,-37.839263,145.045894,0,Auburn South Primary School,0,,1,0,Government,Primary,Inner Eastern Melbourne,Hawthorn East,No,8.39
905511,2,"96 Holland Road, Blackburn South, 3130",<div><strong>Education sector:</strong> Government</div><div><strong>School type:</strong> Special</div><div><strong>Area:</strong> Inner Eastern Melbourne</div><div><strong>Suburb:</strong> Blackburn South</div><div><strong>Distance from Melbourne Connect:</strong> 16.98 km</div>,,,,-37.84017872,145.1507912,0,Aurora School,0,,1,0,Government,Special,Inner Eastern Melbourne,Blackburn South,No,16.98
901651,2,"35 Charles Street, Mount Waverley, 3149",<div><strong>Education sector:</strong> Catholic</div><div><strong>School type:</strong> Secondary</div><div><strong>Area:</strong> Inner Eastern Melbourne</div><div><strong>Suburb:</strong> Mount Waverley</div><div><strong>Distance from Melbourne Connect:</strong> 17.00 km</div>,,,,-37.874671,145.133255,0,Avila College,0,,1,0,Catholic,Secondary,Inner Eastern Melbourne,Mount Waverley,No,17.00
907550,2,"Buchanan Avenue, Balwyn North, 3104",<div><strong>Education sector:</strong> Government</div><div><strong>School type:</strong> Secondary</div><div><strong>Area:</strong> Inner Eastern Melbourne</div><div><strong>Suburb:</strong> Balwyn North</div><div><strong>Distance from Melbourne Connect:</strong> 9.89 km</div>,,,,-37.79785922,145.0767724,0,Balwyn High School,0,,1,0,Government,Secondary,Inner Eastern Melbourne,Balwyn North,No,9.89
904638,2,"Buchanan Avenue, Balwyn North, 3104",<div><strong>Education sector:</strong> Government</div><div><strong>School type:</strong> Primary</div><div><strong>Area:</strong> Inner Eastern Melbourne</div><div><strong>Suburb:</strong> Balwyn North</div><div><strong>Distance from Melbourne Connect:</strong> 9.91 km</div>,,,,-37.796699,145.077044,0,Balwyn North Primary School,0,,1,0,Government,Primary,Inner Eastern Melbourne,Balwyn North,No,9.91
901026,2,"86B Balwyn Road, Balwyn, 3103",<div><strong>Education sector:</strong> Government</div><div><strong>School type:</strong> Primary</div><div><strong>Area:</strong> Inner Eastern Melbourne</div><div><strong>Suburb:</strong> Balwyn</div><div><strong>Distance from Melbourne Connect:</strong> 10.40 km</div>,,,,-37.813938,145.081378,0,Balwyn Primary School,0,,1,0,Government,Primary,Inner Eastern Melbourne,Balwyn,No,10.40
904733,2,"20 Highview Road, Balwyn North, 3104",<div><strong>Education sector:</strong> Government</div><div><strong>School type:</strong> Primary</div><div><strong>Area:</strong> Inner Eastern Melbourne</div><div><strong>Suburb:</strong> Balwyn North</div><div><strong>Distance from Melbourne Connect:</strong> 10.24 km</div>,,,,-37.782523,145.078653,0,Belle Vue Primary School,0,,1,0,Government,Primary,Inner Eastern Melbourne,Balwyn North,No,10.24
904675,2,"49 Stroud Street, Balwyn, 3103",<div><strong>Education sector:</strong> Government</div><div><strong>School type:</strong> Special</div><div><strong>Area:</strong> Inner Eastern Melbourne</div><div><strong>Suburb:</strong> Balwyn</div><div><strong>Distance from Melbourne Connect:</strong> 10.28 km</div>,,,,-37.804284,145.081145,0,Belmore School,0,,1,0,Government,Special,Inner Eastern Melbourne,Balwyn,No,10.28
901728,2,"43 Harrison Street, Box Hill North, 3129",<div><strong>Education sector:</strong> Independent</div><div><strong>School type:</strong> Special</div><div><strong>Area:</strong> Inner Eastern Melbourne</div><div><strong>Suburb:</strong> Box Hill North</div><div><strong>Distance from Melbourne Connect:</strong> 14.75 km</div>,,,,-37.80388,145.132142,0,Berengarra School,0,,1,0,Independent,Special,Inner Eastern Melbourne,Box Hill North,No,14.75
904813,2,"2 - 14 Cassowary Street, Doncaster East, 3109",<div><strong>Education sector:</strong> Government</div><div><strong>School type:</strong> Primary</div><div><strong>Area:</strong> Inner Eastern Melbourne</div><div><strong>Suburb:</strong> Doncaster East</div><div><strong>Distance from Melbourne Connect:</strong> 17.19 km</div>,,,,-37.796243,145.159841,0,Beverley Hills Primary School,0,,1,0,Government,Primary,Inner Eastern Melbourne,Doncaster East,No,17.19
901626,2,"429 Auburn Road, Hawthorn, 3122",<div><strong>Education sector:</strong> Independent</div><div><strong>School type:</strong> Pri/Sec</div><div><strong>Area:</strong> Inner Eastern Melbourne</div><div><strong>Suburb:</strong> Hawthorn</div><div><strong>Distance from Melbourne Connect:</strong> 8.38 km</div>,,,,-37.842269,145.043371,0,Bialik College,0,,1,0,Independent,Pri/Sec,Inner Eastern Melbourne,Hawthorn,No,8.38
904991,2,"Heyington Avenue, Doncaster, 3108",<div><strong>Education sector:</strong> Government</div><div><strong>School type:</strong> Primary</div><div><strong>Area:</strong> Inner Eastern Melbourne</div><div><strong>Suburb:</strong> Doncaster</div><div><strong>Distance from Melbourne Connect:</strong> 13.12 km</div>,,,,-37.793418,145.113348,0,Birralee Primary School,0,,1,0,Government,Primary,Inner Eastern Melbourne,Doncaster,No,13.12
908747,2,"120 Eley Road, Burwood East, 3151",<div><strong>Education sector:</strong> Government</div><div><strong>School type:</strong> Language</div><div><strong>Area:</strong> Inner Eastern Melbourne</div><div><strong>Suburb:</strong> Burwood East</div><div><strong>Distance from Melbourne Connect:</strong> 17.01 km</div>,,,,-37.847889,145.148292,0,Blackburn English Language School,0,,1,0,Government,Language,Inner Eastern Melbourne,Burwood East,No,17.01
907610,2,"60 Springfield Road, Blackburn, 3130",<div><strong>Education sector:</strong> Government</div><div><strong>School type:</strong> Secondary</div><div><strong>Area:</strong> Inner Eastern Melbourne</div><div><strong>Suburb:</strong> Blackburn</div><div><strong>Distance from Melbourne Connect:</strong> 16.35 km</div>,,,,-37.81037,145.149893,0,Blackburn High School,0,,1,0,Government,Secondary,Inner Eastern Melbourne,Blackburn,No,16.35
904860,2,"12 - 14 Florence Street, Blackburn, 3130",<div><strong>Education sector:</strong> Government</div><div><strong>School type:</strong> Primary</div><div><strong>Area:</strong> Inner Eastern Melbourne</div><div><strong>Suburb:</strong> Blackburn</div><div><strong>Distance from Melbourne Connect:</strong> 17.99 km</div>,,,,-37.827601,145.166097,0,Blackburn Lake Primary School,0,,1,0,Government,Primary,Inner Eastern Melbourne,Blackburn,No,17.99
902923,2,"185 Surrey Road, Blackburn, 3130",<div><strong>Education sector:</strong> Government</div><div><strong>School type:</strong> Primary</div><div><strong>Area:</strong> Inner Eastern Melbourne</div><div><strong>Suburb:</strong> Blackburn</div><div><strong>Distance from Melbourne Connect:</strong> 17.00 km</div>,,,,-37.816566,145.156696,0,Blackburn Primary School,0,,1,0,Government,Primary,Inner Eastern Melbourne,Blackburn,No,17.00
905288,2,"40 Almond Street, Balwyn North, 3104",<div><strong>Education sector:</strong> Government</div><div><strong>School type:</strong> Primary</div><div><strong>Area:</strong> Inner Eastern Melbourne</div><div><strong>Suburb:</strong> Balwyn North</div><div><strong>Distance from Melbourne Connect:</strong> 10.92 km</div>,,,,-37.789437,145.087893,0,Boroondara Park Primary School,0,,1,0,Government,Primary,Inner Eastern Melbourne,Balwyn North,No,10.92
907635,2,"1180 Whitehorse Road, Box Hill, 3128",<div><strong>Education sector:</strong> Government</div><div><strong>School type:</strong> Secondary</div><div><strong>Area:</strong> Inner Eastern Melbourne</div><div><strong>Suburb:</strong> Box Hill</div><div><strong>Distance from Melbourne Connect:</strong> 15.35 km</div>,,,,-37.820003,145.137208,0,Box Hill High School,0,,1,0,Government,Secondary,Inner Eastern Melbourne,Box Hill,No,15.35
904717,2,"Elizabeth Street, Box Hill North, 3129",<div><strong>Education sector:</strong> Government</div><div><strong>School type:</strong> Primary</div><div><strong>Area:</strong> Inner Eastern Melbourne</div><div><strong>Suburb:</strong> Box Hill North</div><div><strong>Distance from Melbourne Connect:</strong> 13.97 km</div>,,,,-37.800792,145.123311,0,Box Hill North Primary School,0,,1,0,Government,Primary,Inner Eastern Melbourne,Box Hill North,No,13.97
907050,2,"Dunloe Avenue, Mont Albert North, 3129",<div><strong>Education sector:</strong> Government</div><div><strong>School type:</strong> Secondary</div><div><strong>Area:</strong> Inner Eastern Melbourne</div><div><strong>Suburb:</strong> Mont Albert North</div><div><strong>Distance from Melbourne Connect:</strong> 13.01 km</div>,,,,-37.809243,145.111907,0,Box Hill Senior Secondary College,0,,1,0,Government,Secondary,Inner Eastern Melbourne,Mont Albert North,No,13.01
905038,2,"1-5 Ninevah Crescent, Wheelers Hill, 3150",<div><strong>Education sector:</strong> Government</div><div><strong>School type:</strong> Primary</div><div><strong>Area:</strong> Inner Eastern Melbourne</div><div><strong>Suburb:</strong> Wheelers Hill</div><div><strong>Distance from Melbourne Connect:</strong> 22.31 km</div>,,,,-37.914319,145.173248,0,Brandon Park Primary School,0,,1,0,Government,Primary,Inner Eastern Melbourne,Wheelers Hill,No,22.31
907647,2,"65-71 Watsons Road, Glen Waverley, 3150",<div><strong>Education sector:</strong> Government</div><div><strong>School type:</strong> Secondary</div><div><strong>Area:</strong> Inner Eastern Melbourne</div><div><strong>Suburb:</strong> Glen Waverley</div><div><strong>Distance from Melbourne Connect:</strong> 20.90 km</div>,,,,-37.89950842,145.1663432,0,Brentwood Secondary College,0,,1,0,Government,Secondary,Inner Eastern Melbourne,Glen Waverley,No,20.90
905099,2,"49-61 Pleasant Road, Bulleen, 3105",<div><strong>Education sector:</strong> Government</div><div><strong>School type:</strong> Special</div><div><strong>Area:</strong> Inner Eastern Melbourne</div><div><strong>Suburb:</strong> Bulleen</div><div><strong>Distance from Melbourne Connect:</strong> 12.20 km</div>,,,,-37.763285,145.09506,0,Bulleen Heights School,0,,1,0,Government,Special,Inner Eastern Melbourne,Bulleen,No,12.20
900454,2,"Cnr Blackburn And Highbury Rds, Burwood East, 3151",<div><strong>Education sector:</strong> Government</div><div><strong>School type:</strong> Primary</div><div><strong>Area:</strong> Inner Eastern Melbourne</div><div><strong>Suburb:</strong> Burwood East</div><div><strong>Distance from Melbourne Connect:</strong> 17.75 km</div>,,,,-37.859734,145.151807,0,Burwood East Primary School,0,,1,0,Government,Primary,Inner Eastern Melbourne,Burwood East,No,17.75
905225,2,"18 Manooka Street, Burwood East, 3151",<div><strong>Education sector:</strong> Government</div><div><strong>School type:</strong> Special</div><div><strong>Area:</strong> Inner Eastern Melbourne</div><div><strong>Suburb:</strong> Burwood East</div><div><strong>Distance from Melbourne Connect:</strong> 16.86 km</div>,,,,-37.857201,145.142122,0,Burwood East Special Developmental School,0,,1,0,Government,Special,Inner Eastern Melbourne,Burwood East,No,16.86
904932,2,"Cnr Hawthorn & Mahoneys Rds, Burwood East, 3151",<div><strong>Education sector:</strong> Government</div><div><strong>School type:</strong> Primary</div><div><strong>Area:</strong> Inner Eastern Melbourne</div><div><strong>Suburb:</strong> Burwood East</div><div><strong>Distance from Melbourne Connect:</strong> 18.23 km</div>,,,,-37.846754,145.163275,0,Burwood Heights Primary School,0,,1,0,Government,Primary,Inner Eastern Melbourne,Burwood East,No,18.23
901322,2,"2 Torrington Street, Canterbury, 3126",<div><strong>Education sector:</strong> Independent</div><div><strong>School type:</strong> Pri/Sec</div><div><strong>Area:</strong> Inner Eastern Melbourne</div><div><strong>Suburb:</strong> Canterbury</div><div><strong>Distance from Melbourne Connect:</strong> 8.62 km</div>,,,,-37.818211,145.059705,0,Camberwell Girls Grammar School,0,,1,0,Independent,Pri/Sec,Inner Eastern Melbourne,Canterbury,No,8.62
901258,2,"55 Mont Albert Road, Canterbury, 3126",<div><strong>Education sector:</strong> Independent</div><div><strong>School type:</strong> Pri/Sec</div><div><strong>Area:</strong> Inner Eastern Melbourne</div><div><strong>Suburb:</strong> Canterbury</div><div><strong>Distance from Melbourne Connect:</strong> 9.14 km</div>,,,,-37.816093,145.066407,0,Camberwell Grammar School,0,,1,0,Independent,Pri/Sec,Inner Eastern Melbourne,Canterbury,No,9.14
907680,2,"Prospect Hill Road, Canterbury, 3126",<div><strong>Education sector:</strong> Government</div><div><strong>School type:</strong> Secondary</div><div><strong>Area:</strong> Inner Eastern Melbourne</div><div><strong>Suburb:</strong> Canterbury</div><div><strong>Distance from Melbourne Connect:</strong> 10.10 km</div>,,,,-37.830151,145.072821,0,Camberwell High School,0,,1,0,Government,Secondary,Inner Eastern Melbourne,Canterbury,No,10.10
900888,2,"290 Camberwell Road, Camberwell, 3124",<div><strong>Education sector:</strong> Government</div><div><strong>School type:</strong> Primary</div><div><strong>Area:</strong> Inner Eastern Melbourne</div><div><strong>Suburb:</strong> Camberwell</div><div><strong>Distance from Melbourne Connect:</strong> 9.00 km</div>,,,,-37.832684,145.058048,0,Camberwell Primary School,0,,1,0,Government,Primary,Inner Eastern Melbourne,Camberwell,No,9.00
904170,2,"4 Peate Avenue, Glen Iris, 3146",<div><strong>Education sector:</strong> Government</div><div><strong>School type:</strong> Primary</div><div><strong>Area:</strong> Inner Eastern Melbourne</div><div><strong>Suburb:</strong> Glen Iris</div><div><strong>Distance from Melbourne Connect:</strong> 10.14 km</div>,,,,-37.847905,145.062612,0,Camberwell South Primary School,0,,1,0,Government,Primary,Inner Eastern Melbourne,Glen Iris,No,10.14
905111,2,"Galahad Crescent, Glen Waverley, 3150",<div><strong>Education sector:</strong> Government</div><div><strong>School type:</strong> Primary</div><div><strong>Area:</strong> Inner Eastern Melbourne</div><div><strong>Suburb:</strong> Glen Waverley</div><div><strong>Distance from Melbourne Connect:</strong> 20.92 km</div>,,,,-37.865278,145.187775,0,Camelot Rise Primary School,0,,1,0,Government,Primary,Inner Eastern Melbourne,Glen Waverley,No,20.92
907690,2,"16 Mangarra Road, Canterbury, 3126",<div><strong>Education sector:</strong> Government</div><div><strong>School type:</strong> Secondary</div><div><strong>Area:</strong> Inner Eastern Melbourne</div><div><strong>Suburb:</strong> Canterbury</div><div><strong>Distance from Melbourne Connect:</strong> 9.48 km</div>,,,,-37.820289,145.069102,0,Canterbury Girls Secondary College,0,,1,0,Government,Secondary,Inner Eastern Melbourne,Canterbury,No,9.48
903572,2,"Molesworth Street, Canterbury, 3126",<div><strong>Education sector:</strong> Government</div><div><strong>School type:</strong> Primary</div><div><strong>Area:</strong> Inner Eastern Melbourne</div><div><strong>Suburb:</strong> Canterbury</div><div><strong>Distance from Melbourne Connect:</strong> 10.99 km</div>,,,,-37.830963,145.083144,0,Canterbury Primary School,0,,1,0,Government,Primary,Inner Eastern Melbourne,Canterbury,No,10.99
901189,2,"349 Barkers Road, Kew, 3101",<div><strong>Education sector:</strong> Independent</div><div><strong>School type:</strong> Pri/Sec</div><div><strong>Area:</strong> Inner Eastern Melbourne</div><div><strong>Suburb:</strong> Kew</div><div><strong>Distance from Melbourne Connect:</strong> 7.52 km</div>,,,,-37.814784,145.047817,0,Carey Baptist Grammar School,0,,1,0,Independent,Pri/Sec,Inner Eastern Melbourne,Kew,No,7.52
904314,2,"Weybridge Street, Surrey Hills, 3127",<div><strong>Education sector:</strong> Government</div><div><strong>School type:</strong> Primary</div><div><strong>Area:</strong> Inner Eastern Melbourne</div><div><strong>Suburb:</strong> Surrey Hills</div><div><strong>Distance from Melbourne Connect:</strong> 11.35 km</div>,,,,-37.817647,145.091603,0,Chatham Primary School,0,,1,0,Government,Primary,Inner Eastern Melbourne,Surrey Hills,No,11.35
901743,2,"16 Woodlea Drive, Glen Waverley, 3150",<div><strong>Education sector:</strong> Independent</div><div><strong>School type:</strong> Special</div><div><strong>Area:</strong> Inner Eastern Melbourne</div><div><strong>Suburb:</strong> Glen Waverley</div><div><strong>Distance from Melbourne Connect:</strong> 20.41 km</div>,,,,-37.902265,145.157454,0,Cheshire School,0,,1,0,Independent,Special,Inner Eastern Melbourne,Glen Waverley,No,20.41
901584,2,"43 Ferntree Gully Road, Oakleigh East, 3166",<div><strong>Education sector:</strong> Catholic</div><div><strong>School type:</strong> Primary</div><div><strong>Area:</strong> Inner Eastern Melbourne</div><div><strong>Suburb:</strong> Oakleigh East</div><div><strong>Distance from Melbourne Connect:</strong> 16.38 km</div>,,,,-37.896158,145.105753,0,Christ Our Holy Redeemer School,0,,1,0,Catholic,Primary,Inner Eastern Melbourne,Oakleigh East,No,16.38
900734,2,"1714 Dandenong Road, Clayton, 3168",<div><strong>Education sector:</strong> Government</div><div><strong>School type:</strong> Primary</div><div><strong>Area:</strong> Inner Eastern Melbourne</div><div><strong>Suburb:</strong> Clayton</div><div><strong>Distance from Melbourne Connect:</strong> 18.65 km</div>,,,,-37.911944,145.122666,0,Clayton North Primary School,0,,1,0,Government,Primary,Inner Eastern Melbourne,Clayton,No,18.65
903680,2,"958a Burke Road, Deepdene, 3103",<div><strong>Education sector:</strong> Government</div><div><strong>School type:</strong> Primary</div><div><strong>Area:</strong> Inner Eastern Melbourne</div><div><strong>Suburb:</strong> Deepdene</div><div><strong>Distance from Melbourne Connect:</strong> 8.58 km</div>,,,,-37.808366,145.061355,0,Deepdene Primary School,0,,1,0,Government,Primary,Inner Eastern Melbourne,Deepdene,No,8.58
905019,2,"22a Colchester Drive, Doncaster East, 3109",<div><strong>Education sector:</strong> Government</div><div><strong>School type:</strong> Primary</div><div><strong>Area:</strong> Inner Eastern Melbourne</div><div><strong>Suburb:</strong> Doncaster East</div><div><strong>Distance from Melbourne Connect:</strong> 17.74 km</div>,,,,-37.787456,145.165525,0,Donburn Primary School,0,,1,0,Government,Primary,Inner Eastern Melbourne,Doncaster East,No,17.74
905454,2,"Sandhurst Avenue, Doncaster East, 3109",<div><strong>Education sector:</strong> Government</div><div><strong>School type:</strong> Primary</div><div><strong>Area:</strong> Inner Eastern Melbourne</div><div><strong>Suburb:</strong> Doncaster East</div><div><strong>Distance from Melbourne Connect:</strong> 16.26 km</div>,,,,-37.781607,145.1479,0,Doncaster Gardens Primary School,0,,1,0,Government,Primary,Inner Eastern Melbourne,Doncaster East,No,16.26
900197,2,"2 - 12 Council Street, Doncaster, 3108",<div><strong>Education sector:</strong> Government</div><div><strong>School type:</strong> Primary</div><div><strong>Area:</strong> Inner Eastern Melbourne</div><div><strong>Suburb:</strong> Doncaster</div><div><strong>Distance from Melbourne Connect:</strong> 14.61 km</div>,,,,-37.786804,145.129673,0,Doncaster Primary School,0,,1,0,Government,Primary,Inner Eastern Melbourne,Doncaster,No,14.61
907776,2,"123 Church Road, Doncaster, 3108",<div><strong>Education sector:</strong> Government</div><div><strong>School type:</strong> Secondary</div><div><strong>Area:</strong> Inner Eastern Melbourne</div><div><strong>Suburb:</strong> Doncaster</div><div><strong>Distance from Melbourne Connect:</strong> 15.36 km</div>,,,,-37.784581,145.138053,0,Doncaster Secondary College,0,,1,0,Government,Secondary,Inner Eastern Melbourne,Doncaster,No,15.36
901724,2,"155 Tindals Road, Donvale, 3111",<div><strong>Education sector:</strong> Independent</div><div><strong>School type:</strong> Pri/Sec</div><div><strong>Area:</strong> Inner Eastern Melbourne</div><div><strong>Suburb:</strong> Donvale</div><div><strong>Distance from Melbourne Connect:</strong> 20.34 km</div>,,,,-37.774028,145.193451,0,Donvale Christian College,0,,1,0,Independent,Pri/Sec,Inner Eastern Melbourne,Donvale,No,20.34
904961,2,"Elata Street, Donvale, 3111",<div><strong>Education sector:</strong> Government</div><div><strong>School type:</strong> Primary</div><div><strong>Area:</strong> Inner Eastern Melbourne</div><div><strong>Suburb:</strong> Donvale</div><div><strong>Distance from Melbourne Connect:</strong> 18.40 km</div>,,,,-37.800414,145.173778,0,Donvale Primary School,0,,1,0,Government,Primary,Inner Eastern Melbourne,Donvale,No,18.40
907773,2,"20 George Street, Doncaster East, 3109",<div><strong>Education sector:</strong> Government</div><div><strong>School type:</strong> Secondary</div><div><strong>Area:</strong> Inner Eastern Melbourne</div><div><strong>Suburb:</strong> Doncaster East</div><div><strong>Distance from Melbourne Connect:</strong> 17.19 km</div>,,,,-37.782127,145.158557,0,East Doncaster Secondary College,0,,1,0,Government,Secondary,Inner Eastern Melbourne,Doncaster East,No,17.19
901592,2,"503 Springvale Road, Vermont South, 3133",<div><strong>Education sector:</strong> Catholic</div><div><strong>School type:</strong> Pri/Sec</div><div><strong>Area:</strong> Inner Eastern Melbourne</div><div><strong>Suburb:</strong> Vermont South</div><div><strong>Distance from Melbourne Connect:</strong> 19.18 km</div>,,,,-37.84779,145.174107,0,Emmaus College,0,,1,0,Catholic,Pri/Sec,Inner Eastern Melbourne,Vermont South,No,19.18
901952,2,"40 Lisson Grove, Hawthorn, 3122",<div><strong>Education sector:</strong> Independent</div><div><strong>School type:</strong> Primary</div><div><strong>Area:</strong> Inner Eastern Melbourne</div><div><strong>Suburb:</strong> Hawthorn</div><div><strong>Distance from Melbourne Connect:</strong> 6.61 km</div>,,,,-37.827083,145.031327,0,Erasmus Primary School,0,,1,0,Independent,Primary,Inner Eastern Melbourne,Hawthorn,No,6.61
904903,2,"22 - 30 Essex Road, Mount Waverley, 3149",<div><strong>Education sector:</strong> Government</div><div><strong>School type:</strong> Primary</div><div><strong>Area:</strong> Inner Eastern Melbourne</div><div><strong>Suburb:</strong> Mount Waverley</div><div><strong>Distance from Melbourne Connect:</strong> 15.02 km</div>,,,,-37.862991,145.115635,0,Essex Heights Primary School,0,,1,0,Government,Primary,Inner Eastern Melbourne,Mount Waverley,No,15.02
900385,2,"79 Balwyn Road, Balwyn, 3103",<div><strong>Education sector:</strong> Independent</div><div><strong>School type:</strong> Pri/Sec</div><div><strong>Area:</strong> Inner Eastern Melbourne</div><div><strong>Suburb:</strong> Balwyn</div><div><strong>Distance from Melbourne Connect:</strong> 10.33 km</div>,,,,-37.815158,145.080326,0,Fintona Girls' School,0,,1,0,Independent,Pri/Sec,Inner Eastern Melbourne,Balwyn,No,10.33
908724,2,"178-180 Mahoneys Road, Burwood East, 3151",<div><strong>Education sector:</strong> Government</div><div><strong>School type:</strong> Secondary</div><div><strong>Area:</strong> Inner Eastern Melbourne</div><div><strong>Suburb:</strong> Burwood East</div><div><strong>Distance from Melbourne Connect:</strong> 18.33 km</div>,,,,-37.848519,145.163728,0,Forest Hill College,0,,1,0,Government,Secondary,Inner Eastern Melbourne,Burwood East,No,18.33
901852,2,"33 Raymond Street, Ashwood, 3147",<div><strong>Education sector:</strong> Independent</div><div><strong>School type:</strong> Special</div><div><strong>Area:</strong> Inner Eastern Melbourne</div><div><strong>Suburb:</strong> Ashwood</div><div><strong>Distance from Melbourne Connect:</strong> 14.71 km</div>,,,,-37.8668,145.108886,0,Frank Dando Sports Academy,0,,1,0,Independent,Special,Inner Eastern Melbourne,Ashwood,No,14.71
900733,2,"301 Cotham Road, Kew, 3101",<div><strong>Education sector:</strong> Catholic</div><div><strong>School type:</strong> Pri/Sec</div><div><strong>Area:</strong> Inner Eastern Melbourne</div><div><strong>Suburb:</strong> Kew</div><div><strong>Distance from Melbourne Connect:</strong> 8.10 km</div>,,,,-37.808973,145.055783,0,Genazzano FCJ College,0,,1,0,Catholic,Pri/Sec,Inner Eastern Melbourne,Kew,No,8.10
902105,2,"11 Malmsbury Street, Kew, 3101",<div><strong>Education sector:</strong> Independent</div><div><strong>School type:</strong> Special</div><div><strong>Area:</strong> Inner Eastern Melbourne</div><div><strong>Suburb:</strong> Kew</div><div><strong>Distance from Melbourne Connect:</strong> 5.91 km</div>,,,,-37.80222,145.031476,0,Giant Steps Melbourne,0,,1,0,Independent,Special,Inner Eastern Melbourne,Kew,No,5.91
901148,2,"170 Glen Iris Road, Glen Iris, 3146",<div><strong>Education sector:</strong> Government</div><div><strong>School type:</strong> Primary</div><div><strong>Area:</strong> Inner Eastern Melbourne</div><div><strong>Suburb:</strong> Glen Iris</div><div><strong>Distance from Melbourne Connect:</strong> 11.17 km</div>,,,,-37.860483,145.065894,0,Glen Iris Primary School,0,,1,0,Government,Primary,Inner Eastern Melbourne,Glen Iris,No,11.17
905425,2,"774 High Street Road, Glen Waverley, 3150",<div><strong>Education sector:</strong> Government</div><div><strong>School type:</strong> Primary</div><div><strong>Area:</strong> Inner Eastern Melbourne</div><div><strong>Suburb:</strong> Glen Waverley</div><div><strong>Distance from Melbourne Connect:</strong> 19.69 km</div>,,,,-37.874716,145.167589,0,Glen Waverley Primary School,0,,1,0,Government,Primary,Inner Eastern Melbourne,Glen Waverley,No,19.69
908808,2,"13-21 O'Sullivan Road, Glen Waverley, 3150",<div><strong>Education sector:</strong> Government</div><div><strong>School type:</strong> Secondary</div><div><strong>Area:</strong> Inner Eastern Melbourne</div><div><strong>Suburb:</strong> Glen Waverley</div><div><strong>Distance from Melbourne Connect:</strong> 19.42 km</div>,,,,-37.878098,145.162106,0,Glen Waverley Secondary College,0,,1,0,Government,Secondary,Inner Eastern Melbourne,Glen Waverley,No,19.42
905436,2,"Whites Lane, Glen Waverley, 3150",<div><strong>Education sector:</strong> Government</div><div><strong>School type:</strong> Primary</div><div><strong>Area:</strong> Inner Eastern Melbourne</div><div><strong>Suburb:</strong> Glen Waverley</div><div><strong>Distance from Melbourne Connect:</strong> 20.84 km</div>,,,,-37.89685885,145.1676109,0,Glen Waverley South Primary School,0,,1,0,Government,Primary,Inner Eastern Melbourne,Glen Waverley,No,20.84
904968,2,"7 Allen Street, Glen Waverley, 3150",<div><strong>Education sector:</strong> Government</div><div><strong>School type:</strong> Special</div><div><strong>Area:</strong> Inner Eastern Melbourne</div><div><strong>Suburb:</strong> Glen Waverley</div><div><strong>Distance from Melbourne Connect:</strong> 19.92 km</div>,,,,-37.8883595,145.1617465,0,Glenallen School,0,,1,0,Government,Special,Inner Eastern Melbourne,Glen Waverley,No,19.92
905010,2,"55 Nottingham Street, Glen Waverley, 3150",<div><strong>Education sector:</strong> Government</div><div><strong>School type:</strong> Primary</div><div><strong>Area:</strong> Inner Eastern Melbourne</div><div><strong>Suburb:</strong> Glen Waverley</div><div><strong>Distance from Melbourne Connect:</strong> 18.65 km</div>,,,,-37.867082,145.159037,0,Glendal Primary School,0,,1,0,Government,Primary,Inner Eastern Melbourne,Glen Waverley,No,18.65
901508,2,"78 - 98 Manningtree Road, Hawthorn, 3122",<div><strong>Education sector:</strong> Government</div><div><strong>School type:</strong> Primary</div><div><strong>Area:</strong> Inner Eastern Melbourne</div><div><strong>Suburb:</strong> Hawthorn</div><div><strong>Distance from Melbourne Connect:</strong> 6.67 km</div>,,,,-37.824048,145.033974,0,Glenferrie Primary School,0,,1,0,Government,Primary,Inner Eastern Melbourne,Hawthorn,No,6.67
901682,2,"30 Academy Avenue, Wheelers Hill, 3150",<div><strong>Education sector:</strong> Catholic</div><div><strong>School type:</strong> Primary</div><div><strong>Area:</strong> Inner Eastern Melbourne</div><div><strong>Suburb:</strong> Wheelers Hill</div><div><strong>Distance from Melbourne Connect:</strong> 21.40 km</div>,,,,-37.908123,145.166052,0,Good Shepherd School,0,,1,0,Catholic,Primary,Inner Eastern Melbourne,Wheelers Hill,No,21.40
904694,2,"Reading Avenue, Balwyn North, 3104",<div><strong>Education sector:</strong> Government</div><div><strong>School type:</strong> Primary</div><div><strong>Area:</strong> Inner Eastern Melbourne</div><div><strong>Suburb:</strong> Balwyn North</div><div><strong>Distance from Melbourne Connect:</strong> 11.57 km</div>,,,,-37.801427,145.095963,0,Greythorn Primary School,0,,1,0,Government,Primary,Inner Eastern Melbourne,Balwyn North,No,11.57
904055,2,"Milverton St, Camberwell, 3124",<div><strong>Education sector:</strong> Government</div><div><strong>School type:</strong> Primary</div><div><strong>Area:</strong> Inner Eastern Melbourne</div><div><strong>Suburb:</strong> Camberwell</div><div><strong>Distance from Melbourne Connect:</strong> 11.82 km</div>,,,,-37.848051,145.084466,0,Hartwell Primary School,0,,1,0,Government,Primary,Inner Eastern Melbourne,Camberwell,No,11.82
900293,2,"2A Wood Street, Hawthorn, 3122",<div><strong>Education sector:</strong> Government</div><div><strong>School type:</strong> Primary</div><div><strong>Area:</strong> Inner Eastern Melbourne</div><div><strong>Suburb:</strong> Hawthorn</div><div><strong>Distance from Melbourne Connect:</strong> 5.25 km</div>,,,,-37.820112,145.018377,0,Hawthorn West Primary School,0,,1,0,Government,Primary,Inner Eastern Melbourne,Hawthorn,No,5.25
904871,2,"370-380 Springvale Road, Donvale, 3111",<div><strong>Education sector:</strong> Government</div><div><strong>School type:</strong> Special</div><div><strong>Area:</strong> Inner Eastern Melbourne</div><div><strong>Suburb:</strong> Donvale</div><div><strong>Distance from Melbourne Connect:</strong> 18.78 km</div>,,,,-37.80033733,145.1780362,0,Heatherwood School,0,,1,0,Government,Special,Inner Eastern Melbourne,Donvale,No,18.78
904986,2,"33 Ashton Street, Glen Waverley, 3150",<div><strong>Education sector:</strong> Government</div><div><strong>School type:</strong> Primary</div><div><strong>Area:</strong> Inner Eastern Melbourne</div><div><strong>Suburb:</strong> Glen Waverley</div><div><strong>Distance from Melbourne Connect:</strong> 19.87 km</div>,,,,-37.867021,145.174068,0,Highvale Primary School,0,,1,0,Government,Primary,Inner Eastern Melbourne,Glen Waverley,No,19.87
907918,2,"Capital Avenue, Glen Waverley, 3150",<div><strong>Education sector:</strong> Government</div><div><strong>School type:</strong> Secondary</div><div><strong>Area:</strong> Inner Eastern Melbourne</div><div><strong>Suburb:</strong> Glen Waverley</div><div><strong>Distance from Melbourne Connect:</strong> 20.03 km</div>,,,,-37.865409,145.17682,0,Highvale Secondary College,0,,1,0,Government,Secondary,Inner Eastern Melbourne,Glen Waverley,No,20.03
901565,2,"250 Stephensons Road, Mount Waverley, 3149",<div><strong>Education sector:</strong> Catholic</div><div><strong>School type:</strong> Primary</div><div><strong>Area:</strong> Inner Eastern Melbourne</div><div><strong>Suburb:</strong> Mount Waverley</div><div><strong>Distance from Melbourne Connect:</strong> 16.70 km</div>,,,,-37.874255,145.129634,0,Holy Family School,0,,1,0,Catholic,Primary,Inner Eastern Melbourne,Mount Waverley,No,16.70
904176,2,"Brine Street, Hughesdale, 3166",<div><strong>Education sector:</strong> Government</div><div><strong>School type:</strong> Primary</div><div><strong>Area:</strong> Inner Eastern Melbourne</div><div><strong>Suburb:</strong> Hughesdale</div><div><strong>Distance from Melbourne Connect:</strong> 15.40 km</div>,,,,-37.905839,145.077639,0,Hughesdale Primary School,0,,1,0,Government,Primary,Inner Eastern Melbourne,Hughesdale,No,15.40
904716,2,"1 Grange Street, Oakleigh South, 3167",<div><strong>Education sector:</strong> Government</div><div><strong>School type:</strong> Primary</div><div><strong>Area:</strong> Inner Eastern Melbourne</div><div><strong>Suburb:</strong> Oakleigh South</div><div><strong>Distance from Melbourne Connect:</strong> 17.46 km</div>,,,,-37.913075,145.102359,0,Huntingdale Primary School,0,,1,0,Government,Primary,Inner Eastern Melbourne,Oakleigh South,No,17.46
901267,2,"77 Waimarie Drive, Mt Waverley, 3149",<div><strong>Education sector:</strong> Independent</div><div><strong>School type:</strong> Pri/Sec</div><div><strong>Area:</strong> Inner Eastern Melbourne</div><div><strong>Suburb:</strong> Mt Waverley</div><div><strong>Distance from Melbourne Connect:</strong> 17.34 km</div>,,,,-37.876741,145.136288,0,Huntingtower School,0,,1,0,Independent,Pri/Sec,Inner Eastern Melbourne,Mt Waverley,No,17.34
905176,2,"17-33 Petronella Avenue, Wheelers Hill, 3150",<div><strong>Education sector:</strong> Government</div><div><strong>School type:</strong> Primary</div><div><strong>Area:</strong> Inner Eastern Melbourne</div><div><strong>Suburb:</strong> Wheelers Hill</div><div><strong>Distance from Melbourne Connect:</strong> 23.09 km</div>,,,,-37.902837,145.192851,0,Jells Park Primary School,0,,1,0,Government,Primary,Inner Eastern Melbourne,Wheelers Hill,No,23.09
908856,2,"39 Innovation Walk, Clayton, 3800",<div><strong>Education sector:</strong> Government</div><div><strong>School type:</strong> Secondary</div><div><strong>Area:</strong> Inner Eastern Melbourne</div><div><strong>Suburb:</strong> Clayton</div><div><strong>Distance from Melbourne Connect:</strong> 19.22 km</div>,,,,-37.914221,145.128686,0,John Monash Science School,0,,1,0,Government,Secondary,Inner Eastern Melbourne,Clayton,No,19.22
904816,2,"178 Dorking Road, Box Hill North, 3129",<div><strong>Education sector:</strong> Government</div><div><strong>School type:</strong> Primary</div><div><strong>Area:</strong> Inner Eastern Melbourne</div><div><strong>Suburb:</strong> Box Hill North</div><div><strong>Distance from Melbourne Connect:</strong> 15.02 km</div>,,,,-37.803679,145.135249,0,Kerrimuir Primary School,0,,1,0,Government,Primary,Inner Eastern Melbourne,Box Hill North,No,15.02
903161,2,"35 Kitchener Street, Kew East, 3102",<div><strong>Education sector:</strong> Government</div><div><strong>School type:</strong> Primary</div><div><strong>Area:</strong> Inner Eastern Melbourne</div><div><strong>Suburb:</strong> Kew East</div><div><strong>Distance from Melbourne Connect:</strong> 7.47 km</div>,,,,-37.796473,145.049151,0,Kew East Primary School,0,,1,0,Government,Primary,Inner Eastern Melbourne,Kew East,No,7.47
907950,2,"1393 Burke Road, Kew East, 3102",<div><strong>Education sector:</strong> Government</div><div><strong>School type:</strong> Secondary</div><div><strong>Area:</strong> Inner Eastern Melbourne</div><div><strong>Suburb:</strong> Kew East</div><div><strong>Distance from Melbourne Connect:</strong> 8.72 km</div>,,,,-37.795546,145.063358,0,Kew High School,0,,1,0,Government,Secondary,Inner Eastern Melbourne,Kew East,No,8.72
901075,2,"Peel Street, Kew, 3101",<div><strong>Education sector:</strong> Government</div><div><strong>School type:</strong> Primary</div><div><strong>Area:</strong> Inner Eastern Melbourne</div><div><strong>Suburb:</strong> Kew</div><div><strong>Distance from Melbourne Connect:</strong> 6.08 km</div>,,,,-37.803639,145.033386,0,Kew Primary School,0,,1,0,Government,Primary,Inner Eastern Melbourne,Kew,No,6.08
901304,2,"355 Station Street, Box Hill, 3128",<div><strong>Education sector:</strong> Independent</div><div><strong>School type:</strong> Pri/Sec</div><div><strong>Area:</strong> Inner Eastern Melbourne</div><div><strong>Suburb:</strong> Box Hill</div><div><strong>Distance from Melbourne Connect:</strong> 14.03 km</div>,,,,-37.832777,145.118628,0,Kingswood College,0,,1,0,Independent,Pri/Sec,Inner Eastern Melbourne,Box Hill,No,14.03
907954,2,"68 Box Hill Crescent, Mont Albert North, 3129",<div><strong>Education sector:</strong> Government</div><div><strong>School type:</strong> Secondary</div><div><strong>Area:</strong> Inner Eastern Melbourne</div><div><strong>Suburb:</strong> Mont Albert North</div><div><strong>Distance from Melbourne Connect:</strong> 13.47 km</div>,,,,-37.80219,145.117561,0,Koonung Secondary College,0,,1,0,Government,Secondary,Inner Eastern Melbourne,Mont Albert North,No,13.47
904863,2,"Janet Street, Blackburn, 3130",<div><strong>Education sector:</strong> Government</div><div><strong>School type:</strong> Primary</div><div><strong>Area:</strong> Inner Eastern Melbourne</div><div><strong>Suburb:</strong> Blackburn</div><div><strong>Distance from Melbourne Connect:</strong> 15.66 km</div>,,,,-37.827098,145.139208,0,Laburnum Primary School,0,,1,0,Government,Primary,Inner Eastern Melbourne,Blackburn,No,15.66
905113,2,"25 - 29 Livingstone Road, Vermont South, 3133",<div><strong>Education sector:</strong> Government</div><div><strong>School type:</strong> Primary</div><div><strong>Area:</strong> Inner Eastern Melbourne</div><div><strong>Suburb:</strong> Vermont South</div><div><strong>Distance from Melbourne Connect:</strong> 19.89 km</div>,,,,-37.85289,145.18067,0,Livingstone Primary School,0,,1,0,Government,Primary,Inner Eastern Melbourne,Vermont South,No,19.89
901495,2,"160 Bulleen Road, Bulleen, 3105",<div><strong>Education sector:</strong> Catholic</div><div><strong>School type:</strong> Secondary</div><div><strong>Area:</strong> Inner Eastern Melbourne</div><div><strong>Suburb:</strong> Bulleen</div><div><strong>Distance from Melbourne Connect:</strong> 10.78 km</div>,,,,-37.774782,145.082675,0,Marcellin College,0,,1,0,Catholic,Secondary,Inner Eastern Melbourne,Bulleen,No,10.78
901673,2,"Kernot Ave, Mulgrave, 3170",<div><strong>Education sector:</strong> Catholic</div><div><strong>School type:</strong> Secondary</div><div><strong>Area:</strong> Inner Eastern Melbourne</div><div><strong>Suburb:</strong> Mulgrave</div><div><strong>Distance from Melbourne Connect:</strong> 21.86 km</div>,,,,-37.915204,145.166144,0,Mazenod College,0,,1,0,Catholic,Secondary,Inner Eastern Melbourne,Mulgrave,No,21.86
900259,2,"207 Barkers Road, Kew, 3101",<div><strong>Education sector:</strong> Independent</div><div><strong>School type:</strong> Pri/Sec</div><div><strong>Area:</strong> Inner Eastern Melbourne</div><div><strong>Suburb:</strong> Kew</div><div><strong>Distance from Melbourne Connect:</strong> 6.70 km</div>,,,,-37.813951,145.038491,0,Methodist Ladies' College,0,,1,0,Independent,Pri/Sec,Inner Eastern Melbourne,Kew,No,6.70
905212,2,"96 Landscape Drive, Doncaster East, 3109",<div><strong>Education sector:</strong> Government</div><div><strong>School type:</strong> Primary</div><div><strong>Area:</strong> Inner Eastern Melbourne</div><div><strong>Suburb:</strong> Doncaster East</div><div><strong>Distance from Melbourne Connect:</strong> 18.76 km</div>,,,,-37.773798,145.175188,0,Milgate Primary School,0,,1,0,Government,Primary,Inner Eastern Melbourne,Doncaster East,No,18.76
902904,2,"294 Mitcham Road, Mitcham, 3132",<div><strong>Education sector:</strong> Government</div><div><strong>School type:</strong> Primary</div><div><strong>Area:</strong> Inner Eastern Melbourne</div><div><strong>Suburb:</strong> Mitcham</div><div><strong>Distance from Melbourne Connect:</strong> 20.09 km</div>,,,,-37.808986,145.192719,0,Mitcham Primary School,0,,1,0,Government,Primary,Inner Eastern Melbourne,Mitcham,No,20.09
905151,2,"15-25 Academy Avenue, Wheelers Hill, 3150",<div><strong>Education sector:</strong> Government</div><div><strong>School type:</strong> Special</div><div><strong>Area:</strong> Inner Eastern Melbourne</div><div><strong>Suburb:</strong> Wheelers Hill</div><div><strong>Distance from Melbourne Connect:</strong> 21.31 km</div>,,,,-37.9069788,145.1657962,0,Monash Special Developmental School,0,,1,0,Government,Special,Inner Eastern Melbourne,Wheelers Hill,No,21.31
903943,2,"Barloa Road, Mont Albert, 3127",<div><strong>Education sector:</strong> Government</div><div><strong>School type:</strong> Primary</div><div><strong>Area:</strong> Inner Eastern Melbourne</div><div><strong>Suburb:</strong> Mont Albert</div><div><strong>Distance from Melbourne Connect:</strong> 12.25 km</div>,,,,-37.813079,145.102727,0,Mont Albert Primary School,0,,1,0,Government,Primary,Inner Eastern Melbourne,Mont Albert,No,12.25
904808,2,"105-107 Mt Pleasant Road, Nunawading, 3131",<div><strong>Education sector:</strong> Government</div><div><strong>School type:</strong> Primary</div><div><strong>Area:</strong> Inner Eastern Melbourne</div><div><strong>Suburb:</strong> Nunawading</div><div><strong>Distance from Melbourne Connect:</strong> 19.22 km</div>,,,,-37.828587,145.180091,0,Mount Pleasant Road Nunawading Primary School,0,,1,0,Government,Primary,Inner Eastern Melbourne,Nunawading,No,19.22
901490,2,"245 Burwood Highway, Burwood, 3125",<div><strong>Education sector:</strong> Independent</div><div><strong>School type:</strong> Pri/Sec</div><div><strong>Area:</strong> Inner Eastern Melbourne</div><div><strong>Suburb:</strong> Burwood</div><div><strong>Distance from Melbourne Connect:</strong> 14.46 km</div>,,,,-37.847216,145.117774,0,Mount Scopus Memorial College,0,,1,0,Independent,Pri/Sec,Inner Eastern Melbourne,Burwood,No,14.46
904923,2,"274-288 Gallaghers Rd, Glen Waverley, 3150",<div><strong>Education sector:</strong> Government</div><div><strong>School type:</strong> Primary</div><div><strong>Area:</strong> Inner Eastern Melbourne</div><div><strong>Suburb:</strong> Glen Waverley</div><div><strong>Distance from Melbourne Connect:</strong> 20.99 km</div>,,,,-37.883485,145.178805,0,Mount View Primary School,0,,1,0,Government,Primary,Inner Eastern Melbourne,Glen Waverley,No,20.99
904832,2,"36 Solomon Street, Mount Waverley, 3149",<div><strong>Education sector:</strong> Government</div><div><strong>School type:</strong> Primary</div><div><strong>Area:</strong> Inner Eastern Melbourne</div><div><strong>Suburb:</strong> Mount Waverley</div><div><strong>Distance from Melbourne Connect:</strong> 16.25 km</div>,,,,-37.888919,145.11127,0,Mount Waverley Heights Primary School,0,,1,0,Government,Primary,Inner Eastern Melbourne,Mount Waverley,No,16.25
905430,2,"Marcus Avenue, Mount Waverley, 3149",<div><strong>Education sector:</strong> Government</div><div><strong>School type:</strong> Primary</div><div><strong>Area:</strong> Inner Eastern Melbourne</div><div><strong>Suburb:</strong> Mount Waverley</div><div><strong>Distance from Melbourne Connect:</strong> 17.29 km</div>,,,,-37.868017,145.141352,0,Mount Waverley North Primary School,0,,1,0,Government,Primary,Inner Eastern Melbourne,Mount Waverley,No,17.29
903432,2,"37-45 Park Lane, Mount Waverley, 3149",<div><strong>Education sector:</strong> Government</div><div><strong>School type:</strong> Primary</div><div><strong>Area:</strong> Inner Eastern Melbourne</div><div><strong>Suburb:</strong> Mount Waverley</div><div><strong>Distance from Melbourne Connect:</strong> 16.69 km</div>,,,,-37.881266,145.124111,0,Mount Waverley Primary School,0,,1,0,Government,Primary,Inner Eastern Melbourne,Mount Waverley,No,16.69
908105,2,"9 Lechte Road, Mount Waverley, 3149",<div><strong>Education sector:</strong> Government</div><div><strong>School type:</strong> Secondary</div><div><strong>Area:</strong> Inner Eastern Melbourne</div><div><strong>Suburb:</strong> Mount Waverley</div><div><strong>Distance from Melbourne Connect:</strong> 16.63 km</div>,,,,-37.869086,145.132311,0,Mount Waverley Secondary College,0,,1,0,Government,Secondary,Inner Eastern Melbourne,Mount Waverley,No,16.63
902172,2,"23-31 Gladeswood Drive, Mulgrave, 3170",<div><strong>Education sector:</strong> Government</div><div><strong>School type:</strong> Primary</div><div><strong>Area:</strong> Inner Eastern Melbourne</div><div><strong>Suburb:</strong> Mulgrave</div><div><strong>Distance from Melbourne Connect:</strong> 25.23 km</div>,,,,-37.932946,145.197367,0,Mulgrave Primary School,0,,1,0,Government,Primary,Inner Eastern Melbourne,Mulgrave,No,25.23
908744,2,"456 Springfield Road, Mitcham, 3132",<div><strong>Education sector:</strong> Government</div><div><strong>School type:</strong> Secondary</div><div><strong>Area:</strong> Inner Eastern Melbourne</div><div><strong>Suburb:</strong> Mitcham</div><div><strong>Distance from Melbourne Connect:</strong> 19.86 km</div>,,,,-37.807109,145.190155,0,Mullauna Secondary College,0,,1,0,Government,Secondary,Inner Eastern Melbourne,Mitcham,No,19.86
901508,2,"Laughlin Ave, Nunawading, 3131",<div><strong>Education sector:</strong> Independent</div><div><strong>School type:</strong> Primary</div><div><strong>Area:</strong> Inner Eastern Melbourne</div><div><strong>Suburb:</strong> Nunawading</div><div><strong>Distance from Melbourne Connect:</strong> 18.24 km</div>,,,,-37.82192,145.17005,0,Nunawading Christian College-Primary,0,,1,0,Independent,Primary,Inner Eastern Melbourne,Nunawading,No,18.24
901712,2,"161 Central Rd, Nunawading, 3131",<div><strong>Education sector:</strong> Independent</div><div><strong>School type:</strong> Secondary</div><div><strong>Area:</strong> Inner Eastern Melbourne</div><div><strong>Suburb:</strong> Nunawading</div><div><strong>Distance from Melbourne Connect:</strong> 18.16 km</div>,,,,-37.82254717,145.1690183,0,Nunawading Christian College-Secondary,0,,1,0,Independent,Secondary,Inner Eastern Melbourne,Nunawading,No,18.16
901866,2,"77  Willesden Road, Oakleigh, 3166",<div><strong>Education sector:</strong> Independent</div><div><strong>School type:</strong> Pri/Sec</div><div><strong>Area:</strong> Inner Eastern Melbourne</div><div><strong>Suburb:</strong> Oakleigh</div><div><strong>Distance from Melbourne Connect:</strong> 14.89 km</div>,,,,-37.895907,145.082819,0,Oakleigh Grammar,0,,1,0,Independent,Pri/Sec,Inner Eastern Melbourne,Oakleigh,No,14.89
901601,2,"20 Warrigal Road, Oakleigh, 3166",<div><strong>Education sector:</strong> Government</div><div><strong>School type:</strong> Primary</div><div><strong>Area:</strong> Inner Eastern Melbourne</div><div><strong>Suburb:</strong> Oakleigh</div><div><strong>Distance from Melbourne Connect:</strong> 15.14 km</div>,,,,-37.894474,145.088615,0,Oakleigh Primary School,0,,1,0,Government,Primary,Inner Eastern Melbourne,Oakleigh,No,15.14
904823,2,"Riley Street, Oakleigh South, 3167",<div><strong>Education sector:</strong> Government</div><div><strong>School type:</strong> Primary</div><div><strong>Area:</strong> Inner Eastern Melbourne</div><div><strong>Suburb:</strong> Oakleigh South</div><div><strong>Distance from Melbourne Connect:</strong> 17.76 km</div>,,,,-37.92220601,145.0947041,0,Oakleigh South Primary School,0,,1,0,Government,Primary,Inner Eastern Melbourne,Oakleigh South,No,17.76
904715,2,"88 Koonung Road, Blackburn North, 3130",<div><strong>Education sector:</strong> Government</div><div><strong>School type:</strong> Primary</div><div><strong>Area:</strong> Inner Eastern Melbourne</div><div><strong>Suburb:</strong> Blackburn North</div><div><strong>Distance from Melbourne Connect:</strong> 16.56 km</div>,,,,-37.807568,145.152511,0,Old Orchard Primary School,0,,1,0,Government,Primary,Inner Eastern Melbourne,Blackburn North,No,16.56
905285,2,"101 Orchard Grove, Blackburn South, 3130",<div><strong>Education sector:</strong> Government</div><div><strong>School type:</strong> Primary</div><div><strong>Area:</strong> Inner Eastern Melbourne</div><div><strong>Suburb:</strong> Blackburn South</div><div><strong>Distance from Melbourne Connect:</strong> 16.62 km</div>,,,,-37.84023,145.146528,0,Orchard Grove Primary School,0,,1,0,Government,Primary,Inner Eastern Melbourne,Blackburn South,No,16.62
900653,2,"311 Mont Albert Road, Surrey Hills, 3127",<div><strong>Education sector:</strong> Catholic</div><div><strong>School type:</strong> Primary</div><div><strong>Area:</strong> Inner Eastern Melbourne</div><div><strong>Suburb:</strong> Surrey Hills</div><div><strong>Distance from Melbourne Connect:</strong> 12.14 km</div>,,,,-37.820319,145.100085,0,Our Holy Redeemer School,0,,1,0,Catholic,Primary,Inner Eastern Melbourne,Surrey Hills,No,12.14
901206,2,"12 Whitehorse Rd, Deepdene, 3103",<div><strong>Education sector:</strong> Catholic</div><div><strong>School type:</strong> Primary</div><div><strong>Area:</strong> Inner Eastern Melbourne</div><div><strong>Suburb:</strong> Deepdene</div><div><strong>Distance from Melbourne Connect:</strong> 8.74 km</div>,,,,-37.811081,145.06279,0,Our Lady of Good Counsel School,0,,1,0,Catholic,Primary,Inner Eastern Melbourne,Deepdene,No,8.74
901569,2,"31 Erasmus Street, Surrey Hills, 3127",<div><strong>Education sector:</strong> Catholic</div><div><strong>School type:</strong> Primary</div><div><strong>Area:</strong> Inner Eastern Melbourne</div><div><strong>Suburb:</strong> Surrey Hills</div><div><strong>Distance from Melbourne Connect:</strong> 13.34 km</div>,,,,-37.830057,145.111389,0,Our Lady of Perpetual Succour School,0,,1,0,Catholic,Primary,Inner Eastern Melbourne,Surrey Hills,No,13.34
901287,2,"1065 Whitehorse Road, Box Hill, 3128",<div><strong>Education sector:</strong> Catholic</div><div><strong>School type:</strong> Secondary</div><div><strong>Area:</strong> Inner Eastern Melbourne</div><div><strong>Suburb:</strong> Box Hill</div><div><strong>Distance from Melbourne Connect:</strong> 14.69 km</div>,,,,-37.818348,145.129918,0,Our Lady of Sion College,0,,1,0,Catholic,Secondary,Inner Eastern Melbourne,Box Hill,No,14.69
901759,2,"77 Carbine Street, Donvale, 3111",<div><strong>Education sector:</strong> Catholic</div><div><strong>School type:</strong> Primary</div><div><strong>Area:</strong> Inner Eastern Melbourne</div><div><strong>Suburb:</strong> Donvale</div><div><strong>Distance from Melbourne Connect:</strong> 18.93 km</div>,,,,-37.774442,145.177211,0,Our Lady of the Pines School,0,,1,0,Catholic,Primary,Inner Eastern Melbourne,Donvale,No,18.93
904854,2,"1-3 Bowmore Avenue, Park Orchards, 3114",<div><strong>Education sector:</strong> Government</div><div><strong>School type:</strong> Primary</div><div><strong>Area:</strong> Inner Eastern Melbourne</div><div><strong>Suburb:</strong> Park Orchards</div><div><strong>Distance from Melbourne Connect:</strong> 22.23 km</div>,,,,-37.779519,145.215918,0,Park Orchards Primary School,0,,1,0,Government,Primary,Inner Eastern Melbourne,Park Orchards,No,22.23
905416,2,"4a Parkhill Drive, Ashwood, 3147",<div><strong>Education sector:</strong> Government</div><div><strong>School type:</strong> Primary</div><div><strong>Area:</strong> Inner Eastern Melbourne</div><div><strong>Suburb:</strong> Ashwood</div><div><strong>Distance from Melbourne Connect:</strong> 14.34 km</div>,,,,-37.86288,145.106871,0,Parkhill Primary School,0,,1,0,Government,Primary,Inner Eastern Melbourne,Ashwood,No,14.34
904881,2,"38-54 Jolimont Road, Forest Hill, 3131",<div><strong>Education sector:</strong> Government</div><div><strong>School type:</strong> Primary</div><div><strong>Area:</strong> Inner Eastern Melbourne</div><div><strong>Suburb:</strong> Forest Hill</div><div><strong>Distance from Melbourne Connect:</strong> 19.32 km</div>,,,,-37.843844,145.177183,0,Parkmore Primary School,0,,1,0,Government,Primary,Inner Eastern Melbourne,Forest Hill,No,19.32
904874,2,"27-35 Pinewood Drive, Mount Waverley, 3149",<div><strong>Education sector:</strong> Government</div><div><strong>School type:</strong> Primary</div><div><strong>Area:</strong> Inner Eastern Melbourne</div><div><strong>Suburb:</strong> Mount Waverley</div><div><strong>Distance from Melbourne Connect:</strong> 18.56 km</div>,,,,-37.890118,145.142339,0,Pinewood Primary School,0,,1,0,Government,Primary,Inner Eastern Melbourne,Mount Waverley,No,18.56
900554,2,"141 Burwood Highway, Burwood, 3125",<div><strong>Education sector:</strong> Independent</div><div><strong>School type:</strong> Pri/Sec</div><div><strong>Area:</strong> Inner Eastern Melbourne</div><div><strong>Suburb:</strong> Burwood</div><div><strong>Distance from Melbourne Connect:</strong> 13.64 km</div>,,,,-37.848559,145.107002,0,Presbyterian Ladies' College,0,,1,0,Independent,Pri/Sec,Inner Eastern Melbourne,Burwood,No,13.64
901377,2,"395 Barkers Road, Kew, 3101",<div><strong>Education sector:</strong> Independent</div><div><strong>School type:</strong> Pri/Sec</div><div><strong>Area:</strong> Inner Eastern Melbourne</div><div><strong>Suburb:</strong> Kew</div><div><strong>Distance from Melbourne Connect:</strong> 7.92 km</div>,,,,-37.815934,145.052212,0,"Preshil, The Margaret Lyttle Memorial School",0,,1,0,Independent,Pri/Sec,Inner Eastern Melbourne,Kew,No,7.92
905431,2,"27 Churinga Avenue, Mitcham, 3132",<div><strong>Education sector:</strong> Government</div><div><strong>School type:</strong> Primary</div><div><strong>Area:</strong> Inner Eastern Melbourne</div><div><strong>Suburb:</strong> Mitcham</div><div><strong>Distance from Melbourne Connect:</strong> 21.51 km</div>,,,,-37.829577,145.206302,0,Rangeview Primary School,0,,1,0,Government,Primary,Inner Eastern Melbourne,Mitcham,No,21.51
905419,2,"57 Birdwood Street, Box Hill South, 3128",<div><strong>Education sector:</strong> Government</div><div><strong>School type:</strong> Primary</div><div><strong>Area:</strong> Inner Eastern Melbourne</div><div><strong>Suburb:</strong> Box Hill South</div><div><strong>Distance from Melbourne Connect:</strong> 14.65 km</div>,,,,-37.834767,145.125206,0,Roberts McCubbin Primary School,0,,1,0,Government,Primary,Inner Eastern Melbourne,Box Hill South,No,14.65
901559,2,"131 Power Street, Hawthorn, 3122",<div><strong>Education sector:</strong> Independent</div><div><strong>School type:</strong> Special</div><div><strong>Area:</strong> Inner Eastern Melbourne</div><div><strong>Suburb:</strong> Hawthorn</div><div><strong>Distance from Melbourne Connect:</strong> 6.03 km</div>,,,,-37.82304,145.02655,0,Rossbourne School,0,,1,0,Independent,Special,Inner Eastern Melbourne,Hawthorn,No,6.03
900083,2,"12 Selbourne Road, Kew, 3101",<div><strong>Education sector:</strong> Independent</div><div><strong>School type:</strong> Pri/Sec</div><div><strong>Area:</strong> Inner Eastern Melbourne</div><div><strong>Suburb:</strong> Kew</div><div><strong>Distance from Melbourne Connect:</strong> 6.69 km</div>,,,,-37.811111,145.039181,0,Ruyton Girls' School,0,,1,0,Independent,Pri/Sec,Inner Eastern Melbourne,Kew,No,6.69
902114,2,"357 Camberwell Road, Camberwell, 3124",<div><strong>Education sector:</strong> Independent</div><div><strong>School type:</strong> Secondary</div><div><strong>Area:</strong> Inner Eastern Melbourne</div><div><strong>Suburb:</strong> Camberwell</div><div><strong>Distance from Melbourne Connect:</strong> 8.58 km</div>,,,,-37.830714,145.054006,0,SEDA College (Victoria),0,,1,0,Independent,Secondary,Inner Eastern Melbourne,Camberwell,No,8.58
901571,2,"113 Warrigal Road, Hughesdale, 3166",<div><strong>Education sector:</strong> Catholic</div><div><strong>School type:</strong> Secondary</div><div><strong>Area:</strong> Inner Eastern Melbourne</div><div><strong>Suburb:</strong> Hughesdale</div><div><strong>Distance from Melbourne Connect:</strong> 15.59 km</div>,,,,-37.902163,145.086083,0,Sacred Heart Girls' College,0,,1,0,Catholic,Secondary,Inner Eastern Melbourne,Hughesdale,No,15.59
900590,2,"116 Cotham Road, Kew, 3101",<div><strong>Education sector:</strong> Catholic</div><div><strong>School type:</strong> Primary</div><div><strong>Area:</strong> Inner Eastern Melbourne</div><div><strong>Suburb:</strong> Kew</div><div><strong>Distance from Melbourne Connect:</strong> 6.49 km</div>,,,,-37.808169,145.03744,0,Sacred Heart School,0,,1,0,Catholic,Primary,Inner Eastern Melbourne,Kew,No,6.49
901393,2,"2 Mora Avenue, Oakleigh, 3166",<div><strong>Education sector:</strong> Catholic</div><div><strong>School type:</strong> Primary</div><div><strong>Area:</strong> Inner Eastern Melbourne</div><div><strong>Suburb:</strong> Oakleigh</div><div><strong>Distance from Melbourne Connect:</strong> 15.62 km</div>,,,,-37.901835,145.086915,0,Sacred Heart School,0,,1,0,Catholic,Primary,Inner Eastern Melbourne,Oakleigh,No,15.62
901485,2,"10 Bosco Street, Chadstone, 3148",<div><strong>Education sector:</strong> Catholic</div><div><strong>School type:</strong> Secondary</div><div><strong>Area:</strong> Inner Eastern Melbourne</div><div><strong>Suburb:</strong> Chadstone</div><div><strong>Distance from Melbourne Connect:</strong> 15.07 km</div>,,,,-37.882735,145.100257,0,Salesian College Chadstone,0,,1,0,Catholic,Secondary,Inner Eastern Melbourne,Chadstone,No,15.07
901021,2,"1 Morrison Street, Hawthorn, 3122",<div><strong>Education sector:</strong> Independent</div><div><strong>School type:</strong> Pri/Sec</div><div><strong>Area:</strong> Inner Eastern Melbourne</div><div><strong>Suburb:</strong> Hawthorn</div><div><strong>Distance from Melbourne Connect:</strong> 7.06 km</div>,,,,-37.833922,145.032288,0,Scotch College,0,,1,0,Independent,Pri/Sec,Inner Eastern Melbourne,Hawthorn,No,7.06
905168,2,"Tuckers Road, Templestowe, 3106",<div><strong>Education sector:</strong> Government</div><div><strong>School type:</strong> Primary</div><div><strong>Area:</strong> Inner Eastern Melbourne</div><div><strong>Suburb:</strong> Templestowe</div><div><strong>Distance from Melbourne Connect:</strong> 17.14 km</div>,,,,-37.769901,145.155574,0,Serpell Primary School,0,,1,0,Government,Primary,Inner Eastern Melbourne,Templestowe,No,17.14
901445,2,"815 Riversdale Road, Camberwell, 3124",<div><strong>Education sector:</strong> Catholic</div><div><strong>School type:</strong> Secondary</div><div><strong>Area:</strong> Inner Eastern Melbourne</div><div><strong>Suburb:</strong> Camberwell</div><div><strong>Distance from Melbourne Connect:</strong> 11.04 km</div>,,,,-37.833662,145.082575,0,Siena College Ltd,0,,1,0,Catholic,Secondary,Inner Eastern Melbourne,Camberwell,No,11.04
904641,2,"Winton Road, Ashburton, 3147",<div><strong>Education sector:</strong> Government</div><div><strong>School type:</strong> Primary</div><div><strong>Area:</strong> Inner Eastern Melbourne</div><div><strong>Suburb:</strong> Ashburton</div><div><strong>Distance from Melbourne Connect:</strong> 12.53 km</div>,,,,-37.873238,145.07283,0,Solway Primary School,0,,1,0,Government,Primary,Inner Eastern Melbourne,Ashburton,No,12.53
908801,2,"Bakers Road, Oakleigh South, 3167",<div><strong>Education sector:</strong> Government</div><div><strong>School type:</strong> Secondary</div><div><strong>Area:</strong> Inner Eastern Melbourne</div><div><strong>Suburb:</strong> Oakleigh South</div><div><strong>Distance from Melbourne Connect:</strong> 17.49 km</div>,,,,-37.92232068,145.089768,0,South Oakleigh College,0,,1,0,Government,Secondary,Inner Eastern Melbourne,Oakleigh South,No,17.49
901604,2,"16 Beverley Street, Doncaster East, 3109",<div><strong>Education sector:</strong> Catholic</div><div><strong>School type:</strong> Primary</div><div><strong>Area:</strong> Inner Eastern Melbourne</div><div><strong>Suburb:</strong> Doncaster East</div><div><strong>Distance from Melbourne Connect:</strong> 16.65 km</div>,,,,-37.790552,145.1534,0,Ss Peter & Paul's School,0,,1,0,Catholic,Primary,Inner Eastern Melbourne,Doncaster East,No,16.65
901328,2,"7-19 Beresford Street, Kew East, 3102",<div><strong>Education sector:</strong> Catholic</div><div><strong>School type:</strong> Primary</div><div><strong>Area:</strong> Inner Eastern Melbourne</div><div><strong>Suburb:</strong> Kew East</div><div><strong>Distance from Melbourne Connect:</strong> 7.53 km</div>,,,,-37.79538,145.049813,0,St Anne's School,0,,1,0,Catholic,Primary,Inner Eastern Melbourne,Kew East,No,7.53
901805,2,"60 Knees Road, Park Orchards, 3114",<div><strong>Education sector:</strong> Catholic</div><div><strong>School type:</strong> Primary</div><div><strong>Area:</strong> Inner Eastern Melbourne</div><div><strong>Suburb:</strong> Park Orchards</div><div><strong>Distance from Melbourne Connect:</strong> 22.54 km</div>,,,,-37.773303,145.218594,0,St Anne's School,0,,1,0,Catholic,Primary,Inner Eastern Melbourne,Park Orchards,No,22.54
901482,2,"2 Marwal Avenue, Balwyn North, 3104",<div><strong>Education sector:</strong> Catholic</div><div><strong>School type:</strong> Primary</div><div><strong>Area:</strong> Inner Eastern Melbourne</div><div><strong>Suburb:</strong> Balwyn North</div><div><strong>Distance from Melbourne Connect:</strong> 9.40 km</div>,,,,-37.793523,145.070901,0,St Bede's School,0,,1,0,Catholic,Primary,Inner Eastern Melbourne,Balwyn North,No,9.40
901354,2,"4 Van Ness Avenue, Glen Iris, 3146",<div><strong>Education sector:</strong> Catholic</div><div><strong>School type:</strong> Primary</div><div><strong>Area:</strong> Inner Eastern Melbourne</div><div><strong>Suburb:</strong> Glen Iris</div><div><strong>Distance from Melbourne Connect:</strong> 10.42 km</div>,,,,-37.850094,145.064602,0,St Cecilia's School,0,,1,0,Catholic,Primary,Inner Eastern Melbourne,Glen Iris,No,10.42
901600,2,"2-16 Doon Avenue, Glen Waverley, 3150",<div><strong>Education sector:</strong> Catholic</div><div><strong>School type:</strong> Primary</div><div><strong>Area:</strong> Inner Eastern Melbourne</div><div><strong>Suburb:</strong> Glen Waverley</div><div><strong>Distance from Melbourne Connect:</strong> 18.13 km</div>,,,,-37.87109838,145.1501975,0,St Christopher's School,0,,1,0,Catholic,Primary,Inner Eastern Melbourne,Glen Waverley,No,18.13
901640,2,"9 Egan Drive, Bulleen, 3105",<div><strong>Education sector:</strong> Catholic</div><div><strong>School type:</strong> Primary</div><div><strong>Area:</strong> Inner Eastern Melbourne</div><div><strong>Suburb:</strong> Bulleen</div><div><strong>Distance from Melbourne Connect:</strong> 11.66 km</div>,,,,-37.767296,145.090333,0,St Clement of Rome School,0,,1,0,Catholic,Primary,Inner Eastern Melbourne,Bulleen,No,11.66
901229,2,"145 Highfield Road, Camberwell East, 3124",<div><strong>Education sector:</strong> Catholic</div><div><strong>School type:</strong> Primary</div><div><strong>Area:</strong> Inner Eastern Melbourne</div><div><strong>Suburb:</strong> Camberwell East</div><div><strong>Distance from Melbourne Connect:</strong> 11.35 km</div>,,,,-37.838918,145.083836,0,St Dominic's School,0,,1,0,Catholic,Primary,Inner Eastern Melbourne,Camberwell East,No,11.35
901272,2,"1087 Whitehorse Road, Box Hill, 3128",<div><strong>Education sector:</strong> Catholic</div><div><strong>School type:</strong> Primary</div><div><strong>Area:</strong> Inner Eastern Melbourne</div><div><strong>Suburb:</strong> Box Hill</div><div><strong>Distance from Melbourne Connect:</strong> 14.83 km</div>,,,,-37.818494,145.131493,0,St Francis Xavier's School,0,,1,0,Catholic,Primary,Inner Eastern Melbourne,Box Hill,No,14.83
901678,2,"396 Manningham Road, Doncaster, 3108",<div><strong>Education sector:</strong> Catholic</div><div><strong>School type:</strong> Primary</div><div><strong>Area:</strong> Inner Eastern Melbourne</div><div><strong>Suburb:</strong> Doncaster</div><div><strong>Distance from Melbourne Connect:</strong> 14.05 km</div>,,,,-37.780598,145.122282,0,St Gregory the Great School,0,,1,0,Catholic,Primary,Inner Eastern Melbourne,Doncaster,No,14.05
901681,2,"51 Centre Road, Vermont, 3133",<div><strong>Education sector:</strong> Catholic</div><div><strong>School type:</strong> Primary</div><div><strong>Area:</strong> Inner Eastern Melbourne</div><div><strong>Suburb:</strong> Vermont</div><div><strong>Distance from Melbourne Connect:</strong> 21.94 km</div>,,,,-37.836748,145.20969,0,St James' School,0,,1,0,Catholic,Primary,Inner Eastern Melbourne,Vermont,No,21.94
901613,2,"23 Police Road, Mulgrave, 3170",<div><strong>Education sector:</strong> Catholic</div><div><strong>School type:</strong> Primary</div><div><strong>Area:</strong> Inner Eastern Melbourne</div><div><strong>Suburb:</strong> Mulgrave</div><div><strong>Distance from Melbourne Connect:</strong> 22.61 km</div>,,,,-37.932718,145.159559,0,St John Vianney's School,0,,1,0,Catholic,Primary,Inner Eastern Melbourne,Mulgrave,No,22.61
901407,2,"490 Whitehorse Road, Mitcham, 3132",<div><strong>Education sector:</strong> Catholic</div><div><strong>School type:</strong> Primary</div><div><strong>Area:</strong> Inner Eastern Melbourne</div><div><strong>Suburb:</strong> Mitcham</div><div><strong>Distance from Melbourne Connect:</strong> 19.96 km</div>,,,,-37.817445,145.190401,0,St John's School,0,,1,0,Catholic,Primary,Inner Eastern Melbourne,Mitcham,No,19.96
900148,2,"571 Glenferrie Road, Hawthorn, 3122",<div><strong>Education sector:</strong> Catholic</div><div><strong>School type:</strong> Primary</div><div><strong>Area:</strong> Inner Eastern Melbourne</div><div><strong>Suburb:</strong> Hawthorn</div><div><strong>Distance from Melbourne Connect:</strong> 6.81 km</div>,,,,-37.826461,145.034315,0,St Joseph's School,0,,1,0,Catholic,Primary,Inner Eastern Melbourne,Hawthorn,No,6.81
901882,2,"42 Whalley Drive, Wheelers Hill, 3150",<div><strong>Education sector:</strong> Catholic</div><div><strong>School type:</strong> Primary</div><div><strong>Area:</strong> Inner Eastern Melbourne</div><div><strong>Suburb:</strong> Wheelers Hill</div><div><strong>Distance from Melbourne Connect:</strong> 23.78 km</div>,,,,-37.917811,145.190508,0,St Justin's School,0,,1,0,Catholic,Primary,Inner Eastern Melbourne,Wheelers Hill,No,23.78
901680,2,"26-44 Herlihys Road, Templestowe Lower, 3107",<div><strong>Education sector:</strong> Catholic</div><div><strong>School type:</strong> Primary</div><div><strong>Area:</strong> Inner Eastern Melbourne</div><div><strong>Suburb:</strong> Templestowe Lower</div><div><strong>Distance from Melbourne Connect:</strong> 14.59 km</div>,,,,-37.761267,145.122868,0,St Kevin's School,0,,1,0,Catholic,Primary,Inner Eastern Melbourne,Templestowe Lower,No,14.59
901596,2,"349 Springvale Road, Glen Waverley, 3150",<div><strong>Education sector:</strong> Catholic</div><div><strong>School type:</strong> Primary</div><div><strong>Area:</strong> Inner Eastern Melbourne</div><div><strong>Suburb:</strong> Glen Waverley</div><div><strong>Distance from Melbourne Connect:</strong> 20.00 km</div>,,,,-37.886803,145.163894,0,St Leonard's School,0,,1,0,Catholic,Primary,Inner Eastern Melbourne,Glen Waverley,No,20.00
901628,2,"46 Orchard Grove, Blackburn South, 3130",<div><strong>Education sector:</strong> Catholic</div><div><strong>School type:</strong> Primary</div><div><strong>Area:</strong> Inner Eastern Melbourne</div><div><strong>Suburb:</strong> Blackburn South</div><div><strong>Distance from Melbourne Connect:</strong> 16.50 km</div>,,,,-37.835551,145.146714,0,St Luke the Evangelist School,0,,1,0,Catholic,Primary,Inner Eastern Melbourne,Blackburn South,No,16.50
901477,2,"268 High Street, Ashburton, 3147",<div><strong>Education sector:</strong> Catholic</div><div><strong>School type:</strong> Primary</div><div><strong>Area:</strong> Inner Eastern Melbourne</div><div><strong>Suburb:</strong> Ashburton</div><div><strong>Distance from Melbourne Connect:</strong> 12.59 km</div>,,,,-37.864128,145.082484,0,St Michael's School,0,,1,0,Catholic,Primary,Inner Eastern Melbourne,Ashburton,No,12.59
901647,2,"3 Brenbeal Street, Balwyn, 3101",<div><strong>Education sector:</strong> Independent</div><div><strong>School type:</strong> Special</div><div><strong>Area:</strong> Inner Eastern Melbourne</div><div><strong>Suburb:</strong> Balwyn</div><div><strong>Distance from Melbourne Connect:</strong> 10.85 km</div>,,,,-37.81235,145.086858,0,St Paul's College Balwyn,0,,1,0,Independent,Special,Inner Eastern Melbourne,Balwyn,No,10.85
901531,2,"16 Mary Street, Clayton, 3168",<div><strong>Education sector:</strong> Catholic</div><div><strong>School type:</strong> Primary</div><div><strong>Area:</strong> Inner Eastern Melbourne</div><div><strong>Suburb:</strong> Clayton</div><div><strong>Distance from Melbourne Connect:</strong> 19.46 km</div>,,,,-37.92314,145.121859,0,St Peter's School,0,,1,0,Catholic,Primary,Inner Eastern Melbourne,Clayton,No,19.46
901652,2,"60 Junction Road, Blackburn North, 3130",<div><strong>Education sector:</strong> Catholic</div><div><strong>School type:</strong> Primary</div><div><strong>Area:</strong> Inner Eastern Melbourne</div><div><strong>Suburb:</strong> Blackburn North</div><div><strong>Distance from Melbourne Connect:</strong> 17.79 km</div>,,,,-37.807643,145.166588,0,St Philip's School,0,,1,0,Catholic,Primary,Inner Eastern Melbourne,Blackburn North,No,17.79
901598,2,"4-8 Starling Street, Bennettswood, 3125",<div><strong>Education sector:</strong> Catholic</div><div><strong>School type:</strong> Primary</div><div><strong>Area:</strong> Inner Eastern Melbourne</div><div><strong>Suburb:</strong> Bennettswood</div><div><strong>Distance from Melbourne Connect:</strong> 15.31 km</div>,,,,-37.851646,145.125908,0,St Scholastica's School,0,,1,0,Catholic,Primary,Inner Eastern Melbourne,Bennettswood,No,15.31
901522,2,"67 Central Road, Blackburn, 3130",<div><strong>Education sector:</strong> Catholic</div><div><strong>School type:</strong> Primary</div><div><strong>Area:</strong> Inner Eastern Melbourne</div><div><strong>Suburb:</strong> Blackburn</div><div><strong>Distance from Melbourne Connect:</strong> 17.16 km</div>,,,,-37.823247,145.157434,0,St Thomas The Apostle School,0,,1,0,Catholic,Primary,Inner Eastern Melbourne,Blackburn,No,17.16
901209,2,"34 Scott Street, Canterbury, 3126",<div><strong>Education sector:</strong> Independent</div><div><strong>School type:</strong> Pri/Sec</div><div><strong>Area:</strong> Inner Eastern Melbourne</div><div><strong>Suburb:</strong> Canterbury</div><div><strong>Distance from Melbourne Connect:</strong> 10.70 km</div>,,,,-37.829176,145.080366,0,Strathcona Baptist Girls' Grammar,0,,1,0,Independent,Pri/Sec,Inner Eastern Melbourne,Canterbury,No,10.70
902778,2,"2 Beatrice Avenue, Surrey Hills, 3127",<div><strong>Education sector:</strong> Government</div><div><strong>School type:</strong> Primary</div><div><strong>Area:</strong> Inner Eastern Melbourne</div><div><strong>Suburb:</strong> Surrey Hills</div><div><strong>Distance from Melbourne Connect:</strong> 12.33 km</div>,,,,-37.825534,145.100903,0,Surrey Hills Primary School,0,,1,0,Government,Primary,Inner Eastern Melbourne,Surrey Hills,No,12.33
907366,2,"505 Burwood Road, Hawthorn, 3122",<div><strong>Education sector:</strong> Government</div><div><strong>School type:</strong> Secondary</div><div><strong>Area:</strong> Inner Eastern Melbourne</div><div><strong>Suburb:</strong> Hawthorn</div><div><strong>Distance from Melbourne Connect:</strong> 7.19 km</div>,,,,-37.823135,145.040821,0,Swinburne Senior Secondary College,0,,1,0,Government,Secondary,Inner Eastern Melbourne,Hawthorn,No,7.19
904924,2,"14 Montgomery Avenue, Mount Waverley, 3149",<div><strong>Education sector:</strong> Government</div><div><strong>School type:</strong> Primary</div><div><strong>Area:</strong> Inner Eastern Melbourne</div><div><strong>Suburb:</strong> Mount Waverley</div><div><strong>Distance from Melbourne Connect:</strong> 18.01 km</div>,,,,-37.879086,145.143301,0,Syndal South Primary School,0,,1,0,Government,Primary,Inner Eastern Melbourne,Mount Waverley,No,18.01
908823,2,"7 Cypress Avenue, Templestowe Lower, 3107",<div><strong>Education sector:</strong> Government</div><div><strong>School type:</strong> Secondary</div><div><strong>Area:</strong> Inner Eastern Melbourne</div><div><strong>Suburb:</strong> Templestowe Lower</div><div><strong>Distance from Melbourne Connect:</strong> 14.35 km</div>,,,,-37.767428,145.122306,0,Templestowe College,0,,1,0,Government,Secondary,Inner Eastern Melbourne,Templestowe Lower,No,14.35
905004,2,"276-300 High Street, Templestowe Lower, 3107",<div><strong>Education sector:</strong> Government</div><div><strong>School type:</strong> Primary</div><div><strong>Area:</strong> Inner Eastern Melbourne</div><div><strong>Suburb:</strong> Templestowe Lower</div><div><strong>Distance from Melbourne Connect:</strong> 14.11 km</div>,,,,-37.767214,145.119353,0,Templestowe Heights Primary School,0,,1,0,Government,Primary,Inner Eastern Melbourne,Templestowe Lower,No,14.11
905129,2,"399-409 Church Road, Templestowe, 3106",<div><strong>Education sector:</strong> Government</div><div><strong>School type:</strong> Primary</div><div><strong>Area:</strong> Inner Eastern Melbourne</div><div><strong>Suburb:</strong> Templestowe</div><div><strong>Distance from Melbourne Connect:</strong> 16.47 km</div>,,,,-37.756273,145.143259,0,Templestowe Park Primary School,0,,1,0,Government,Primary,Inner Eastern Melbourne,Templestowe,No,16.47
904985,2,"15 Birchwood Avenue, Lower Templestowe, 3107",<div><strong>Education sector:</strong> Government</div><div><strong>School type:</strong> Primary</div><div><strong>Area:</strong> Inner Eastern Melbourne</div><div><strong>Suburb:</strong> Lower Templestowe</div><div><strong>Distance from Melbourne Connect:</strong> 13.49 km</div>,,,,-37.760611,145.10938,0,Templestowe Valley Primary School,0,,1,0,Government,Primary,Inner Eastern Melbourne,Lower Templestowe,No,13.49
900457,2,"40 Charles Street, Kew, 3101",<div><strong>Education sector:</strong> Independent</div><div><strong>School type:</strong> Pri/Sec</div><div><strong>Area:</strong> Inner Eastern Melbourne</div><div><strong>Suburb:</strong> Kew</div><div><strong>Distance from Melbourne Connect:</strong> 6.36 km</div>,,,,-37.81020316,145.0355016,0,Trinity Grammar School Kew,0,,1,0,Independent,Pri/Sec,Inner Eastern Melbourne,Kew,No,6.36
901022,2,"4-10 Nurlendi Road, Vermont, 3133",<div><strong>Education sector:</strong> Government</div><div><strong>School type:</strong> Primary</div><div><strong>Area:</strong> Inner Eastern Melbourne</div><div><strong>Suburb:</strong> Vermont</div><div><strong>Distance from Melbourne Connect:</strong> 20.62 km</div>,,,,-37.837359,145.194296,0,Vermont Primary School,0,,1,0,Government,Primary,Inner Eastern Melbourne,Vermont,No,20.62
908420,2,"27 - 63 Morack Road, Vermont, 3133",<div><strong>Education sector:</strong> Government</div><div><strong>School type:</strong> Secondary</div><div><strong>Area:</strong> Inner Eastern Melbourne</div><div><strong>Suburb:</strong> Vermont</div><div><strong>Distance from Melbourne Connect:</strong> 21.25 km</div>,,,,-37.844117,145.199701,0,Vermont Secondary College,0,,1,0,Government,Secondary,Inner Eastern Melbourne,Vermont,No,21.25
905025,2,"22-30 Livingstone Road, Vermont South, 3133",<div><strong>Education sector:</strong> Government</div><div><strong>School type:</strong> Special</div><div><strong>Area:</strong> Inner Eastern Melbourne</div><div><strong>Suburb:</strong> Vermont South</div><div><strong>Distance from Melbourne Connect:</strong> 19.83 km</div>,,,,-37.85114,145.180596,0,Vermont South Special School,0,,1,0,Government,Special,Inner Eastern Melbourne,Vermont South,No,19.83
908437,2,"241-247 Heidelberg-Warrandyte Rd, Warrandyte, 3113",<div><strong>Education sector:</strong> Government</div><div><strong>School type:</strong> Secondary</div><div><strong>Area:</strong> Inner Eastern Melbourne</div><div><strong>Suburb:</strong> Warrandyte</div><div><strong>Distance from Melbourne Connect:</strong> 20.17 km</div>,,,,-37.748269,145.184222,0,Warrandyte High School,0,,1,0,Government,Secondary,Inner Eastern Melbourne,Warrandyte,No,20.17
900012,2,"5-11 Forbes Street, Warrandyte, 3113",<div><strong>Education sector:</strong> Government</div><div><strong>School type:</strong> Primary</div><div><strong>Area:</strong> Inner Eastern Melbourne</div><div><strong>Suburb:</strong> Warrandyte</div><div><strong>Distance from Melbourne Connect:</strong> 22.86 km</div>,,,,-37.742675,145.21398,0,Warrandyte Primary School,0,,1,0,Government,Primary,Inner Eastern Melbourne,Warrandyte,No,22.86
903841,2,"225 Warrigal Road, Burwood, 3125",<div><strong>Education sector:</strong> Government</div><div><strong>School type:</strong> Primary</div><div><strong>Area:</strong> Inner Eastern Melbourne</div><div><strong>Suburb:</strong> Burwood</div><div><strong>Distance from Melbourne Connect:</strong> 12.61 km</div>,,,,-37.842635,145.09737,0,Wattle Park Primary School,0,,1,0,Government,Primary,Inner Eastern Melbourne,Burwood,No,12.61
905105,2,"11-27 Columbia Drive, Wheelers Hill, 3150",<div><strong>Education sector:</strong> Government</div><div><strong>School type:</strong> Primary</div><div><strong>Area:</strong> Inner Eastern Melbourne</div><div><strong>Suburb:</strong> Wheelers Hill</div><div><strong>Distance from Melbourne Connect:</strong> 23.14 km</div>,,,,-37.914752,145.184278,0,Waverley Meadows Primary School,0,,1,0,Government,Primary,Inner Eastern Melbourne,Wheelers Hill,No,23.14
905157,2,"41-51 Weeden Drive, Vermont South, 3133",<div><strong>Education sector:</strong> Government</div><div><strong>School type:</strong> Primary</div><div><strong>Area:</strong> Inner Eastern Melbourne</div><div><strong>Suburb:</strong> Vermont South</div><div><strong>Distance from Melbourne Connect:</strong> 19.85 km</div>,,,,-37.85916,145.177637,0,Weeden Heights Primary School,0,,1,0,Government,Primary,Inner Eastern Melbourne,Vermont South,No,19.85
908462,2,"91 Police Road, Mulgrave, 3170",<div><strong>Education sector:</strong> Government</div><div><strong>School type:</strong> Secondary</div><div><strong>Area:</strong> Inner Eastern Melbourne</div><div><strong>Suburb:</strong> Mulgrave</div><div><strong>Distance from Melbourne Connect:</strong> 23.39 km</div>,,,,-37.934467,145.169378,0,Wellington Secondary College,0,,1,0,Government,Secondary,Inner Eastern Melbourne,Mulgrave,No,23.39
905094,2,"134-148 Whites Lane, Wheelers Hill, 3150",<div><strong>Education sector:</strong> Government</div><div><strong>School type:</strong> Primary</div><div><strong>Area:</strong> Inner Eastern Melbourne</div><div><strong>Suburb:</strong> Wheelers Hill</div><div><strong>Distance from Melbourne Connect:</strong> 21.78 km</div>,,,,-37.90017,145.177594,0,Wheelers Hill Primary School,0,,1,0,Government,Primary,Inner Eastern Melbourne,Wheelers Hill,No,21.78
908474,2,"2-28 Raphael Drive, Wheelers Hill, 3150",<div><strong>Education sector:</strong> Government</div><div><strong>School type:</strong> Secondary</div><div><strong>Area:</strong> Inner Eastern Melbourne</div><div><strong>Suburb:</strong> Wheelers Hill</div><div><strong>Distance from Melbourne Connect:</strong> 22.67 km</div>,,,,-37.910126,145.181743,0,Wheelers Hill Secondary College,0,,1,0,Government,Secondary,Inner Eastern Melbourne,Wheelers Hill,No,22.67
901473,2,"156 Park Road, Donvale, 3111",<div><strong>Education sector:</strong> Catholic</div><div><strong>School type:</strong> Secondary</div><div><strong>Area:</strong> Inner Eastern Melbourne</div><div><strong>Suburb:</strong> Donvale</div><div><strong>Distance from Melbourne Connect:</strong> 20.69 km</div>,,,,-37.7918,145.199541,0,Whitefriars College,0,,1,0,Catholic,Secondary,Inner Eastern Melbourne,Donvale,No,20.69
905530,2,"70-86 Junction Road, Blackburn North, 3130",<div><strong>Education sector:</strong> Government</div><div><strong>School type:</strong> Primary</div><div><strong>Area:</strong> Inner Eastern Melbourne</div><div><strong>Suburb:</strong> Blackburn North</div><div><strong>Distance from Melbourne Connect:</strong> 17.83 km</div>,,,,-37.80746673,145.1669863,0,Whitehorse Primary School,0,,1,0,Government,Primary,Inner Eastern Melbourne,Blackburn North,No,17.83
903241,2,"Dudley Road, Wonga Park, 3115",<div><strong>Education sector:</strong> Government</div><div><strong>School type:</strong> Primary</div><div><strong>Area:</strong> Inner Eastern Melbourne</div><div><strong>Suburb:</strong> Wonga Park</div><div><strong>Distance from Melbourne Connect:</strong> 28.30 km</div>,,,,-37.730641,145.273999,0,Wonga Park Primary School,0,,1,0,Government,Primary,Inner Eastern Melbourne,Wonga Park,No,28.30
900404,2,"135 Barkers Road, Kew, 3101",<div><strong>Education sector:</strong> Catholic</div><div><strong>School type:</strong> Pri/Sec</div><div><strong>Area:</strong> Inner Eastern Melbourne</div><div><strong>Suburb:</strong> Kew</div><div><strong>Distance from Melbourne Connect:</strong> 6.07 km</div>,,,,-37.813858,145.031105,0,Xavier College,0,,1,0,Catholic,Pri/Sec,Inner Eastern Melbourne,Kew,No,6.07
901886,2,"Lithgow Street, Abbotsford, 3067",<div><strong>Education sector:</strong> Government</div><div><strong>School type:</strong> Primary</div><div><strong>Area:</strong> North Eastern Melbourne</div><div><strong>Suburb:</strong> Abbotsford</div><div><strong>Distance from Melbourne Connect:</strong> 3.19 km</div>,,,,-37.808979,144.998814,0,Abbotsford Primary School,0,,1,0,Government,Primary,North Eastern Melbourne,Abbotsford,No,3.19
900467,2,"88 Nicholson Street, Fitzroy, 3065",<div><strong>Education sector:</strong> Catholic</div><div><strong>School type:</strong> Secondary</div><div><strong>Area:</strong> North Eastern Melbourne</div><div><strong>Suburb:</strong> Fitzroy</div><div><strong>Distance from Melbourne Connect:</strong> 0.97 km</div><div><strong>Website:</strong> https://www.academy.vic.edu.au/</div>,https://www.academy.vic.edu.au/wp-content/uploads/2024/08/Layer_1.png,https://www.academy.vic.edu.au/,,-37.803711,144.974409,0,Academy of Mary Immaculate,0,,1,0,Catholic,Secondary,North Eastern Melbourne,Fitzroy,Yes,0.97
902061,2,"45 Harvest Home Road, Epping, 3076",<div><strong>Education sector:</strong> Independent</div><div><strong>School type:</strong> Pri/Sec</div><div><strong>Area:</strong> North Eastern Melbourne</div><div><strong>Suburb:</strong> Epping</div><div><strong>Distance from Melbourne Connect:</strong> 20.59 km</div>,,,,-37.62426056,145.0375337,0,Al Siraat College,0,,1,0,Independent,Pri/Sec,North Eastern Melbourne,Epping,No,20.59
901924,2,"12 - 18 Old Heidelberg Road, Alphington, 3078",<div><strong>Education sector:</strong> Independent</div><div><strong>School type:</strong> Pri/Sec</div><div><strong>Area:</strong> North Eastern Melbourne</div><div><strong>Suburb:</strong> Alphington</div><div><strong>Distance from Melbourne Connect:</strong> 6.68 km</div>,,,,-37.780429,145.036174,0,Alphington Grammar School,0,,1,0,Independent,Pri/Sec,North Eastern Melbourne,Alphington,No,6.68
903599,2,"Yarralea Street, Alphington, 3078",<div><strong>Education sector:</strong> Government</div><div><strong>School type:</strong> Primary</div><div><strong>Area:</strong> North Eastern Melbourne</div><div><strong>Suburb:</strong> Alphington</div><div><strong>Distance from Melbourne Connect:</strong> 6.23 km</div>,,,,-37.783523,145.032006,0,Alphington Primary School,0,,1,0,Government,Primary,North Eastern Melbourne,Alphington,No,6.23
905184,2,"31-43 Civic Drive, Greensborough, 3088",<div><strong>Education sector:</strong> Government</div><div><strong>School type:</strong> Primary</div><div><strong>Area:</strong> North Eastern Melbourne</div><div><strong>Suburb:</strong> Greensborough</div><div><strong>Distance from Melbourne Connect:</strong> 17.91 km</div>,,,,-37.68739459,145.1098731,0,Apollo Parkways Primary School,0,,1,0,Government,Primary,North Eastern Melbourne,Greensborough,No,17.91
901666,2,"900 Arthurs Creek Road, Arthurs Creek, 3099",<div><strong>Education sector:</strong> Government</div><div><strong>School type:</strong> Primary</div><div><strong>Area:</strong> North Eastern Melbourne</div><div><strong>Suburb:</strong> Arthurs Creek</div><div><strong>Distance from Melbourne Connect:</strong> 32.31 km</div>,,,,-37.57900478,145.2025016,0,Arthurs Creek Primary School,0,,1,0,Government,Primary,North Eastern Melbourne,Arthurs Creek,No,32.31
905569,2,"105 Orchard Road, Doreen, 3754",<div><strong>Education sector:</strong> Government</div><div><strong>School type:</strong> Primary</div><div><strong>Area:</strong> North Eastern Melbourne</div><div><strong>Suburb:</strong> Doreen</div><div><strong>Distance from Melbourne Connect:</strong> 25.03 km</div>,,,,-37.615639,145.127284,0,Ashley Park Primary School,0,,1,0,Government,Primary,North Eastern Melbourne,Doreen,No,25.03
904746,2,"50 Banyule Road, Rosanna, 3084",<div><strong>Education sector:</strong> Government</div><div><strong>School type:</strong> Primary</div><div><strong>Area:</strong> North Eastern Melbourne</div><div><strong>Suburb:</strong> Rosanna</div><div><strong>Distance from Melbourne Connect:</strong> 11.80 km</div>,,,,-37.743611,145.077938,0,Banyule Primary School,0,,1,0,Government,Primary,North Eastern Melbourne,Rosanna,No,11.80
905585,2,"7 Islington Street, Wollert, 3750",<div><strong>Education sector:</strong> Government</div><div><strong>School type:</strong> Primary</div><div><strong>Area:</strong> North Eastern Melbourne</div><div><strong>Suburb:</strong> Wollert</div><div><strong>Distance from Melbourne Connect:</strong> 22.63 km</div>,,,,-37.597948,144.993537,0,Barrawang Primary School,0,,1,0,Government,Primary,North Eastern Melbourne,Wollert,No,22.63
904309,2,"78A Oakover Road, Preston, 3072",<div><strong>Education sector:</strong> Government</div><div><strong>School type:</strong> Primary</div><div><strong>Area:</strong> North Eastern Melbourne</div><div><strong>Suburb:</strong> Preston</div><div><strong>Distance from Melbourne Connect:</strong> 6.27 km</div>,,,,-37.747698,144.990613,0,Bell Primary School,0,,1,0,Government,Primary,North Eastern Melbourne,Preston,No,6.27
908003,2,"7 Gleadell Street, Richmond, 3121",<div><strong>Education sector:</strong> Government</div><div><strong>School type:</strong> Secondary</div><div><strong>Area:</strong> North Eastern Melbourne</div><div><strong>Suburb:</strong> Richmond</div><div><strong>Distance from Melbourne Connect:</strong> 3.80 km</div>,,,,-37.816477,145.002257,0,Bindjiroo Yaluk Community School,0,,1,0,Government,Secondary,North Eastern Melbourne,Richmond,No,3.80
904341,2,"25 Gladstone Road, Briar Hill, 3088",<div><strong>Education sector:</strong> Government</div><div><strong>School type:</strong> Primary</div><div><strong>Area:</strong> North Eastern Melbourne</div><div><strong>Suburb:</strong> Briar Hill</div><div><strong>Distance from Melbourne Connect:</strong> 16.81 km</div>,,,,-37.708307,145.116219,0,Briar Hill Primary School,0,,1,0,Government,Primary,North Eastern Melbourne,Briar Hill,No,16.81
904944,2,"6 Bendoran Crescent, Bundoora, 3083",<div><strong>Education sector:</strong> Government</div><div><strong>School type:</strong> Primary</div><div><strong>Area:</strong> North Eastern Melbourne</div><div><strong>Suburb:</strong> Bundoora</div><div><strong>Distance from Melbourne Connect:</strong> 13.48 km</div>,,,,-37.707339,145.062989,0,Bundoora Primary School,0,,1,0,Government,Primary,North Eastern Melbourne,Bundoora,No,13.48
907874,2,"53 Balmoral Avenue, Bundoora, 3083",<div><strong>Education sector:</strong> Government</div><div><strong>School type:</strong> Secondary</div><div><strong>Area:</strong> North Eastern Melbourne</div><div><strong>Suburb:</strong> Bundoora</div><div><strong>Distance from Melbourne Connect:</strong> 13.41 km</div>,,,,-37.707501,145.061977,0,Bundoora Secondary College,0,,1,0,Government,Secondary,North Eastern Melbourne,Bundoora,No,13.41
902261,2,"58 Jardin Road, Wollert West, 3750",<div><strong>Education sector:</strong> Catholic</div><div><strong>School type:</strong> Primary</div><div><strong>Area:</strong> North Eastern Melbourne</div><div><strong>Suburb:</strong> Wollert West</div><div><strong>Distance from Melbourne Connect:</strong> 22.34 km</div>,,,,-37.600149,144.989507,0,Carlo Acutis Catholic Primary School,0,,1,0,Catholic,Primary,North Eastern Melbourne,Wollert West,No,22.34
901252,2,"60 Lee Street, Carlton North, 3054",<div><strong>Education sector:</strong> Government</div><div><strong>School type:</strong> Primary</div><div><strong>Area:</strong> North Eastern Melbourne</div><div><strong>Suburb:</strong> Carlton North</div><div><strong>Distance from Melbourne Connect:</strong> 1.26 km</div>,,,,-37.791064,144.973028,0,Carlton North Primary School,0,,1,0,Government,Primary,North Eastern Melbourne,Carlton North,No,1.26
900576,2,"19 Diamond Street, Eltham, 3095",<div><strong>Education sector:</strong> Catholic</div><div><strong>School type:</strong> Secondary</div><div><strong>Area:</strong> North Eastern Melbourne</div><div><strong>Suburb:</strong> Eltham</div><div><strong>Distance from Melbourne Connect:</strong> 18.58 km</div>,,,,-37.711525,145.143563,0,Catholic Ladies' College Ltd,0,,1,0,Catholic,Secondary,North Eastern Melbourne,Eltham,No,18.58
908890,2,"235 Kingsbury Drive, Macleod West, 3085",<div><strong>Education sector:</strong> Government</div><div><strong>School type:</strong> Pri/Sec</div><div><strong>Area:</strong> North Eastern Melbourne</div><div><strong>Suburb:</strong> Macleod West</div><div><strong>Distance from Melbourne Connect:</strong> 11.46 km</div>,,,,-37.728966,145.05865,0,Charles La Trobe P-12 College,0,,1,0,Government,Pri/Sec,North Eastern Melbourne,Macleod West,No,11.46
901362,2,"1409 Eltham-yarra Glen Road, Christmas Hills, 3775",<div><strong>Education sector:</strong> Government</div><div><strong>School type:</strong> Primary</div><div><strong>Area:</strong> North Eastern Melbourne</div><div><strong>Suburb:</strong> Christmas Hills</div><div><strong>Distance from Melbourne Connect:</strong> 34.05 km</div>,,,,-37.653515,145.304199,0,Christmas Hills Primary School,0,,1,0,Government,Primary,North Eastern Melbourne,Christmas Hills,No,34.05
901360,2,"185 Gold St, Clifton Hill, 3068",<div><strong>Education sector:</strong> Government</div><div><strong>School type:</strong> Primary</div><div><strong>Area:</strong> North Eastern Melbourne</div><div><strong>Suburb:</strong> Clifton Hill</div><div><strong>Distance from Melbourne Connect:</strong> 2.36 km</div>,,,,-37.792308,144.989245,0,Clifton Hill Primary School,0,,1,0,Government,Primary,North Eastern Melbourne,Clifton Hill,No,2.36
906212,2,"Cnr Cromwell St/McCutcheon Way, Collingwood, 3066",<div><strong>Education sector:</strong> Government</div><div><strong>School type:</strong> Pri/Sec</div><div><strong>Area:</strong> North Eastern Melbourne</div><div><strong>Suburb:</strong> Collingwood</div><div><strong>Distance from Melbourne Connect:</strong> 2.32 km</div>,,,,-37.802985,144.990497,0,Collingwood College,0,,1,0,Government,Pri/Sec,North Eastern Melbourne,Collingwood,No,2.32
908748,2,"19 Cambridge Street, Collingwood, 3066",<div><strong>Education sector:</strong> Government</div><div><strong>School type:</strong> Language</div><div><strong>Area:</strong> North Eastern Melbourne</div><div><strong>Suburb:</strong> Collingwood</div><div><strong>Distance from Melbourne Connect:</strong> 2.00 km</div>,,,,-37.80784119,144.9847995,0,Collingwood English Language School,0,,1,0,Government,Language,North Eastern Melbourne,Collingwood,No,2.00
905027,2,"411 Grimshaw Street, Bundoora, 3083",<div><strong>Education sector:</strong> Government</div><div><strong>School type:</strong> Special</div><div><strong>Area:</strong> North Eastern Melbourne</div><div><strong>Suburb:</strong> Bundoora</div><div><strong>Distance from Melbourne Connect:</strong> 14.62 km</div>,,,,-37.701999,145.075008,0,Concord School,0,,1,0,Government,Special,North Eastern Melbourne,Bundoora,No,14.62
904679,2,"159-165 Beaconsfield Parade, Northcote, 3070",<div><strong>Education sector:</strong> Government</div><div><strong>School type:</strong> Special</div><div><strong>Area:</strong> North Eastern Melbourne</div><div><strong>Suburb:</strong> Northcote</div><div><strong>Distance from Melbourne Connect:</strong> 4.50 km</div>,,,,-37.76399724,144.9873978,0,Croxton Special School,0,,1,0,Government,Special,North Eastern Melbourne,Northcote,No,4.50
902047,2,"96 Barkly Street, North Fitzroy, 3068",<div><strong>Education sector:</strong> Independent</div><div><strong>School type:</strong> Primary</div><div><strong>Area:</strong> North Eastern Melbourne</div><div><strong>Suburb:</strong> North Fitzroy</div><div><strong>Distance from Melbourne Connect:</strong> 2.87 km</div>,,,,-37.77883164,144.9827723,0,Deutsche Schule Melbourne,0,,1,0,Independent,Primary,North Eastern Melbourne,North Fitzroy,No,2.87
905037,2,"129-163 Main Hurstbridge Road, Diamond Creek, 3089",<div><strong>Education sector:</strong> Government</div><div><strong>School type:</strong> Primary</div><div><strong>Area:</strong> North Eastern Melbourne</div><div><strong>Suburb:</strong> Diamond Creek</div><div><strong>Distance from Melbourne Connect:</strong> 22.57 km</div>,,,,-37.674193,145.165596,0,Diamond Creek East Primary School,0,,1,0,Government,Primary,North Eastern Melbourne,Diamond Creek,No,22.57
901003,2,"17 Clyde Street, Diamond Creek, 3089",<div><strong>Education sector:</strong> Government</div><div><strong>School type:</strong> Primary</div><div><strong>Area:</strong> North Eastern Melbourne</div><div><strong>Suburb:</strong> Diamond Creek</div><div><strong>Distance from Melbourne Connect:</strong> 21.79 km</div>,,,,-37.67184929,145.1516539,0,Diamond Creek Primary School,0,,1,0,Government,Primary,North Eastern Melbourne,Diamond Creek,No,21.79
908746,2,"165-179 Main Hurstbridge Road, Diamond Creek, 3089",<div><strong>Education sector:</strong> Government</div><div><strong>School type:</strong> Secondary</div><div><strong>Area:</strong> North Eastern Melbourne</div><div><strong>Suburb:</strong> Diamond Creek</div><div><strong>Distance from Melbourne Connect:</strong> 22.79 km</div>,,,,-37.672828,145.167403,0,Diamond Valley College,0,,1,0,Government,Secondary,North Eastern Melbourne,Diamond Creek,No,22.79
905161,2,"14-24 Brentwick Drive, Greensborough, 3088",<div><strong>Education sector:</strong> Government</div><div><strong>School type:</strong> Special</div><div><strong>Area:</strong> North Eastern Melbourne</div><div><strong>Suburb:</strong> Greensborough</div><div><strong>Distance from Melbourne Connect:</strong> 18.08 km</div>,,,,-37.68675447,145.1116531,0,Diamond Valley Special Developmental School,0,,1,0,Government,Special,North Eastern Melbourne,Greensborough,No,18.08
905577,2,"145 Olivine Boulevard, Donnybrook, 3064",<div><strong>Education sector:</strong> Government</div><div><strong>School type:</strong> Primary</div><div><strong>Area:</strong> North Eastern Melbourne</div><div><strong>Suburb:</strong> Donnybrook</div><div><strong>Distance from Melbourne Connect:</strong> 29.40 km</div>,,,,-37.53707,144.997751,0,Donnybrook Primary School,0,,1,0,Government,Primary,North Eastern Melbourne,Donnybrook,No,29.40
900945,2,"75 Doctors Gully Road, Doreen, 3754",<div><strong>Education sector:</strong> Government</div><div><strong>School type:</strong> Primary</div><div><strong>Area:</strong> North Eastern Melbourne</div><div><strong>Suburb:</strong> Doreen</div><div><strong>Distance from Melbourne Connect:</strong> 26.83 km</div>,,,,-37.60601,145.145539,0,Doreen Primary School,0,,1,0,Government,Primary,North Eastern Melbourne,Doreen,No,26.83
901972,2,"55 Tyler Street, East Preston, 3072",<div><strong>Education sector:</strong> Independent</div><div><strong>School type:</strong> Pri/Sec</div><div><strong>Area:</strong> North Eastern Melbourne</div><div><strong>Suburb:</strong> East Preston</div><div><strong>Distance from Melbourne Connect:</strong> 9.70 km</div>,,,,-37.73395414,145.0362184,0,East Preston Islamic College,0,,1,0,Independent,Pri/Sec,North Eastern Melbourne,East Preston,No,9.70
905310,2,"45 Macedon Parade, Wollert, 3750",<div><strong>Education sector:</strong> Government</div><div><strong>School type:</strong> Primary</div><div><strong>Area:</strong> North Eastern Melbourne</div><div><strong>Suburb:</strong> Wollert</div><div><strong>Distance from Melbourne Connect:</strong> 21.42 km</div>,,,,-37.609845,145.002573,0,Edgars Creek Primary School,0,,1,0,Government,Primary,North Eastern Melbourne,Wollert,No,21.42
907081,2,"2 Steen Avenue, Wollert, 3750",<div><strong>Education sector:</strong> Government</div><div><strong>School type:</strong> Secondary</div><div><strong>Area:</strong> North Eastern Melbourne</div><div><strong>Suburb:</strong> Wollert</div><div><strong>Distance from Melbourne Connect:</strong> 21.50 km</div>,,,,-37.609492,145.005071,0,Edgars Creek Secondary College,0,,1,0,Government,Secondary,North Eastern Melbourne,Wollert,No,21.50
901714,2,"1660 Main Road, Research, 3095",<div><strong>Education sector:</strong> Independent</div><div><strong>School type:</strong> Pri/Sec</div><div><strong>Area:</strong> North Eastern Melbourne</div><div><strong>Suburb:</strong> Research</div><div><strong>Distance from Melbourne Connect:</strong> 22.90 km</div>,,,,-37.70044311,145.192232,0,Eltham College,0,,1,0,Independent,Pri/Sec,North Eastern Melbourne,Research,No,22.90
904897,2,"16 Grove Street, Eltham, 3095",<div><strong>Education sector:</strong> Government</div><div><strong>School type:</strong> Primary</div><div><strong>Area:</strong> North Eastern Melbourne</div><div><strong>Suburb:</strong> Eltham</div><div><strong>Distance from Melbourne Connect:</strong> 19.44 km</div>,,,,-37.711432,145.154861,0,Eltham East Primary School,0,,1,0,Government,Primary,North Eastern Melbourne,Eltham,No,19.44
907805,2,"30-60 Withers Way, Eltham, 3095",<div><strong>Education sector:</strong> Government</div><div><strong>School type:</strong> Secondary</div><div><strong>Area:</strong> North Eastern Melbourne</div><div><strong>Suburb:</strong> Eltham</div><div><strong>Distance from Melbourne Connect:</strong> 17.72 km</div>,,,,-37.724436,145.141725,0,Eltham High School,0,,1,0,Government,Secondary,North Eastern Melbourne,Eltham,No,17.72
904212,2,"35-47 Wattletree Road, Eltham North, 3095",<div><strong>Education sector:</strong> Government</div><div><strong>School type:</strong> Primary</div><div><strong>Area:</strong> North Eastern Melbourne</div><div><strong>Suburb:</strong> Eltham North</div><div><strong>Distance from Melbourne Connect:</strong> 19.82 km</div>,,,,-37.70011091,145.1508655,0,Eltham North Primary School,0,,1,0,Government,Primary,North Eastern Melbourne,Eltham North,No,19.82
900209,2,"Dalton Street, Eltham, 3095",<div><strong>Education sector:</strong> Government</div><div><strong>School type:</strong> Primary</div><div><strong>Area:</strong> North Eastern Melbourne</div><div><strong>Suburb:</strong> Eltham</div><div><strong>Distance from Melbourne Connect:</strong> 18.17 km</div>,,,,-37.72498353,145.1478042,0,Eltham Primary School,0,,1,0,Government,Primary,North Eastern Melbourne,Eltham,No,18.17
905551,2,"805 High Street, Epping, 3076",<div><strong>Education sector:</strong> Government</div><div><strong>School type:</strong> Primary</div><div><strong>Area:</strong> North Eastern Melbourne</div><div><strong>Suburb:</strong> Epping</div><div><strong>Distance from Melbourne Connect:</strong> 18.09 km</div>,,,,-37.64485061,145.0255944,0,Epping Primary School,0,,1,0,Government,Primary,North Eastern Melbourne,Epping,No,18.09
907813,2,"Mcdonalds Road, Epping, 3076",<div><strong>Education sector:</strong> Government</div><div><strong>School type:</strong> Secondary</div><div><strong>Area:</strong> North Eastern Melbourne</div><div><strong>Suburb:</strong> Epping</div><div><strong>Distance from Melbourne Connect:</strong> 18.39 km</div>,,,,-37.644001,145.033426,0,Epping Secondary College,0,,1,0,Government,Secondary,North Eastern Melbourne,Epping,No,18.39
905513,2,"20 Mansfield Street, Epping, 3076",<div><strong>Education sector:</strong> Government</div><div><strong>School type:</strong> Primary</div><div><strong>Area:</strong> North Eastern Melbourne</div><div><strong>Suburb:</strong> Epping</div><div><strong>Distance from Melbourne Connect:</strong> 19.80 km</div>,,,,-37.628439,145.024015,0,Epping Views Primary School,0,,1,0,Government,Primary,North Eastern Melbourne,Epping,No,19.80
902711,2,"Langridge Street, Fairfield, 3078",<div><strong>Education sector:</strong> Government</div><div><strong>School type:</strong> Primary</div><div><strong>Area:</strong> North Eastern Melbourne</div><div><strong>Suburb:</strong> Fairfield</div><div><strong>Distance from Melbourne Connect:</strong> 5.51 km</div>,,,,-37.777993,145.020401,0,Fairfield Primary School,0,,1,0,Government,Primary,North Eastern Melbourne,Fairfield,No,5.51
905244,2,"Cuthbert Drive, Mill Park, 3082",<div><strong>Education sector:</strong> Government</div><div><strong>School type:</strong> Primary</div><div><strong>Area:</strong> North Eastern Melbourne</div><div><strong>Suburb:</strong> Mill Park</div><div><strong>Distance from Melbourne Connect:</strong> 16.70 km</div>,,,,-37.66649725,145.0510724,0,Findon Primary School,0,,1,0,Government,Primary,North Eastern Melbourne,Mill Park,No,16.70
901819,2,"597 Brunswick Street, Fitzroy North, 3068",<div><strong>Education sector:</strong> Independent</div><div><strong>School type:</strong> Primary</div><div><strong>Area:</strong> North Eastern Melbourne</div><div><strong>Suburb:</strong> Fitzroy North</div><div><strong>Distance from Melbourne Connect:</strong> 1.83 km</div>,,,,-37.789173,144.97981,0,Fitzroy Community School,0,,1,0,Independent,Primary,North Eastern Melbourne,Fitzroy North,No,1.83
908742,2,"24-30 Falconer Street, Fitzroy North, 3068",<div><strong>Education sector:</strong> Government</div><div><strong>School type:</strong> Secondary</div><div><strong>Area:</strong> North Eastern Melbourne</div><div><strong>Suburb:</strong> Fitzroy North</div><div><strong>Distance from Melbourne Connect:</strong> 2.65 km</div>,,,,-37.784911,144.987476,0,Fitzroy High School,0,,1,0,Government,Secondary,North Eastern Melbourne,Fitzroy North,No,2.65
901490,2,"Fergie Street, Fitzroy North, 3068",<div><strong>Education sector:</strong> Government</div><div><strong>School type:</strong> Primary</div><div><strong>Area:</strong> North Eastern Melbourne</div><div><strong>Suburb:</strong> Fitzroy North</div><div><strong>Distance from Melbourne Connect:</strong> 2.42 km</div>,,,,-37.78502,144.984149,0,Fitzroy North Primary School,0,,1,0,Government,Primary,North Eastern Melbourne,Fitzroy North,No,2.42
900450,2,"319 George Street, Fitzroy, 3065",<div><strong>Education sector:</strong> Government</div><div><strong>School type:</strong> Primary</div><div><strong>Area:</strong> North Eastern Melbourne</div><div><strong>Suburb:</strong> Fitzroy</div><div><strong>Distance from Melbourne Connect:</strong> 1.51 km</div>,,,,-37.799603,144.981511,0,Fitzroy Primary School,0,,1,0,Government,Primary,North Eastern Melbourne,Fitzroy,No,1.51
905260,2,"39 Calendonia Drive, Eltham North, 3095",<div><strong>Education sector:</strong> Government</div><div><strong>School type:</strong> Primary</div><div><strong>Area:</strong> North Eastern Melbourne</div><div><strong>Suburb:</strong> Eltham North</div><div><strong>Distance from Melbourne Connect:</strong> 19.70 km</div>,,,,-37.689982,145.139837,0,Glen Katherine Primary School,0,,1,0,Government,Primary,North Eastern Melbourne,Eltham North,No,19.70
902226,2,"10 Baltrum Drive, Wollert, 3750",<div><strong>Education sector:</strong> Catholic</div><div><strong>School type:</strong> Primary</div><div><strong>Area:</strong> North Eastern Melbourne</div><div><strong>Suburb:</strong> Wollert</div><div><strong>Distance from Melbourne Connect:</strong> 21.33 km</div>,,,,-37.615822,145.031776,0,Glowrey Catholic Primary School,0,,1,0,Catholic,Primary,North Eastern Melbourne,Wollert,No,21.33
904893,2,"29 Mine Street, Greensborough, 3088",<div><strong>Education sector:</strong> Government</div><div><strong>School type:</strong> Primary</div><div><strong>Area:</strong> North Eastern Melbourne</div><div><strong>Suburb:</strong> Greensborough</div><div><strong>Distance from Melbourne Connect:</strong> 18.11 km</div>,,,,-37.692278,145.118648,0,Greenhills Primary School,0,,1,0,Government,Primary,North Eastern Melbourne,Greensborough,No,18.11
902062,2,"130 Grimshaw Street, Greensborough, 3088",<div><strong>Education sector:</strong> Government</div><div><strong>School type:</strong> Primary</div><div><strong>Area:</strong> North Eastern Melbourne</div><div><strong>Suburb:</strong> Greensborough</div><div><strong>Distance from Melbourne Connect:</strong> 16.08 km</div>,,,,-37.703569,145.100496,0,Greensborough Primary School,0,,1,0,Government,Primary,North Eastern Melbourne,Greensborough,No,16.08
908750,2,"59 Nepean Street, Greensborough, 3088",<div><strong>Education sector:</strong> Government</div><div><strong>School type:</strong> Secondary</div><div><strong>Area:</strong> North Eastern Melbourne</div><div><strong>Suburb:</strong> Greensborough</div><div><strong>Distance from Melbourne Connect:</strong> 15.11 km</div>,,,,-37.708486,145.091251,0,Greensborough Secondary College,0,,1,0,Government,Secondary,North Eastern Melbourne,Greensborough,No,15.11
905500,2,"365 Harvest Home Road, Epping, 3076",<div><strong>Education sector:</strong> Government</div><div><strong>School type:</strong> Primary</div><div><strong>Area:</strong> North Eastern Melbourne</div><div><strong>Suburb:</strong> Epping</div><div><strong>Distance from Melbourne Connect:</strong> 20.07 km</div>,,,,-37.622078,145.00226,0,Harvest Home Primary School,0,,1,0,Government,Primary,North Eastern Melbourne,Epping,No,20.07
905552,2,"115 Eminence Blvd, Doreen, 3754",<div><strong>Education sector:</strong> Government</div><div><strong>School type:</strong> Pri/Sec</div><div><strong>Area:</strong> North Eastern Melbourne</div><div><strong>Suburb:</strong> Doreen</div><div><strong>Distance from Melbourne Connect:</strong> 26.33 km</div>,,,,-37.597553,145.119368,0,Hazel Glen College,0,,1,0,Government,Pri/Sec,North Eastern Melbourne,Doreen,No,26.33
900294,2,"120 Cape Street, Heidelberg, 3084",<div><strong>Education sector:</strong> Government</div><div><strong>School type:</strong> Primary</div><div><strong>Area:</strong> North Eastern Melbourne</div><div><strong>Suburb:</strong> Heidelberg</div><div><strong>Distance from Melbourne Connect:</strong> 10.40 km</div>,,,,-37.754705,145.067799,0,Heidelberg Primary School,0,,1,0,Government,Primary,North Eastern Melbourne,Heidelberg,No,10.40
901438,2,"12 Robb Street, Preston East, 3073",<div><strong>Education sector:</strong> Catholic</div><div><strong>School type:</strong> Primary</div><div><strong>Area:</strong> North Eastern Melbourne</div><div><strong>Suburb:</strong> Preston East</div><div><strong>Distance from Melbourne Connect:</strong> 9.11 km</div>,,,,-37.730261,145.018574,0,Holy Name School,0,,1,0,Catholic,Primary,North Eastern Melbourne,Preston East,No,9.11
901516,2,"197 Clarendon Street, Thornbury East, 3071",<div><strong>Education sector:</strong> Catholic</div><div><strong>School type:</strong> Primary</div><div><strong>Area:</strong> North Eastern Melbourne</div><div><strong>Suburb:</strong> Thornbury East</div><div><strong>Distance from Melbourne Connect:</strong> 6.31 km</div>,,,,-37.760845,145.01619,0,Holy Spirit School,0,,1,0,Catholic,Primary,North Eastern Melbourne,Thornbury East,No,6.31
901910,2,"94 Weidlich Road, Eltham North, 3095",<div><strong>Education sector:</strong> Catholic</div><div><strong>School type:</strong> Primary</div><div><strong>Area:</strong> North Eastern Melbourne</div><div><strong>Suburb:</strong> Eltham North</div><div><strong>Distance from Melbourne Connect:</strong> 18.82 km</div>,,,,-37.698439,145.135461,0,Holy Trinity Primary School,0,,1,0,Catholic,Primary,North Eastern Melbourne,Eltham North,No,18.82
903939,2,"961-989 Heidelberg-Kinglake Rd, Hurstbridge, 3099",<div><strong>Education sector:</strong> Government</div><div><strong>School type:</strong> Primary</div><div><strong>Area:</strong> North Eastern Melbourne</div><div><strong>Suburb:</strong> Hurstbridge</div><div><strong>Distance from Melbourne Connect:</strong> 27.50 km</div>,,,,-37.635897,145.19812,0,Hurstbridge Primary School,0,,1,0,Government,Primary,North Eastern Melbourne,Hurstbridge,No,27.50
902240,2,"326 Church Street, Richmond, 3121",<div><strong>Education sector:</strong> Catholic</div><div><strong>School type:</strong> Secondary</div><div><strong>Area:</strong> North Eastern Melbourne</div><div><strong>Suburb:</strong> Richmond</div><div><strong>Distance from Melbourne Connect:</strong> 3.86 km</div>,,,,-37.821915,144.998477,0,Ignatius Learning Centre,0,,1,0,Catholic,Secondary,North Eastern Melbourne,Richmond,No,3.86
904386,2,"35 Warncliffe Road, Ivanhoe East, 3079",<div><strong>Education sector:</strong> Government</div><div><strong>School type:</strong> Primary</div><div><strong>Area:</strong> North Eastern Melbourne</div><div><strong>Suburb:</strong> Ivanhoe East</div><div><strong>Distance from Melbourne Connect:</strong> 8.83 km</div>,,,,-37.774587,145.059453,0,Ivanhoe East Primary School,0,,1,0,Government,Primary,North Eastern Melbourne,Ivanhoe East,No,8.83
901187,2,"123 Marshall St, Ivanhoe, 3079",<div><strong>Education sector:</strong> Independent</div><div><strong>School type:</strong> Pri/Sec</div><div><strong>Area:</strong> North Eastern Melbourne</div><div><strong>Suburb:</strong> Ivanhoe</div><div><strong>Distance from Melbourne Connect:</strong> 8.21 km</div>,,,,-37.765273,145.046721,0,Ivanhoe Girls' Grammar School,0,,1,0,Independent,Pri/Sec,North Eastern Melbourne,Ivanhoe,No,8.21
901004,2,"The Ridgeway, Ivanhoe, 3079",<div><strong>Education sector:</strong> Independent</div><div><strong>School type:</strong> Pri/Sec</div><div><strong>Area:</strong> North Eastern Melbourne</div><div><strong>Suburb:</strong> Ivanhoe</div><div><strong>Distance from Melbourne Connect:</strong> 7.68 km</div>,,,,-37.772515,145.044477,0,Ivanhoe Grammar School,0,,1,0,Independent,Pri/Sec,North Eastern Melbourne,Ivanhoe,No,7.68
902436,2,"124 Waterdale Road, Ivanhoe, 3079",<div><strong>Education sector:</strong> Government</div><div><strong>School type:</strong> Primary</div><div><strong>Area:</strong> North Eastern Melbourne</div><div><strong>Suburb:</strong> Ivanhoe</div><div><strong>Distance from Melbourne Connect:</strong> 7.86 km</div>,,,,-37.766573,145.04298,0,Ivanhoe Primary School,0,,1,0,Government,Primary,North Eastern Melbourne,Ivanhoe,No,7.86
902105,2,"Cr Graham&Eltham-Yarra Glen Rd, Kangaroo Ground, 3097",<div><strong>Education sector:</strong> Government</div><div><strong>School type:</strong> Primary</div><div><strong>Area:</strong> North Eastern Melbourne</div><div><strong>Suburb:</strong> Kangaroo Ground</div><div><strong>Distance from Melbourne Connect:</strong> 25.09 km</div>,,,,-37.691737,145.214656,0,Kangaroo Ground Primary School,0,,1,0,Government,Primary,North Eastern Melbourne,Kangaroo Ground,No,25.09
904845,2,"1A Maryborough Avenue, Kingsbury, 3083",<div><strong>Education sector:</strong> Government</div><div><strong>School type:</strong> Primary</div><div><strong>Area:</strong> North Eastern Melbourne</div><div><strong>Suburb:</strong> Kingsbury</div><div><strong>Distance from Melbourne Connect:</strong> 11.33 km</div>,,,,-37.716025,145.037204,0,Kingsbury Primary School,0,,1,0,Government,Primary,North Eastern Melbourne,Kingsbury,No,11.33
904976,2,"39 Cleveland Street, Thomastown, 3074",<div><strong>Education sector:</strong> Government</div><div><strong>School type:</strong> Primary</div><div><strong>Area:</strong> North Eastern Melbourne</div><div><strong>Suburb:</strong> Thomastown</div><div><strong>Distance from Melbourne Connect:</strong> 15.10 km</div>,,,,-37.67658,145.035535,0,Lalor East Primary School,0,,1,0,Government,Primary,North Eastern Melbourne,Thomastown,No,15.10
905532,2,"134 Kingsway Drive, Lalor, 3075",<div><strong>Education sector:</strong> Government</div><div><strong>School type:</strong> Primary</div><div><strong>Area:</strong> North Eastern Melbourne</div><div><strong>Suburb:</strong> Lalor</div><div><strong>Distance from Melbourne Connect:</strong> 15.51 km</div>,,,,-37.66369312,145.0013492,0,Lalor Gardens Primary School,0,,1,0,Government,Primary,North Eastern Melbourne,Lalor,No,15.51
905035,2,"2 Derna Crescent, Lalor, 3075",<div><strong>Education sector:</strong> Government</div><div><strong>School type:</strong> Primary</div><div><strong>Area:</strong> North Eastern Melbourne</div><div><strong>Suburb:</strong> Lalor</div><div><strong>Distance from Melbourne Connect:</strong> 16.14 km</div>,,,,-37.66415051,145.0285352,0,Lalor North Primary School,0,,1,0,Government,Primary,North Eastern Melbourne,Lalor,No,16.14
907986,2,"114 Childs Road, Epping, 3076",<div><strong>Education sector:</strong> Government</div><div><strong>School type:</strong> Secondary</div><div><strong>Area:</strong> North Eastern Melbourne</div><div><strong>Suburb:</strong> Epping</div><div><strong>Distance from Melbourne Connect:</strong> 16.67 km</div>,,,,-37.660767,145.034124,0,Lalor North Secondary College,0,,1,0,Government,Secondary,North Eastern Melbourne,Epping,No,16.67
904709,2,"26 Maxwell Street, Lalor, 3075",<div><strong>Education sector:</strong> Government</div><div><strong>School type:</strong> Primary</div><div><strong>Area:</strong> North Eastern Melbourne</div><div><strong>Suburb:</strong> Lalor</div><div><strong>Distance from Melbourne Connect:</strong> 15.42 km</div>,,,,-37.670077,145.025391,0,Lalor Primary School,0,,1,0,Government,Primary,North Eastern Melbourne,Lalor,No,15.42
907985,2,"118 David Street, Lalor, 3075",<div><strong>Education sector:</strong> Government</div><div><strong>School type:</strong> Secondary</div><div><strong>Area:</strong> North Eastern Melbourne</div><div><strong>Suburb:</strong> Lalor</div><div><strong>Distance from Melbourne Connect:</strong> 15.32 km</div>,,,,-37.67265939,145.0306228,0,Lalor Secondary College,0,,1,0,Government,Secondary,North Eastern Melbourne,Lalor,No,15.32
905497,2,"Armidale Road, Doreen, 3754",<div><strong>Education sector:</strong> Government</div><div><strong>School type:</strong> Primary</div><div><strong>Area:</strong> North Eastern Melbourne</div><div><strong>Suburb:</strong> Doreen</div><div><strong>Distance from Melbourne Connect:</strong> 27.79 km</div>,,,,-37.585823,145.126874,0,Laurimar Primary School,0,,1,0,Government,Primary,North Eastern Melbourne,Doreen,No,27.79
901721,2,"10 Laceys Road, Cottles Bridge, 3099",<div><strong>Education sector:</strong> Independent</div><div><strong>School type:</strong> Primary</div><div><strong>Area:</strong> North Eastern Melbourne</div><div><strong>Suburb:</strong> Cottles Bridge</div><div><strong>Distance from Melbourne Connect:</strong> 28.99 km</div>,,,,-37.62939233,145.2133347,0,Learning Co-Operative School,0,,1,0,Independent,Primary,North Eastern Melbourne,Cottles Bridge,No,28.99
901295,2,"126-144 Main Road, Lower Plenty, 3093",<div><strong>Education sector:</strong> Government</div><div><strong>School type:</strong> Primary</div><div><strong>Area:</strong> North Eastern Melbourne</div><div><strong>Suburb:</strong> Lower Plenty</div><div><strong>Distance from Melbourne Connect:</strong> 15.63 km</div>,,,,-37.726172,145.115498,0,Lower Plenty Primary School,0,,1,0,Government,Primary,North Eastern Melbourne,Lower Plenty,No,15.63
901810,2,"325 Grimshaw Street, Watsonia, 3087",<div><strong>Education sector:</strong> Catholic</div><div><strong>School type:</strong> Secondary</div><div><strong>Area:</strong> North Eastern Melbourne</div><div><strong>Suburb:</strong> Watsonia</div><div><strong>Distance from Melbourne Connect:</strong> 14.85 km</div>,,,,-37.703396,145.08073,0,Loyola College,0,,1,0,Catholic,Secondary,North Eastern Melbourne,Watsonia,No,14.85
906242,2,"Carwarp Street, Macleod, 3085",<div><strong>Education sector:</strong> Government</div><div><strong>School type:</strong> Pri/Sec</div><div><strong>Area:</strong> North Eastern Melbourne</div><div><strong>Suburb:</strong> Macleod</div><div><strong>Distance from Melbourne Connect:</strong> 12.66 km</div>,,,,-37.724746,145.072218,0,Macleod College,0,,1,0,Government,Pri/Sec,North Eastern Melbourne,Macleod,No,12.66
901961,2,"2-6 Dundee Street, Reservoir, 3073",<div><strong>Education sector:</strong> Independent</div><div><strong>School type:</strong> Primary</div><div><strong>Area:</strong> North Eastern Melbourne</div><div><strong>Suburb:</strong> Reservoir</div><div><strong>Distance from Melbourne Connect:</strong> 11.70 km</div>,,,,-37.704377,145.019467,0,Maharishi School of the Age of Enlightenment,0,,1,0,Independent,Primary,North Eastern Melbourne,Reservoir,No,11.70
901164,2,"9 Rockbeare Grove, Ivanhoe, 3079",<div><strong>Education sector:</strong> Catholic</div><div><strong>School type:</strong> Primary</div><div><strong>Area:</strong> North Eastern Melbourne</div><div><strong>Suburb:</strong> Ivanhoe</div><div><strong>Distance from Melbourne Connect:</strong> 7.25 km</div>,,,,-37.771941,145.038756,0,Mary Immaculate School,0,,1,0,Catholic,Primary,North Eastern Melbourne,Ivanhoe,No,7.25
902032,2,"60 Williamsons Road, South Morang, 3752",<div><strong>Education sector:</strong> Catholic</div><div><strong>School type:</strong> Pri/Sec</div><div><strong>Area:</strong> North Eastern Melbourne</div><div><strong>Suburb:</strong> South Morang</div><div><strong>Distance from Melbourne Connect:</strong> 20.69 km</div>,,,,-37.643315,145.091027,0,Marymede Catholic College,0,,1,0,Catholic,Pri/Sec,North Eastern Melbourne,South Morang,No,20.69
902258,2,"Terrace 14, Ernest Jones Drive, Bundoora, 3086",<div><strong>Education sector:</strong> Independent</div><div><strong>School type:</strong> Special</div><div><strong>Area:</strong> North Eastern Melbourne</div><div><strong>Suburb:</strong> Bundoora</div><div><strong>Distance from Melbourne Connect:</strong> 12.03 km</div>,,,,-37.72067,145.05715,0,Mastery Schools Victoria,0,,1,0,Independent,Special,North Eastern Melbourne,Bundoora,No,12.03
905286,2,"22-48 Meadow Glen Drive, Epping, 3076",<div><strong>Education sector:</strong> Government</div><div><strong>School type:</strong> Primary</div><div><strong>Area:</strong> North Eastern Melbourne</div><div><strong>Suburb:</strong> Epping</div><div><strong>Distance from Melbourne Connect:</strong> 19.16 km</div>,,,,-37.64274926,145.0530862,0,Meadowglen Primary School,0,,1,0,Government,Primary,North Eastern Melbourne,Epping,No,19.16
908819,2,"Yarra Boulevard, Richmond, 3121",<div><strong>Education sector:</strong> Government</div><div><strong>School type:</strong> Secondary</div><div><strong>Area:</strong> North Eastern Melbourne</div><div><strong>Suburb:</strong> Richmond</div><div><strong>Distance from Melbourne Connect:</strong> 5.05 km</div>,,,,-37.822507,145.014334,0,Melbourne Girls College,0,,1,0,Government,Secondary,North Eastern Melbourne,Richmond,No,5.05
908897,2,"70 Breadalbane Avenue, Mernda, 3754",<div><strong>Education sector:</strong> Government</div><div><strong>School type:</strong> Pri/Sec</div><div><strong>Area:</strong> North Eastern Melbourne</div><div><strong>Suburb:</strong> Mernda</div><div><strong>Distance from Melbourne Connect:</strong> 24.30 km</div>,,,,-37.604853,145.08833,0,Mernda Central P-12 College,0,,1,0,Government,Pri/Sec,North Eastern Melbourne,Mernda,No,24.30
902250,2,"370 Bridge Inn Rd, Mernda, 3754",<div><strong>Education sector:</strong> Independent</div><div><strong>School type:</strong> Pri/Sec</div><div><strong>Area:</strong> North Eastern Melbourne</div><div><strong>Suburb:</strong> Mernda</div><div><strong>Distance from Melbourne Connect:</strong> 24.43 km</div>,,,,-37.598508,145.074653,0,Mernda Hills Christian College,0,,1,0,Independent,Pri/Sec,North Eastern Melbourne,Mernda,No,24.43
905525,2,"40 Riverdale Boulevard, Mernda, 3754",<div><strong>Education sector:</strong> Government</div><div><strong>School type:</strong> Primary</div><div><strong>Area:</strong> North Eastern Melbourne</div><div><strong>Suburb:</strong> Mernda</div><div><strong>Distance from Melbourne Connect:</strong> 23.67 km</div>,,,,-37.6144415,145.0959314,0,Mernda Park Primary School,0,,1,0,Government,Primary,North Eastern Melbourne,Mernda,No,23.67
900488,2,"25 Everton Drive, Mernda, 3754",<div><strong>Education sector:</strong> Government</div><div><strong>School type:</strong> Primary</div><div><strong>Area:</strong> North Eastern Melbourne</div><div><strong>Suburb:</strong> Mernda</div><div><strong>Distance from Melbourne Connect:</strong> 25.47 km</div>,,,,-37.59459504,145.0922429,0,Mernda Primary School,0,,1,0,Government,Primary,North Eastern Melbourne,Mernda,No,25.47
903110,2,"Miller Street, Fitzroy North, 3068",<div><strong>Education sector:</strong> Government</div><div><strong>School type:</strong> Primary</div><div><strong>Area:</strong> North Eastern Melbourne</div><div><strong>Suburb:</strong> Fitzroy North</div><div><strong>Distance from Melbourne Connect:</strong> 3.28 km</div>,,,,-37.776966,144.987386,0,Merri Creek Primary School,0,,1,0,Government,Primary,North Eastern Melbourne,Fitzroy North,No,3.28
905284,2,"11 Duncan Road, Lalor, 3075",<div><strong>Education sector:</strong> Government</div><div><strong>School type:</strong> Special</div><div><strong>Area:</strong> North Eastern Melbourne</div><div><strong>Suburb:</strong> Lalor</div><div><strong>Distance from Melbourne Connect:</strong> 15.43 km</div>,,,,-37.66723751,145.0150833,0,Merriang Special Developmental School,0,,1,0,Government,Special,North Eastern Melbourne,Lalor,No,15.43
905325,2,"87-93 Pindari Avenue, Mill Park, 3082",<div><strong>Education sector:</strong> Government</div><div><strong>School type:</strong> Primary</div><div><strong>Area:</strong> North Eastern Melbourne</div><div><strong>Suburb:</strong> Mill Park</div><div><strong>Distance from Melbourne Connect:</strong> 17.64 km</div>,,,,-37.657331,145.051747,0,Mill Park Heights Primary School,0,,1,0,Government,Primary,North Eastern Melbourne,Mill Park,No,17.64
905160,2,"2-10 Blamey Avenue, Mill Park, 3082",<div><strong>Education sector:</strong> Government</div><div><strong>School type:</strong> Primary</div><div><strong>Area:</strong> North Eastern Melbourne</div><div><strong>Suburb:</strong> Mill Park</div><div><strong>Distance from Melbourne Connect:</strong> 16.57 km</div>,,,,-37.6746058,145.0658816,0,Mill Park Primary School,0,,1,0,Government,Primary,North Eastern Melbourne,Mill Park,No,16.57
908775,2,"9 - 25 Moorhead Drive, Mill Park, 3082",<div><strong>Education sector:</strong> Government</div><div><strong>School type:</strong> Secondary</div><div><strong>Area:</strong> North Eastern Melbourne</div><div><strong>Suburb:</strong> Mill Park</div><div><strong>Distance from Melbourne Connect:</strong> 17.45 km</div>,,,,-37.664155,145.063414,0,Mill Park Secondary College,0,,1,0,Government,Secondary,North Eastern Melbourne,Mill Park,No,17.45
904112,2,"60a Rattray Road, Montmorency, 3094",<div><strong>Education sector:</strong> Government</div><div><strong>School type:</strong> Primary</div><div><strong>Area:</strong> North Eastern Melbourne</div><div><strong>Suburb:</strong> Montmorency</div><div><strong>Distance from Melbourne Connect:</strong> 16.59 km</div>,,,,-37.717652,145.121599,0,Montmorency Primary School,0,,1,0,Government,Primary,North Eastern Melbourne,Montmorency,No,16.59
908068,2,"Para Road, Montmorency, 3094",<div><strong>Education sector:</strong> Government</div><div><strong>School type:</strong> Secondary</div><div><strong>Area:</strong> North Eastern Melbourne</div><div><strong>Suburb:</strong> Montmorency</div><div><strong>Distance from Melbourne Connect:</strong> 16.24 km</div>,,,,-37.714075,145.113611,0,Montmorency Secondary College,0,,1,0,Government,Secondary,North Eastern Melbourne,Montmorency,No,16.24
904925,2,"64 Buena Vista Drive, Montmorency, 3094",<div><strong>Education sector:</strong> Government</div><div><strong>School type:</strong> Primary</div><div><strong>Area:</strong> North Eastern Melbourne</div><div><strong>Suburb:</strong> Montmorency</div><div><strong>Distance from Melbourne Connect:</strong> 16.77 km</div>,,,,-37.724927,145.129665,0,Montmorency South Primary School,0,,1,0,Government,Primary,North Eastern Melbourne,Montmorency,No,16.77
901975,2,"77 Gorge Road, South Morang, 3752",<div><strong>Education sector:</strong> Government</div><div><strong>School type:</strong> Primary</div><div><strong>Area:</strong> North Eastern Melbourne</div><div><strong>Suburb:</strong> South Morang</div><div><strong>Distance from Melbourne Connect:</strong> 19.99 km</div>,,,,-37.65286941,145.0946659,0,Morang South Primary School,0,,1,0,Government,Primary,North Eastern Melbourne,South Morang,No,19.99
904646,2,"2-26 Murphy Street, Preston, 3072",<div><strong>Education sector:</strong> Government</div><div><strong>School type:</strong> Primary</div><div><strong>Area:</strong> North Eastern Melbourne</div><div><strong>Suburb:</strong> Preston</div><div><strong>Distance from Melbourne Connect:</strong> 8.00 km</div>,,,,-37.730113,144.985377,0,Newlands Primary School,0,,1,0,Government,Primary,North Eastern Melbourne,Preston,No,8.00
903618,2,"146 Settlement Road, Bundoora, 3083",<div><strong>Education sector:</strong> Government</div><div><strong>School type:</strong> Primary</div><div><strong>Area:</strong> North Eastern Melbourne</div><div><strong>Suburb:</strong> Bundoora</div><div><strong>Distance from Melbourne Connect:</strong> 13.61 km</div>,,,,-37.6945118,145.0426341,0,Norris Bank Primary School,0,,1,0,Government,Primary,North Eastern Melbourne,Bundoora,No,13.61
901770,2,"315 Aqueduct Rd, St Helena, 3088",<div><strong>Education sector:</strong> Independent</div><div><strong>School type:</strong> Primary</div><div><strong>Area:</strong> North Eastern Melbourne</div><div><strong>Suburb:</strong> St Helena</div><div><strong>Distance from Melbourne Connect:</strong> 19.93 km</div>,,,,-37.68407,145.137091,0,North-Eastern Montessori School,0,,1,0,Independent,Primary,North Eastern Melbourne,St Helena,No,19.93
908180,2,"St Georges Road, Northcote, 3070",<div><strong>Education sector:</strong> Government</div><div><strong>School type:</strong> Secondary</div><div><strong>Area:</strong> North Eastern Melbourne</div><div><strong>Suburb:</strong> Northcote</div><div><strong>Distance from Melbourne Connect:</strong> 3.65 km</div>,,,,-37.774156,144.989706,0,Northcote High School,0,,1,0,Government,Secondary,North Eastern Melbourne,Northcote,No,3.65
901401,2,"33 Helen Street, Northcote, 3070",<div><strong>Education sector:</strong> Government</div><div><strong>School type:</strong> Primary</div><div><strong>Area:</strong> North Eastern Melbourne</div><div><strong>Suburb:</strong> Northcote</div><div><strong>Distance from Melbourne Connect:</strong> 4.26 km</div>,,,,-37.771758,144.99688,0,Northcote Primary School,0,,1,0,Government,Primary,North Eastern Melbourne,Northcote,No,4.26
907300,2,"62 Murray Road, Preston, 3072",<div><strong>Education sector:</strong> Government</div><div><strong>School type:</strong> Secondary</div><div><strong>Area:</strong> North Eastern Melbourne</div><div><strong>Suburb:</strong> Preston</div><div><strong>Distance from Melbourne Connect:</strong> 8.57 km</div>,,,,-37.740069,145.025372,0,Northern College of the Arts and Technology,0,,1,0,Government,Secondary,North Eastern Melbourne,Preston,No,8.57
905219,2,"16-18 Gertz Ave, Reservoir, 3073",<div><strong>Education sector:</strong> Government</div><div><strong>School type:</strong> Special</div><div><strong>Area:</strong> North Eastern Melbourne</div><div><strong>Suburb:</strong> Reservoir</div><div><strong>Distance from Melbourne Connect:</strong> 12.48 km</div>,,,,-37.70058524,145.0299342,0,Northern School For Autism,0,,1,0,Government,Special,North Eastern Melbourne,Reservoir,No,12.48
901787,2,"31 McLeans Rd, Bundoora, 3083",<div><strong>Education sector:</strong> Independent</div><div><strong>School type:</strong> Pri/Sec</div><div><strong>Area:</strong> North Eastern Melbourne</div><div><strong>Suburb:</strong> Bundoora</div><div><strong>Distance from Melbourne Connect:</strong> 14.13 km</div>,,,,-37.69501422,145.0546707,0,Northside Christian College,0,,1,0,Independent,Pri/Sec,North Eastern Melbourne,Bundoora,No,14.13
901275,2,"1-13 Henry Street, Eltham, 3095",<div><strong>Education sector:</strong> Catholic</div><div><strong>School type:</strong> Primary</div><div><strong>Area:</strong> North Eastern Melbourne</div><div><strong>Suburb:</strong> Eltham</div><div><strong>Distance from Melbourne Connect:</strong> 18.65 km</div>,,,,-37.716123,145.147912,0,Our Lady Help of Christians School,0,,1,0,Catholic,Primary,North Eastern Melbourne,Eltham,No,18.65
900914,2,"52 Cape Street, Heidelberg, 3084",<div><strong>Education sector:</strong> Catholic</div><div><strong>School type:</strong> Secondary</div><div><strong>Area:</strong> North Eastern Melbourne</div><div><strong>Suburb:</strong> Heidelberg</div><div><strong>Distance from Melbourne Connect:</strong> 10.22 km</div>,,,,-37.75793,145.067586,0,Our Lady of Mercy College,0,,1,0,Catholic,Secondary,North Eastern Melbourne,Heidelberg,No,10.22
901627,2,"11-13 Green Avenue, Kingsbury, 3083",<div><strong>Education sector:</strong> Catholic</div><div><strong>School type:</strong> Primary</div><div><strong>Area:</strong> North Eastern Melbourne</div><div><strong>Suburb:</strong> Kingsbury</div><div><strong>Distance from Melbourne Connect:</strong> 11.32 km</div>,,,,-37.715261,145.035525,0,Our Lady of the Way School,0,,1,0,Catholic,Primary,North Eastern Melbourne,Kingsbury,No,11.32
901134,2,"585 Kangaroo Grd-St Andrews Rd, Panton Hill, 3759",<div><strong>Education sector:</strong> Government</div><div><strong>School type:</strong> Primary</div><div><strong>Area:</strong> North Eastern Melbourne</div><div><strong>Suburb:</strong> Panton Hill</div><div><strong>Distance from Melbourne Connect:</strong> 29.95 km</div>,,,,-37.64160566,145.2395564,0,Panton Hill Primary School,0,,1,0,Government,Primary,North Eastern Melbourne,Panton Hill,No,29.95
900020,2,"1436 Plenty Road, Bundoora, 3083",<div><strong>Education sector:</strong> Catholic</div><div><strong>School type:</strong> Secondary</div><div><strong>Area:</strong> North Eastern Melbourne</div><div><strong>Suburb:</strong> Bundoora</div><div><strong>Distance from Melbourne Connect:</strong> 15.20 km</div>,,,,-37.690178,145.066978,0,Parade College,0,,1,0,Catholic,Secondary,North Eastern Melbourne,Bundoora,No,15.20
903806,2,"370 Victoria Road, Thornbury, 3071",<div><strong>Education sector:</strong> Government</div><div><strong>School type:</strong> Primary</div><div><strong>Area:</strong> North Eastern Melbourne</div><div><strong>Suburb:</strong> Thornbury</div><div><strong>Distance from Melbourne Connect:</strong> 6.71 km</div>,,,,-37.754517,145.01427,0,Penders Grove Primary School,0,,1,0,Government,Primary,North Eastern Melbourne,Thornbury,No,6.71
907217,2,"2 Robert Street, Lalor, 3075",<div><strong>Education sector:</strong> Government</div><div><strong>School type:</strong> Secondary</div><div><strong>Area:</strong> North Eastern Melbourne</div><div><strong>Suburb:</strong> Lalor</div><div><strong>Distance from Melbourne Connect:</strong> 15.42 km</div>,,,,-37.66678514,145.0126913,0,Peter Lalor Secondary College,0,,1,0,Government,Secondary,North Eastern Melbourne,Lalor,No,15.42
901915,2,"48 Blossom Park Drive, Mill Park, 3082",<div><strong>Education sector:</strong> Government</div><div><strong>School type:</strong> Primary</div><div><strong>Area:</strong> North Eastern Melbourne</div><div><strong>Suburb:</strong> Mill Park</div><div><strong>Distance from Melbourne Connect:</strong> 17.56 km</div>,,,,-37.6697252,145.0769441,0,Plenty Parklands Primary School,0,,1,0,Government,Primary,North Eastern Melbourne,Mill Park,No,17.56
902244,2,"Unit 5, 9 Danaher Drive, South Morang, 3752",<div><strong>Education sector:</strong> Independent</div><div><strong>School type:</strong> Secondary</div><div><strong>Area:</strong> North Eastern Melbourne</div><div><strong>Suburb:</strong> South Morang</div><div><strong>Distance from Melbourne Connect:</strong> 19.73 km</div>,,,,-37.64875,145.08148,0,Plenty River College,0,,1,0,Independent,Secondary,North Eastern Melbourne,South Morang,No,19.73
901826,2,"840 Yan Yean Road, Doreen, 3754",<div><strong>Education sector:</strong> Independent</div><div><strong>School type:</strong> Pri/Sec</div><div><strong>Area:</strong> North Eastern Melbourne</div><div><strong>Suburb:</strong> Doreen</div><div><strong>Distance from Melbourne Connect:</strong> 25.81 km</div>,,,,-37.613463,145.138791,0,Plenty Valley Christian College,0,,1,0,Independent,Pri/Sec,North Eastern Melbourne,Doreen,No,25.81
902110,2,"35 Sturdee Street, Reservoir, 3073",<div><strong>Education sector:</strong> Independent</div><div><strong>School type:</strong> Special</div><div><strong>Area:</strong> North Eastern Melbourne</div><div><strong>Suburb:</strong> Reservoir</div><div><strong>Distance from Melbourne Connect:</strong> 11.95 km</div>,,,,-37.698704,145.009255,0,Prace | Prace College | Preston Reservoir Adult Community Education,0,,1,0,Independent,Special,North Eastern Melbourne,Reservoir,No,11.95
908241,2,"2-16 Cooma Street, Preston, 3072",<div><strong>Education sector:</strong> Government</div><div><strong>School type:</strong> Secondary</div><div><strong>Area:</strong> North Eastern Melbourne</div><div><strong>Suburb:</strong> Preston</div><div><strong>Distance from Melbourne Connect:</strong> 7.47 km</div>,,,,-37.741692,145.006401,0,Preston High School,0,,1,0,Government,Secondary,North Eastern Melbourne,Preston,No,7.47
904764,2,"93 Tyler Street, East Preston, 3072",<div><strong>Education sector:</strong> Government</div><div><strong>School type:</strong> Primary</div><div><strong>Area:</strong> North Eastern Melbourne</div><div><strong>Suburb:</strong> East Preston</div><div><strong>Distance from Melbourne Connect:</strong> 9.40 km</div>,,,,-37.733052,145.029455,0,Preston North East Primary School,0,,1,0,Government,Primary,North Eastern Melbourne,East Preston,No,9.40
901494,2,"240 Tyler Street, Preston, 3072",<div><strong>Education sector:</strong> Government</div><div><strong>School type:</strong> Primary</div><div><strong>Area:</strong> North Eastern Melbourne</div><div><strong>Suburb:</strong> Preston</div><div><strong>Distance from Melbourne Connect:</strong> 8.73 km</div>,,,,-37.730548,145.01031,0,Preston Primary School,0,,1,0,Government,Primary,North Eastern Melbourne,Preston,No,8.73
900824,2,"56B Hotham Street, Preston, 3072",<div><strong>Education sector:</strong> Government</div><div><strong>School type:</strong> Primary</div><div><strong>Area:</strong> North Eastern Melbourne</div><div><strong>Suburb:</strong> Preston</div><div><strong>Distance from Melbourne Connect:</strong> 6.94 km</div>,,,,-37.747867,145.007447,0,Preston South Primary School,0,,1,0,Government,Primary,North Eastern Melbourne,Preston,No,6.94
903885,2,"383 Murray Road, Preston, 3072",<div><strong>Education sector:</strong> Government</div><div><strong>School type:</strong> Primary</div><div><strong>Area:</strong> North Eastern Melbourne</div><div><strong>Suburb:</strong> Preston</div><div><strong>Distance from Melbourne Connect:</strong> 7.50 km</div>,,,,-37.737366,144.99553,0,Preston West Primary School,0,,1,0,Government,Primary,North Eastern Melbourne,Preston,No,7.50
902955,2,"280 Pigdon Street, Princes Hill, 3054",<div><strong>Education sector:</strong> Government</div><div><strong>School type:</strong> Primary</div><div><strong>Area:</strong> North Eastern Melbourne</div><div><strong>Suburb:</strong> Princes Hill</div><div><strong>Distance from Melbourne Connect:</strong> 2.22 km</div>,,,,-37.78039994,144.9681013,0,Princes Hill Primary School,0,,1,0,Government,Primary,North Eastern Melbourne,Princes Hill,No,2.22
908245,2,"47 Arnold Street, Princes Hill, 3054",<div><strong>Education sector:</strong> Government</div><div><strong>School type:</strong> Secondary</div><div><strong>Area:</strong> North Eastern Melbourne</div><div><strong>Suburb:</strong> Princes Hill</div><div><strong>Distance from Melbourne Connect:</strong> 1.85 km</div><div><strong>Website:</strong> https://www.phsc.vic.edu.au/</div>,https://www.phsc.vic.edu.au/wp-content/uploads/2024/08/logo-type-colour.png,https://www.phsc.vic.edu.au/,,-37.783481,144.96503,0,Princes Hill Secondary College,0,,1,0,Government,Secondary,North Eastern Melbourne,Princes Hill,Yes,1.85
902959,2,"1570 Main Road, Research, 3095",<div><strong>Education sector:</strong> Government</div><div><strong>School type:</strong> Primary</div><div><strong>Area:</strong> North Eastern Melbourne</div><div><strong>Suburb:</strong> Research</div><div><strong>Distance from Melbourne Connect:</strong> 22.10 km</div>,,,,-37.70291933,145.1835697,0,Research Primary School,0,,1,0,Government,Primary,North Eastern Melbourne,Research,No,22.10
904686,2,"58 Boldrewood Parade, Reservoir, 3073",<div><strong>Education sector:</strong> Government</div><div><strong>School type:</strong> Primary</div><div><strong>Area:</strong> North Eastern Melbourne</div><div><strong>Suburb:</strong> Reservoir</div><div><strong>Distance from Melbourne Connect:</strong> 10.25 km</div>,,,,-37.719975,145.021837,0,Reservoir East Primary School,0,,1,0,Government,Primary,North Eastern Melbourne,Reservoir,No,10.25
908708,2,"855 Plenty Road, Reservoir, 3073",<div><strong>Education sector:</strong> Government</div><div><strong>School type:</strong> Secondary</div><div><strong>Area:</strong> North Eastern Melbourne</div><div><strong>Suburb:</strong> Reservoir</div><div><strong>Distance from Melbourne Connect:</strong> 10.39 km</div>,,,,-37.722259,145.029772,0,Reservoir High School,0,,1,0,Government,Secondary,North Eastern Melbourne,Reservoir,No,10.39
903960,2,"Duffy Street, Reservoir, 3073",<div><strong>Education sector:</strong> Government</div><div><strong>School type:</strong> Primary</div><div><strong>Area:</strong> North Eastern Melbourne</div><div><strong>Suburb:</strong> Reservoir</div><div><strong>Distance from Melbourne Connect:</strong> 10.54 km</div>,,,,-37.71142,145.00677,0,Reservoir Primary School,0,,1,0,Government,Primary,North Eastern Melbourne,Reservoir,No,10.54
905523,2,"73-91 Hickford Street, Reservoir, 3073",<div><strong>Education sector:</strong> Government</div><div><strong>School type:</strong> Primary</div><div><strong>Area:</strong> North Eastern Melbourne</div><div><strong>Suburb:</strong> Reservoir</div><div><strong>Distance from Melbourne Connect:</strong> 11.70 km</div>,,,,-37.705518,145.022725,0,Reservoir Views Primary School,0,,1,0,Government,Primary,North Eastern Melbourne,Reservoir,No,11.70
904711,2,"5a Carrington Road, Reservoir, 3073",<div><strong>Education sector:</strong> Government</div><div><strong>School type:</strong> Primary</div><div><strong>Area:</strong> North Eastern Melbourne</div><div><strong>Suburb:</strong> Reservoir</div><div><strong>Distance from Melbourne Connect:</strong> 8.96 km</div>,,,,-37.722135,144.990229,0,Reservoir West Primary School,0,,1,0,Government,Primary,North Eastern Melbourne,Reservoir,No,8.96
908271,2,"4 Griffiths Street, Richmond, 3121",<div><strong>Education sector:</strong> Government</div><div><strong>School type:</strong> Secondary</div><div><strong>Area:</strong> North Eastern Melbourne</div><div><strong>Suburb:</strong> Richmond</div><div><strong>Distance from Melbourne Connect:</strong> 3.89 km</div>,,,,-37.817408,145.002804,0,Richmond High School,0,,1,0,Government,Secondary,North Eastern Melbourne,Richmond,No,3.89
905269,2,"85 Brighton Street, Richmond, 3121",<div><strong>Education sector:</strong> Government</div><div><strong>School type:</strong> Primary</div><div><strong>Area:</strong> North Eastern Melbourne</div><div><strong>Suburb:</strong> Richmond</div><div><strong>Distance from Melbourne Connect:</strong> 4.48 km</div>,,,,-37.82956905,144.9990734,0,Richmond Primary School,0,,1,0,Government,Primary,North Eastern Melbourne,Richmond,No,4.48
905044,2,"25 Lennox Street, Richmond, 3121",<div><strong>Education sector:</strong> Government</div><div><strong>School type:</strong> Primary</div><div><strong>Area:</strong> North Eastern Melbourne</div><div><strong>Suburb:</strong> Richmond</div><div><strong>Distance from Melbourne Connect:</strong> 3.14 km</div>,,,,-37.813626,144.995735,0,Richmond West Primary School,0,,1,0,Government,Primary,North Eastern Melbourne,Richmond,No,3.14
904753,2,"Interlaken Parade, Rosanna, 3084",<div><strong>Education sector:</strong> Government</div><div><strong>School type:</strong> Primary</div><div><strong>Area:</strong> North Eastern Melbourne</div><div><strong>Suburb:</strong> Rosanna</div><div><strong>Distance from Melbourne Connect:</strong> 12.06 km</div>,,,,-37.73512039,145.0741188,0,Rosanna Golf Links Primary School,0,,1,0,Government,Primary,North Eastern Melbourne,Rosanna,No,12.06
904568,2,"Grandview Grove, Rosanna, 3084",<div><strong>Education sector:</strong> Government</div><div><strong>School type:</strong> Primary</div><div><strong>Area:</strong> North Eastern Melbourne</div><div><strong>Suburb:</strong> Rosanna</div><div><strong>Distance from Melbourne Connect:</strong> 11.26 km</div>,,,,-37.735395,145.062899,0,Rosanna Primary School,0,,1,0,Government,Primary,North Eastern Melbourne,Rosanna,No,11.26
900152,2,"1 Clifton Grove, Preston, 3072",<div><strong>Education sector:</strong> Catholic</div><div><strong>School type:</strong> Primary</div><div><strong>Area:</strong> North Eastern Melbourne</div><div><strong>Suburb:</strong> Preston</div><div><strong>Distance from Melbourne Connect:</strong> 7.06 km</div>,,,,-37.744807,145.003768,0,Sacred Heart School,0,,1,0,Catholic,Primary,North Eastern Melbourne,Preston,No,7.06
900468,2,"107 King William Street, Fitzroy, 3065",<div><strong>Education sector:</strong> Catholic</div><div><strong>School type:</strong> Primary</div><div><strong>Area:</strong> North Eastern Melbourne</div><div><strong>Suburb:</strong> Fitzroy</div><div><strong>Distance from Melbourne Connect:</strong> 1.27 km</div>,,,,-37.802049,144.978524,0,Sacred Heart School,0,,1,0,Catholic,Primary,North Eastern Melbourne,Fitzroy,No,1.27
901623,2,"25 Gipson Street, Diamond Creek, 3089",<div><strong>Education sector:</strong> Catholic</div><div><strong>School type:</strong> Primary</div><div><strong>Area:</strong> North Eastern Melbourne</div><div><strong>Suburb:</strong> Diamond Creek</div><div><strong>Distance from Melbourne Connect:</strong> 22.25 km</div>,,,,-37.67214795,145.158777,0,Sacred Heart School,0,,1,0,Catholic,Primary,North Eastern Melbourne,Diamond Creek,No,22.25
901386,2,"50 Separation Street, Northcote, 3070",<div><strong>Education sector:</strong> Catholic</div><div><strong>School type:</strong> Secondary</div><div><strong>Area:</strong> North Eastern Melbourne</div><div><strong>Suburb:</strong> Northcote</div><div><strong>Distance from Melbourne Connect:</strong> 4.71 km</div>,,,,-37.770356,145.00248,0,Santa Maria College,0,,1,0,Catholic,Secondary,North Eastern Melbourne,Northcote,No,4.71
905013,2,"17 Outlook Crescent, Briar Hill, 3088",<div><strong>Education sector:</strong> Government</div><div><strong>School type:</strong> Primary</div><div><strong>Area:</strong> North Eastern Melbourne</div><div><strong>Suburb:</strong> Briar Hill</div><div><strong>Distance from Melbourne Connect:</strong> 17.75 km</div>,,,,-37.708908,145.130077,0,Sherbourne Primary School,0,,1,0,Government,Primary,North Eastern Melbourne,Briar Hill,No,17.75
901905,2,"1 St Heliers Street, Abbotsford, 3067",<div><strong>Education sector:</strong> Independent</div><div><strong>School type:</strong> Pri/Sec</div><div><strong>Area:</strong> North Eastern Melbourne</div><div><strong>Suburb:</strong> Abbotsford</div><div><strong>Distance from Melbourne Connect:</strong> 3.62 km</div>,,,,-37.803664,145.005225,0,Sophia Mundi Steiner School,0,,1,0,Independent,Pri/Sec,North Eastern Melbourne,Abbotsford,No,3.62
903146,2,"193 Spensley Street, Clifton Hill, 3068",<div><strong>Education sector:</strong> Government</div><div><strong>School type:</strong> Primary</div><div><strong>Area:</strong> North Eastern Melbourne</div><div><strong>Suburb:</strong> Clifton Hill</div><div><strong>Distance from Melbourne Connect:</strong> 3.78 km</div>,,,,-37.786794,145.003879,0,Spensley Street Primary School,0,,1,0,Government,Primary,North Eastern Melbourne,Clifton Hill,No,3.78
900128,2,"Caledonia Street, St Andrews, 3761",<div><strong>Education sector:</strong> Government</div><div><strong>School type:</strong> Primary</div><div><strong>Area:</strong> North Eastern Melbourne</div><div><strong>Suburb:</strong> St Andrews</div><div><strong>Distance from Melbourne Connect:</strong> 34.73 km</div>,,,,-37.602316,145.269827,0,St Andrews Primary School,0,,1,0,Government,Primary,North Eastern Melbourne,St Andrews,No,34.73
901041,2,"52 Austin Street, Alphington, 3078",<div><strong>Education sector:</strong> Catholic</div><div><strong>School type:</strong> Primary</div><div><strong>Area:</strong> North Eastern Melbourne</div><div><strong>Suburb:</strong> Alphington</div><div><strong>Distance from Melbourne Connect:</strong> 5.41 km</div>,,,,-37.780069,145.020362,0,St Anthony's School,0,,1,0,Catholic,Primary,North Eastern Melbourne,Alphington,No,5.41
901500,2,"53 Stanley Street, Ivanhoe West, 3079",<div><strong>Education sector:</strong> Catholic</div><div><strong>School type:</strong> Primary</div><div><strong>Area:</strong> North Eastern Melbourne</div><div><strong>Suburb:</strong> Ivanhoe West</div><div><strong>Distance from Melbourne Connect:</strong> 7.39 km</div>,,,,-37.763063,145.034125,0,St Bernadette's School,0,,1,0,Catholic,Primary,North Eastern Melbourne,Ivanhoe West,No,7.39
901858,2,"2 Lascelles Drive, Lalor West, 3075",<div><strong>Education sector:</strong> Catholic</div><div><strong>School type:</strong> Primary</div><div><strong>Area:</strong> North Eastern Melbourne</div><div><strong>Suburb:</strong> Lalor West</div><div><strong>Distance from Melbourne Connect:</strong> 15.34 km</div>,,,,-37.66560256,145.0032382,0,St Catherine's School,0,,1,0,Catholic,Primary,North Eastern Melbourne,Lalor West,No,15.34
901752,2,"Harbard Street, Thomastown West, 3074",<div><strong>Education sector:</strong> Catholic</div><div><strong>School type:</strong> Primary</div><div><strong>Area:</strong> North Eastern Melbourne</div><div><strong>Suburb:</strong> Thomastown West</div><div><strong>Distance from Melbourne Connect:</strong> 13.92 km</div>,,,,-37.67775056,144.9977174,0,St Clare's School,0,,1,0,Catholic,Primary,North Eastern Melbourne,Thomastown West,No,13.92
901656,2,"5 Settlement Road, Bundoora, 3083",<div><strong>Education sector:</strong> Catholic</div><div><strong>School type:</strong> Primary</div><div><strong>Area:</strong> North Eastern Melbourne</div><div><strong>Suburb:</strong> Bundoora</div><div><strong>Distance from Melbourne Connect:</strong> 13.94 km</div>,,,,-37.6984942,145.0572167,0,St Damian's School,0,,1,0,Catholic,Primary,North Eastern Melbourne,Bundoora,No,13.94
901343,2,"90 Mayona Road, Montmorency, 3094",<div><strong>Education sector:</strong> Catholic</div><div><strong>School type:</strong> Primary</div><div><strong>Area:</strong> North Eastern Melbourne</div><div><strong>Suburb:</strong> Montmorency</div><div><strong>Distance from Melbourne Connect:</strong> 17.06 km</div>,,,,-37.71600768,145.1265613,0,St Francis Xavier Primary School,0,,1,0,Catholic,Primary,North Eastern Melbourne,Montmorency,No,17.06
901809,2,"290-312 Childs Road, Mill Park, 3082",<div><strong>Education sector:</strong> Catholic</div><div><strong>School type:</strong> Primary</div><div><strong>Area:</strong> North Eastern Melbourne</div><div><strong>Suburb:</strong> Mill Park</div><div><strong>Distance from Melbourne Connect:</strong> 17.17 km</div>,,,,-37.66499475,145.0589142,0,St Francis of Assisi School,0,,1,0,Catholic,Primary,North Eastern Melbourne,Mill Park,No,17.17
901289,2,"237 Spring Street, Reservoir, 3073",<div><strong>Education sector:</strong> Catholic</div><div><strong>School type:</strong> Primary</div><div><strong>Area:</strong> North Eastern Melbourne</div><div><strong>Suburb:</strong> Reservoir</div><div><strong>Distance from Melbourne Connect:</strong> 9.81 km</div>,,,,-37.718019,145.005121,0,St Gabriel's School,0,,1,0,Catholic,Primary,North Eastern Melbourne,Reservoir,No,9.81
908730,2,"Wallowa Road, Eltham North, 3095",<div><strong>Education sector:</strong> Government</div><div><strong>School type:</strong> Secondary</div><div><strong>Area:</strong> North Eastern Melbourne</div><div><strong>Suburb:</strong> Eltham North</div><div><strong>Distance from Melbourne Connect:</strong> 19.92 km</div>,,,,-37.68686717,145.1399078,0,St Helena Secondary College,0,,1,0,Government,Secondary,North Eastern Melbourne,Eltham North,No,19.92
901733,2,"Regal Avenue, Thomastown East, 3074",<div><strong>Education sector:</strong> Catholic</div><div><strong>School type:</strong> Primary</div><div><strong>Area:</strong> North Eastern Melbourne</div><div><strong>Suburb:</strong> Thomastown East</div><div><strong>Distance from Melbourne Connect:</strong> 15.05 km</div>,,,,-37.67842204,145.0392037,0,St John XXIII Primary School,0,,1,0,Catholic,Primary,North Eastern Melbourne,Thomastown East,No,15.05
901788,2,"1 Blanch Street, Preston, 3072",<div><strong>Education sector:</strong> Independent</div><div><strong>School type:</strong> Pri/Sec</div><div><strong>Area:</strong> North Eastern Melbourne</div><div><strong>Suburb:</strong> Preston</div><div><strong>Distance from Melbourne Connect:</strong> 6.77 km</div>,,,,-37.745933,144.999534,0,St John's College Preston,0,,1,0,Independent,Pri/Sec,North Eastern Melbourne,Preston,No,6.77
900909,2,"55 Cape Street, Heidelberg, 3084",<div><strong>Education sector:</strong> Catholic</div><div><strong>School type:</strong> Primary</div><div><strong>Area:</strong> North Eastern Melbourne</div><div><strong>Suburb:</strong> Heidelberg</div><div><strong>Distance from Melbourne Connect:</strong> 10.15 km</div>,,,,-37.757641,145.066548,0,St John's School,0,,1,0,Catholic,Primary,North Eastern Melbourne,Heidelberg,No,10.15
901763,2,"79 Wilson Boulevard, Reservoir North, 3073",<div><strong>Education sector:</strong> Catholic</div><div><strong>School type:</strong> Primary</div><div><strong>Area:</strong> North Eastern Melbourne</div><div><strong>Suburb:</strong> Reservoir North</div><div><strong>Distance from Melbourne Connect:</strong> 11.17 km</div>,,,,-37.702216,144.99292,0,St Joseph the Worker School,0,,1,0,Catholic,Primary,North Eastern Melbourne,Reservoir North,No,11.17
900151,2,"39 James Street, Northcote, 3070",<div><strong>Education sector:</strong> Catholic</div><div><strong>School type:</strong> Primary</div><div><strong>Area:</strong> North Eastern Melbourne</div><div><strong>Suburb:</strong> Northcote</div><div><strong>Distance from Melbourne Connect:</strong> 4.02 km</div>,,,,-37.774621,144.996721,0,St Joseph's School,0,,1,0,Catholic,Primary,North Eastern Melbourne,Northcote,No,4.02
900579,2,"46 Otter Street, Collingwood, 3066",<div><strong>Education sector:</strong> Catholic</div><div><strong>School type:</strong> Primary</div><div><strong>Area:</strong> North Eastern Melbourne</div><div><strong>Suburb:</strong> Collingwood</div><div><strong>Distance from Melbourne Connect:</strong> 1.94 km</div>,,,,-37.800459,144.986388,0,St Joseph's School,0,,1,0,Catholic,Primary,North Eastern Melbourne,Collingwood,No,1.94
902060,2,"44 Mernda Village Drive, Mernda, 3754",<div><strong>Education sector:</strong> Catholic</div><div><strong>School type:</strong> Primary</div><div><strong>Area:</strong> North Eastern Melbourne</div><div><strong>Suburb:</strong> Mernda</div><div><strong>Distance from Melbourne Connect:</strong> 25.30 km</div>,,,,-37.59573779,145.0905985,0,St Joseph's School,0,,1,0,Catholic,Primary,North Eastern Melbourne,Mernda,No,25.30
901615,2,"1A David Street, Lalor, 3075",<div><strong>Education sector:</strong> Catholic</div><div><strong>School type:</strong> Primary</div><div><strong>Area:</strong> North Eastern Melbourne</div><div><strong>Suburb:</strong> Lalor</div><div><strong>Distance from Melbourne Connect:</strong> 14.99 km</div>,,,,-37.67237431,145.0188321,0,St Luke's School,0,,1,0,Catholic,Primary,North Eastern Melbourne,Lalor,No,14.99
901582,2,"2-12 Silk Street, Rosanna, 3084",<div><strong>Education sector:</strong> Catholic</div><div><strong>School type:</strong> Primary</div><div><strong>Area:</strong> North Eastern Melbourne</div><div><strong>Suburb:</strong> Rosanna</div><div><strong>Distance from Melbourne Connect:</strong> 12.26 km</div>,,,,-37.735182,145.076979,0,St Martin of Tours School,0,,1,0,Catholic,Primary,North Eastern Melbourne,Rosanna,No,12.26
902087,2,"47 Farmhouse Boulevard, Epping North, 3076",<div><strong>Education sector:</strong> Catholic</div><div><strong>School type:</strong> Primary</div><div><strong>Area:</strong> North Eastern Melbourne</div><div><strong>Suburb:</strong> Epping North</div><div><strong>Distance from Melbourne Connect:</strong> 19.82 km</div>,,,,-37.62600008,145.0126014,0,St Mary of the Cross MacKillop Catholic Parish Primary School,0,,1,0,Catholic,Primary,North Eastern Melbourne,Epping North,No,19.82
901108,2,"2 Mansfield Street, Thornbury, 3071",<div><strong>Education sector:</strong> Catholic</div><div><strong>School type:</strong> Primary</div><div><strong>Area:</strong> North Eastern Melbourne</div><div><strong>Suburb:</strong> Thornbury</div><div><strong>Distance from Melbourne Connect:</strong> 5.82 km</div>,,,,-37.75684,145.001658,0,St Mary's School,0,,1,0,Catholic,Primary,North Eastern Melbourne,Thornbury,No,5.82
901539,2,"210 Grimshaw Street, Greensborough, 3088",<div><strong>Education sector:</strong> Catholic</div><div><strong>School type:</strong> Primary</div><div><strong>Area:</strong> North Eastern Melbourne</div><div><strong>Suburb:</strong> Greensborough</div><div><strong>Distance from Melbourne Connect:</strong> 15.63 km</div>,,,,-37.702851,145.092633,0,St Mary's School,0,,1,0,Catholic,Primary,North Eastern Melbourne,Greensborough,No,15.63
901860,2,"2-20 Fir Street, Whittlesea, 3757",<div><strong>Education sector:</strong> Catholic</div><div><strong>School type:</strong> Primary</div><div><strong>Area:</strong> North Eastern Melbourne</div><div><strong>Suburb:</strong> Whittlesea</div><div><strong>Distance from Melbourne Connect:</strong> 34.96 km</div>,,,,-37.50906237,145.1145373,0,St Mary's School,0,,1,0,Catholic,Primary,North Eastern Melbourne,Whittlesea,No,34.96
901657,2,"16 Davisson Street, Epping, 3076",<div><strong>Education sector:</strong> Catholic</div><div><strong>School type:</strong> Secondary</div><div><strong>Area:</strong> North Eastern Melbourne</div><div><strong>Suburb:</strong> Epping</div><div><strong>Distance from Melbourne Connect:</strong> 17.16 km</div>,,,,-37.655184,145.031414,0,St Monica's College,0,,1,0,Catholic,Secondary,North Eastern Melbourne,Epping,No,17.16
902096,2,"80 Bassetts Road, Doreen, 3754",<div><strong>Education sector:</strong> Catholic</div><div><strong>School type:</strong> Primary</div><div><strong>Area:</strong> North Eastern Melbourne</div><div><strong>Suburb:</strong> Doreen</div><div><strong>Distance from Melbourne Connect:</strong> 26.20 km</div>,,,,-37.59693094,145.1152172,0,St Paul the Apostle Catholic Primary School,0,,1,0,Catholic,Primary,North Eastern Melbourne,Doreen,No,26.20
901383,2,"32 Wedge Street, Epping, 3076",<div><strong>Education sector:</strong> Catholic</div><div><strong>School type:</strong> Primary</div><div><strong>Area:</strong> North Eastern Melbourne</div><div><strong>Suburb:</strong> Epping</div><div><strong>Distance from Melbourne Connect:</strong> 17.54 km</div>,,,,-37.650542,145.027548,0,St Peter's School,0,,1,0,Catholic,Primary,North Eastern Melbourne,Epping,No,17.54
901526,2,"431 Waterdale Road, Heidelberg West, 3081",<div><strong>Education sector:</strong> Catholic</div><div><strong>School type:</strong> Primary</div><div><strong>Area:</strong> North Eastern Melbourne</div><div><strong>Suburb:</strong> Heidelberg West</div><div><strong>Distance from Melbourne Connect:</strong> 9.32 km</div>,,,,-37.746924,145.04629,0,St Pius X School,0,,1,0,Catholic,Primary,North Eastern Melbourne,Heidelberg West,No,9.32
901412,2,"Cooper Street, Preston West, 3072",<div><strong>Education sector:</strong> Catholic</div><div><strong>School type:</strong> Primary</div><div><strong>Area:</strong> North Eastern Melbourne</div><div><strong>Suburb:</strong> Preston West</div><div><strong>Distance from Melbourne Connect:</strong> 7.75 km</div>,,,,-37.734098,144.992623,0,St Raphael's School,0,,1,0,Catholic,Primary,North Eastern Melbourne,Preston West,No,7.75
901781,2,"251 Diamond Creek Road, Greensborough North, 3088",<div><strong>Education sector:</strong> Catholic</div><div><strong>School type:</strong> Primary</div><div><strong>Area:</strong> North Eastern Melbourne</div><div><strong>Suburb:</strong> Greensborough North</div><div><strong>Distance from Melbourne Connect:</strong> 18.90 km</div>,,,,-37.68218852,145.1191059,0,St Thomas the Apostle School,0,,1,0,Catholic,Primary,North Eastern Melbourne,Greensborough North,No,18.90
903947,2,"5 School Ridge Road, Strathewen, 3099",<div><strong>Education sector:</strong> Government</div><div><strong>School type:</strong> Primary</div><div><strong>Area:</strong> North Eastern Melbourne</div><div><strong>Suburb:</strong> Strathewen</div><div><strong>Distance from Melbourne Connect:</strong> 38.89 km</div>,,,,-37.547579,145.270094,0,Strathewen Primary School,0,,1,0,Government,Primary,North Eastern Melbourne,Strathewen,No,38.89
905438,2,"209 Yallambie Road, Yallambie, 3085",<div><strong>Education sector:</strong> Government</div><div><strong>School type:</strong> Primary</div><div><strong>Area:</strong> North Eastern Melbourne</div><div><strong>Suburb:</strong> Yallambie</div><div><strong>Distance from Melbourne Connect:</strong> 14.94 km</div>,,,,-37.721556,145.102224,0,Streeton Primary School,0,,1,0,Government,Primary,North Eastern Melbourne,Yallambie,No,14.94
908846,2,"80 Jardier Terrace, South Morang, 3752",<div><strong>Education sector:</strong> Government</div><div><strong>School type:</strong> Pri/Sec</div><div><strong>Area:</strong> North Eastern Melbourne</div><div><strong>Suburb:</strong> South Morang</div><div><strong>Distance from Melbourne Connect:</strong> 20.82 km</div>,,,,-37.634935,145.075679,0,The Lakes South Morang College,0,,1,0,Government,Pri/Sec,North Eastern Melbourne,South Morang,No,20.82
904827,2,"82 Cedar Street, Thomastown, 3074",<div><strong>Education sector:</strong> Government</div><div><strong>School type:</strong> Primary</div><div><strong>Area:</strong> North Eastern Melbourne</div><div><strong>Suburb:</strong> Thomastown</div><div><strong>Distance from Melbourne Connect:</strong> 14.34 km</div>,,,,-37.680325,145.024899,0,Thomastown East Primary School,0,,1,0,Government,Primary,North Eastern Melbourne,Thomastown,No,14.34
905134,2,"13-21 Diplomat Drive, Thomastown, 3074",<div><strong>Education sector:</strong> Government</div><div><strong>School type:</strong> Primary</div><div><strong>Area:</strong> North Eastern Melbourne</div><div><strong>Suburb:</strong> Thomastown</div><div><strong>Distance from Melbourne Connect:</strong> 13.31 km</div>,,,,-37.682589,144.993096,0,Thomastown Meadows Primary School,0,,1,0,Government,Primary,North Eastern Melbourne,Thomastown,No,13.31
900631,2,"10 Spring Street, Thomastown, 3074",<div><strong>Education sector:</strong> Government</div><div><strong>School type:</strong> Primary</div><div><strong>Area:</strong> North Eastern Melbourne</div><div><strong>Suburb:</strong> Thomastown</div><div><strong>Distance from Melbourne Connect:</strong> 13.74 km</div>,,,,-37.682271,145.011495,0,Thomastown Primary School,0,,1,0,Government,Primary,North Eastern Melbourne,Thomastown,No,13.74
908383,2,"80-96 Main Street, Thomastown, 3074",<div><strong>Education sector:</strong> Government</div><div><strong>School type:</strong> Secondary</div><div><strong>Area:</strong> North Eastern Melbourne</div><div><strong>Suburb:</strong> Thomastown</div><div><strong>Distance from Melbourne Connect:</strong> 13.90 km</div>,,,,-37.67871605,145.0019385,0,Thomastown Secondary College,0,,1,0,Government,Secondary,North Eastern Melbourne,Thomastown,No,13.90
904999,2,"98-112 Main Street, Thomastown, 3074",<div><strong>Education sector:</strong> Government</div><div><strong>School type:</strong> Primary</div><div><strong>Area:</strong> North Eastern Melbourne</div><div><strong>Suburb:</strong> Thomastown</div><div><strong>Distance from Melbourne Connect:</strong> 13.87 km</div>,,,,-37.67870395,145.0007873,0,Thomastown West Primary School,0,,1,0,Government,Primary,North Eastern Melbourne,Thomastown,No,13.87
908797,2,"238 Collins Street, Thornbury, 3071",<div><strong>Education sector:</strong> Government</div><div><strong>School type:</strong> Secondary</div><div><strong>Area:</strong> North Eastern Melbourne</div><div><strong>Suburb:</strong> Thornbury</div><div><strong>Distance from Melbourne Connect:</strong> 7.22 km</div>,,,,-37.75649469,145.0252135,0,Thornbury High School,0,,1,0,Government,Secondary,North Eastern Melbourne,Thornbury,No,7.22
903889,2,"16-22 Hutton Street, Thornbury, 3071",<div><strong>Education sector:</strong> Government</div><div><strong>School type:</strong> Primary</div><div><strong>Area:</strong> North Eastern Melbourne</div><div><strong>Suburb:</strong> Thornbury</div><div><strong>Distance from Melbourne Connect:</strong> 5.73 km</div>,,,,-37.755425,144.996748,0,Thornbury Primary School,0,,1,0,Government,Primary,North Eastern Melbourne,Thornbury,No,5.73
902036,2,"57 Davison Street, Richmond, 3121",<div><strong>Education sector:</strong> Catholic</div><div><strong>School type:</strong> Primary</div><div><strong>Area:</strong> North Eastern Melbourne</div><div><strong>Suburb:</strong> Richmond</div><div><strong>Distance from Melbourne Connect:</strong> 4.24 km</div>,,,,-37.81585217,145.0082429,0,Trinity Catholic School,0,,1,0,Catholic,Primary,North Eastern Melbourne,Richmond,No,4.24
908812,2,"1 Warren Road, Viewbank, 3084",<div><strong>Education sector:</strong> Government</div><div><strong>School type:</strong> Secondary</div><div><strong>Area:</strong> North Eastern Melbourne</div><div><strong>Suburb:</strong> Viewbank</div><div><strong>Distance from Melbourne Connect:</strong> 12.59 km</div>,,,,-37.741196,145.08659,0,Viewbank College,0,,1,0,Government,Secondary,North Eastern Melbourne,Viewbank,No,12.59
904892,2,"2-10 Nevin Parade, Viewbank, 3084",<div><strong>Education sector:</strong> Government</div><div><strong>School type:</strong> Primary</div><div><strong>Area:</strong> North Eastern Melbourne</div><div><strong>Suburb:</strong> Viewbank</div><div><strong>Distance from Melbourne Connect:</strong> 13.22 km</div>,,,,-37.73473,145.08999,0,Viewbank Primary School,0,,1,0,Government,Primary,North Eastern Melbourne,Viewbank,No,13.22
906261,2,"315 Clarendon Street, Thornbury, 3071",<div><strong>Education sector:</strong> Government</div><div><strong>School type:</strong> Pri/Sec</div><div><strong>Area:</strong> North Eastern Melbourne</div><div><strong>Suburb:</strong> Thornbury</div><div><strong>Distance from Melbourne Connect:</strong> 6.86 km</div>,,,,-37.76204,145.025701,0,Virtual School Victoria,0,,1,0,Government,Pri/Sec,North Eastern Melbourne,Thornbury,No,6.86
903139,2,"49 Wales Street, Thornbury, 3071",<div><strong>Education sector:</strong> Government</div><div><strong>School type:</strong> Primary</div><div><strong>Area:</strong> North Eastern Melbourne</div><div><strong>Suburb:</strong> Thornbury</div><div><strong>Distance from Melbourne Connect:</strong> 5.81 km</div>,,,,-37.76151,145.008833,0,Wales Street Primary School,0,,1,0,Government,Primary,North Eastern Melbourne,Thornbury,No,5.81
905144,2,"228 Banksia Street, Bellfield, 3081",<div><strong>Education sector:</strong> Government</div><div><strong>School type:</strong> Special</div><div><strong>Area:</strong> North Eastern Melbourne</div><div><strong>Suburb:</strong> Bellfield</div><div><strong>Distance from Melbourne Connect:</strong> 8.30 km</div>,,,,-37.756289,145.040741,0,Waratah Special Developmental School,0,,1,0,Government,Special,North Eastern Melbourne,Bellfield,No,8.30
904935,2,"61 Henry Street, Greensborough, 3088",<div><strong>Education sector:</strong> Government</div><div><strong>School type:</strong> Primary</div><div><strong>Area:</strong> North Eastern Melbourne</div><div><strong>Suburb:</strong> Greensborough</div><div><strong>Distance from Melbourne Connect:</strong> 15.26 km</div>,,,,-37.715299,145.100728,0,Watsonia Heights Primary School,0,,1,0,Government,Primary,North Eastern Melbourne,Greensborough,No,15.26
904988,2,"16 Sharpes Road, Watsonia North, 3087",<div><strong>Education sector:</strong> Government</div><div><strong>School type:</strong> Primary</div><div><strong>Area:</strong> North Eastern Melbourne</div><div><strong>Suburb:</strong> Watsonia North</div><div><strong>Distance from Melbourne Connect:</strong> 15.08 km</div>,,,,-37.700395,145.080509,0,Watsonia North Primary School,0,,1,0,Government,Primary,North Eastern Melbourne,Watsonia North,No,15.08
904838,2,"Nell Street West, Watsonia, 3087",<div><strong>Education sector:</strong> Government</div><div><strong>School type:</strong> Primary</div><div><strong>Area:</strong> North Eastern Melbourne</div><div><strong>Suburb:</strong> Watsonia</div><div><strong>Distance from Melbourne Connect:</strong> 14.94 km</div>,,,,-37.707027,145.086916,0,Watsonia Primary School,0,,1,0,Government,Primary,North Eastern Melbourne,Watsonia,No,14.94
904060,2,"16-24 Reynolds Road, Wattle Glen, 3096",<div><strong>Education sector:</strong> Government</div><div><strong>School type:</strong> Primary</div><div><strong>Area:</strong> North Eastern Melbourne</div><div><strong>Suburb:</strong> Wattle Glen</div><div><strong>Distance from Melbourne Connect:</strong> 24.08 km</div>,,,,-37.66884,145.182037,0,Wattle Glen Primary School,0,,1,0,Government,Primary,North Eastern Melbourne,Wattle Glen,No,24.08
904177,2,"45 Brooke St & 311 Clarke St, Northcote, 3070",<div><strong>Education sector:</strong> Government</div><div><strong>School type:</strong> Primary</div><div><strong>Area:</strong> North Eastern Melbourne</div><div><strong>Suburb:</strong> Northcote</div><div><strong>Distance from Melbourne Connect:</strong> 4.48 km</div>,,,,-37.776471,145.005561,0,Westgarth Primary School,0,,1,0,Government,Primary,North Eastern Melbourne,Northcote,No,4.48
902090,2,"2425-2435 Plenty Road, Whittlesea, 3757",<div><strong>Education sector:</strong> Government</div><div><strong>School type:</strong> Primary</div><div><strong>Area:</strong> North Eastern Melbourne</div><div><strong>Suburb:</strong> Whittlesea</div><div><strong>Distance from Melbourne Connect:</strong> 34.41 km</div>,,,,-37.51426809,145.1140469,0,Whittlesea Primary School,0,,1,0,Government,Primary,North Eastern Melbourne,Whittlesea,No,34.41
907408,2,"55 Laurel Street, Whittlesea, 3757",<div><strong>Education sector:</strong> Government</div><div><strong>School type:</strong> Secondary</div><div><strong>Area:</strong> North Eastern Melbourne</div><div><strong>Suburb:</strong> Whittlesea</div><div><strong>Distance from Melbourne Connect:</strong> 34.54 km</div>,,,,-37.5150463,145.1201751,0,Whittlesea Secondary College,0,,1,0,Government,Secondary,North Eastern Melbourne,Whittlesea,No,34.54
905544,2,"60 Merrilands Road, Reservoir, 3073",<div><strong>Education sector:</strong> Government</div><div><strong>School type:</strong> Primary</div><div><strong>Area:</strong> North Eastern Melbourne</div><div><strong>Suburb:</strong> Reservoir</div><div><strong>Distance from Melbourne Connect:</strong> 11.99 km</div>,,,,-37.69666885,145.0027816,0,William Ruthven Primary School,0,,1,0,Government,Primary,North Eastern Melbourne,Reservoir,No,11.99
908895,2,"60 Merrilands Road, Reservoir, 3073",<div><strong>Education sector:</strong> Government</div><div><strong>School type:</strong> Secondary</div><div><strong>Area:</strong> North Eastern Melbourne</div><div><strong>Suburb:</strong> Reservoir</div><div><strong>Distance from Melbourne Connect:</strong> 11.99 km</div>,,,,-37.696666,145.002774,0,William Ruthven Secondary College,0,,1,0,Government,Secondary,North Eastern Melbourne,Reservoir,No,11.99
905582,2,"110 Saltlake Boulevard, Wollert, 3750",<div><strong>Education sector:</strong> Government</div><div><strong>School type:</strong> Primary</div><div><strong>Area:</strong> North Eastern Melbourne</div><div><strong>Suburb:</strong> Wollert</div><div><strong>Distance from Melbourne Connect:</strong> 21.33 km</div>,,,,-37.61709,145.036982,0,Wirrigirri Primary School,0,,1,0,Government,Primary,North Eastern Melbourne,Wollert,No,21.33
905589,2,"131 De Rossi Boulevard, Wollert, 3750",<div><strong>Education sector:</strong> Government</div><div><strong>School type:</strong> Primary</div><div><strong>Area:</strong> North Eastern Melbourne</div><div><strong>Suburb:</strong> Wollert</div><div><strong>Distance from Melbourne Connect:</strong> 21.71 km</div>,,,,-37.611332,145.027108,0,Wollert Primary School,0,,1,0,Government,Primary,North Eastern Melbourne,Wollert,No,21.71
908896,2,"222 Highpark Drive, Wollert, 3750",<div><strong>Education sector:</strong> Government</div><div><strong>School type:</strong> Secondary</div><div><strong>Area:</strong> North Eastern Melbourne</div><div><strong>Suburb:</strong> Wollert</div><div><strong>Distance from Melbourne Connect:</strong> 21.85 km</div>,,,,-37.609617,145.025238,0,Wollert Secondary College,0,,1,0,Government,Secondary,North Eastern Melbourne,Wollert,No,21.85
902256,2,"41 – 53 Miller Street, Epping, 3076",<div><strong>Education sector:</strong> Independent</div><div><strong>School type:</strong> Secondary</div><div><strong>Area:</strong> North Eastern Melbourne</div><div><strong>Suburb:</strong> Epping</div><div><strong>Distance from Melbourne Connect:</strong> 17.54 km</div>,,,,-37.64856,145.01957,0,Y Community School,0,,1,0,Independent,Secondary,North Eastern Melbourne,Epping,No,17.54
905271,2,"68-76 Davison Street, Richmond, 3121",<div><strong>Education sector:</strong> Government</div><div><strong>School type:</strong> Primary</div><div><strong>Area:</strong> North Eastern Melbourne</div><div><strong>Suburb:</strong> Richmond</div><div><strong>Distance from Melbourne Connect:</strong> 4.12 km</div>,,,,-37.814639,145.007482,0,Yarra Primary School,0,,1,0,Government,Primary,North Eastern Melbourne,Richmond,No,4.12
902054,2,"552 Yan Yean Road, Yarrambat, 3091",<div><strong>Education sector:</strong> Government</div><div><strong>School type:</strong> Primary</div><div><strong>Area:</strong> North Eastern Melbourne</div><div><strong>Suburb:</strong> Yarrambat</div><div><strong>Distance from Melbourne Connect:</strong> 23.07 km</div>,,,,-37.641245,145.133097,0,Yarrambat Primary School,0,,1,0,Government,Primary,North Eastern Melbourne,Yarrambat,No,23.07
904879,2,"24 - 36 Hinkley Ave, Croydon, 3136",<div><strong>Education sector:</strong> Government</div><div><strong>School type:</strong> Primary</div><div><strong>Area:</strong> Outer Eastern Melbourne</div><div><strong>Suburb:</strong> Croydon</div><div><strong>Distance from Melbourne Connect:</strong> 26.36 km</div>,,,,-37.793786,145.264244,0,Ainslie Parklands Primary School,0,,1,0,Government,Primary,Outer Eastern Melbourne,Croydon,No,26.36
901608,2,"46 Great Ryrie Street, Ringwood, 3134",<div><strong>Education sector:</strong> Catholic</div><div><strong>School type:</strong> Secondary</div><div><strong>Area:</strong> Outer Eastern Melbourne</div><div><strong>Suburb:</strong> Ringwood</div><div><strong>Distance from Melbourne Connect:</strong> 23.91 km</div>,,,,-37.823058,145.234935,0,Aquinas College,0,,1,0,Catholic,Secondary,Outer Eastern Melbourne,Ringwood,No,23.91
903309,2,"139 Badger Creek Rd, Healesville, 3777",<div><strong>Education sector:</strong> Government</div><div><strong>School type:</strong> Primary</div><div><strong>Area:</strong> Outer Eastern Melbourne</div><div><strong>Suburb:</strong> Healesville</div><div><strong>Distance from Melbourne Connect:</strong> 51.74 km</div>,,,,-37.681338,145.533243,0,Badger Creek Primary School,0,,1,0,Government,Primary,Outer Eastern Melbourne,Healesville,No,51.74
904143,2,"Stuart Street, Bayswater North, 3153",<div><strong>Education sector:</strong> Government</div><div><strong>School type:</strong> Primary</div><div><strong>Area:</strong> Outer Eastern Melbourne</div><div><strong>Suburb:</strong> Bayswater North</div><div><strong>Distance from Melbourne Connect:</strong> 29.28 km</div>,,,,-37.8288,145.295621,0,Bayswater North Primary School,0,,1,0,Government,Primary,Outer Eastern Melbourne,Bayswater North,No,29.28
902163,2,"2 Birch Street, Bayswater, 3153",<div><strong>Education sector:</strong> Government</div><div><strong>School type:</strong> Primary</div><div><strong>Area:</strong> Outer Eastern Melbourne</div><div><strong>Suburb:</strong> Bayswater</div><div><strong>Distance from Melbourne Connect:</strong> 26.36 km</div>,,,,-37.843305,145.259358,0,Bayswater Primary School,0,,1,0,Government,Primary,Outer Eastern Melbourne,Bayswater,No,26.36
907560,2,"14 Orchard Road, Bayswater, 3153",<div><strong>Education sector:</strong> Government</div><div><strong>School type:</strong> Secondary</div><div><strong>Area:</strong> Outer Eastern Melbourne</div><div><strong>Suburb:</strong> Bayswater</div><div><strong>Distance from Melbourne Connect:</strong> 26.51 km</div>,,,,-37.83903,145.261998,0,Bayswater Secondary College,0,,1,0,Government,Secondary,Outer Eastern Melbourne,Bayswater,No,26.51
904973,2,"Enfield Drive, Bayswater, 3153",<div><strong>Education sector:</strong> Government</div><div><strong>School type:</strong> Primary</div><div><strong>Area:</strong> Outer Eastern Melbourne</div><div><strong>Suburb:</strong> Bayswater</div><div><strong>Distance from Melbourne Connect:</strong> 26.79 km</div>,,,,-37.854897,145.261347,0,Bayswater South Primary School,0,,1,0,Government,Primary,Outer Eastern Melbourne,Bayswater,No,26.79
905039,2,"Phyllis Street, Bayswater, 3153",<div><strong>Education sector:</strong> Government</div><div><strong>School type:</strong> Primary</div><div><strong>Area:</strong> Outer Eastern Melbourne</div><div><strong>Suburb:</strong> Bayswater</div><div><strong>Distance from Melbourne Connect:</strong> 25.94 km</div>,,,,-37.849069,145.253048,0,Bayswater West Primary School,0,,1,0,Government,Primary,Outer Eastern Melbourne,Bayswater,No,25.94
901864,2,"20 Wattle Valley Road, Belgrave Heights, 3160",<div><strong>Education sector:</strong> Independent</div><div><strong>School type:</strong> Pri/Sec</div><div><strong>Area:</strong> Outer Eastern Melbourne</div><div><strong>Suburb:</strong> Belgrave Heights</div><div><strong>Distance from Melbourne Connect:</strong> 36.04 km</div>,,,,-37.91890282,145.3462292,0,Belgrave Heights Christian School,0,,1,0,Independent,Pri/Sec,Outer Eastern Melbourne,Belgrave Heights,No,36.04
903551,2,"175 Colby Drive, Belgrave South, 3160",<div><strong>Education sector:</strong> Government</div><div><strong>School type:</strong> Primary</div><div><strong>Area:</strong> Outer Eastern Melbourne</div><div><strong>Suburb:</strong> Belgrave South</div><div><strong>Distance from Melbourne Connect:</strong> 37.50 km</div>,,,,-37.93119813,145.3579203,0,Belgrave South Primary School,0,,1,0,Government,Primary,Outer Eastern Melbourne,Belgrave South,No,37.50
901816,2,"197-199 Cardigan Road, Mooroolbark, 3138",<div><strong>Education sector:</strong> Independent</div><div><strong>School type:</strong> Pri/Sec</div><div><strong>Area:</strong> Outer Eastern Melbourne</div><div><strong>Suburb:</strong> Mooroolbark</div><div><strong>Distance from Melbourne Connect:</strong> 32.94 km</div>,,,,-37.78785168,145.3388701,0,Billanook College,0,,1,0,Independent,Pri/Sec,Outer Eastern Melbourne,Mooroolbark,No,32.94
905193,2,"270 Sheffield Road, Montrose, 3765",<div><strong>Education sector:</strong> Government</div><div><strong>School type:</strong> Primary</div><div><strong>Area:</strong> Outer Eastern Melbourne</div><div><strong>Suburb:</strong> Montrose</div><div><strong>Distance from Melbourne Connect:</strong> 33.05 km</div>,,,,-37.82495466,145.3392536,0,Billanook Primary School,0,,1,0,Government,Primary,Outer Eastern Melbourne,Montrose,No,33.05
905011,2,"118 Hayrick Lane, Mooroolbark, 3138",<div><strong>Education sector:</strong> Government</div><div><strong>School type:</strong> Primary</div><div><strong>Area:</strong> Outer Eastern Melbourne</div><div><strong>Suburb:</strong> Mooroolbark</div><div><strong>Distance from Melbourne Connect:</strong> 31.49 km</div>,,,,-37.77376388,145.3211445,0,Bimbadeen Heights Primary School,0,,1,0,Government,Primary,Outer Eastern Melbourne,Mooroolbark,No,31.49
905048,2,"43-49 Francis Crescent, Mount Evelyn, 3796",<div><strong>Education sector:</strong> Government</div><div><strong>School type:</strong> Primary</div><div><strong>Area:</strong> Outer Eastern Melbourne</div><div><strong>Suburb:</strong> Mount Evelyn</div><div><strong>Distance from Melbourne Connect:</strong> 35.59 km</div>,,,,-37.77958096,145.3685172,0,Birmingham Primary School,0,,1,0,Government,Primary,Outer Eastern Melbourne,Mount Evelyn,No,35.59
904967,2,"72 Landscape Drive, Boronia, 3155",<div><strong>Education sector:</strong> Government</div><div><strong>School type:</strong> Primary</div><div><strong>Area:</strong> Outer Eastern Melbourne</div><div><strong>Suburb:</strong> Boronia</div><div><strong>Distance from Melbourne Connect:</strong> 29.59 km</div>,,,,-37.844571,145.296485,0,Boronia Heights Primary School,0,,1,0,Government,Primary,Outer Eastern Melbourne,Boronia,No,29.59
908913,2,"35-37 Albert Avenue, Boronia, 3155",<div><strong>Education sector:</strong> Government</div><div><strong>School type:</strong> Pri/Sec</div><div><strong>Area:</strong> Outer Eastern Melbourne</div><div><strong>Suburb:</strong> Boronia</div><div><strong>Distance from Melbourne Connect:</strong> 29.61 km</div>,,,,-37.8583,145.293268,0,Boronia K-12 College,0,,1,0,Government,Pri/Sec,Outer Eastern Melbourne,Boronia,No,29.61
905426,2,"Laura Road, Knoxfield, 3180",<div><strong>Education sector:</strong> Government</div><div><strong>School type:</strong> Primary</div><div><strong>Area:</strong> Outer Eastern Melbourne</div><div><strong>Suburb:</strong> Knoxfield</div><div><strong>Distance from Melbourne Connect:</strong> 26.78 km</div>,,,,-37.891476,145.246491,0,Carrington Primary School,0,,1,0,Government,Primary,Outer Eastern Melbourne,Knoxfield,No,26.78
905194,2,"66 Kimberley Drive, Chirnside Park, 3116",<div><strong>Education sector:</strong> Government</div><div><strong>School type:</strong> Primary</div><div><strong>Area:</strong> Outer Eastern Melbourne</div><div><strong>Suburb:</strong> Chirnside Park</div><div><strong>Distance from Melbourne Connect:</strong> 31.00 km</div>,,,,-37.750071,145.311342,0,Chirnside Park Primary School,0,,1,0,Government,Primary,Outer Eastern Melbourne,Chirnside Park,No,31.00
903279,2,"705 Chum Creek Road, Chum Creek, 3777",<div><strong>Education sector:</strong> Government</div><div><strong>School type:</strong> Primary</div><div><strong>Area:</strong> Outer Eastern Melbourne</div><div><strong>Suburb:</strong> Chum Creek</div><div><strong>Distance from Melbourne Connect:</strong> 50.98 km</div>,,,,-37.60595782,145.4892499,0,Chum Creek Primary School,0,,1,0,Government,Primary,Outer Eastern Melbourne,Chum Creek,No,50.98
902091,2,"Level 1, 7-9 John St, Lilydale, 3140",<div><strong>Education sector:</strong> Independent</div><div><strong>School type:</strong> Special</div><div><strong>Area:</strong> Outer Eastern Melbourne</div><div><strong>Suburb:</strong> Lilydale</div><div><strong>Distance from Melbourne Connect:</strong> 33.71 km</div>,,,,-37.75716,145.34398,0,Cire Community School | Cire Training,0,,1,0,Independent,Special,Outer Eastern Melbourne,Lilydale,No,33.71
903535,2,"19-33 Belgrave-Gembrook Road, Cockatoo, 3781",<div><strong>Education sector:</strong> Government</div><div><strong>School type:</strong> Primary</div><div><strong>Area:</strong> Outer Eastern Melbourne</div><div><strong>Suburb:</strong> Cockatoo</div><div><strong>Distance from Melbourne Connect:</strong> 49.21 km</div>,,,,-37.939374,145.496384,0,Cockatoo Primary School,0,,1,0,Government,Primary,Outer Eastern Melbourne,Cockatoo,No,49.21
905127,2,"Kelso Street, Coldstream, 3770",<div><strong>Education sector:</strong> Government</div><div><strong>School type:</strong> Primary</div><div><strong>Area:</strong> Outer Eastern Melbourne</div><div><strong>Suburb:</strong> Coldstream</div><div><strong>Distance from Melbourne Connect:</strong> 37.54 km</div>,,,,-37.73255846,145.3827071,0,Coldstream Primary School,0,,1,0,Government,Primary,Outer Eastern Melbourne,Coldstream,No,37.54
907757,2,"61-77 Croydon Road, Croydon, 3136",<div><strong>Education sector:</strong> Government</div><div><strong>School type:</strong> Secondary</div><div><strong>Area:</strong> Outer Eastern Melbourne</div><div><strong>Suburb:</strong> Croydon</div><div><strong>Distance from Melbourne Connect:</strong> 27.88 km</div>,,,,-37.78935,145.281261,0,Croydon Community School,0,,1,0,Government,Secondary,Outer Eastern Melbourne,Croydon,No,27.88
905255,2,"47-75 Campaspe Drive, Croydon Hills, 3136",<div><strong>Education sector:</strong> Government</div><div><strong>School type:</strong> Primary</div><div><strong>Area:</strong> Outer Eastern Melbourne</div><div><strong>Suburb:</strong> Croydon Hills</div><div><strong>Distance from Melbourne Connect:</strong> 27.17 km</div>,,,,-37.776679,145.272045,0,Croydon Hills Primary School,0,,1,0,Government,Primary,Outer Eastern Melbourne,Croydon Hills,No,27.17
902900,2,"1-29 Croydon Road, Croydon, 3136",<div><strong>Education sector:</strong> Government</div><div><strong>School type:</strong> Primary</div><div><strong>Area:</strong> Outer Eastern Melbourne</div><div><strong>Suburb:</strong> Croydon</div><div><strong>Distance from Melbourne Connect:</strong> 27.87 km</div>,,,,-37.793171,145.281321,0,Croydon Primary School,0,,1,0,Government,Primary,Outer Eastern Melbourne,Croydon,No,27.87
905210,2,"71-95 Belmont Road East, Croydon South, 3136",<div><strong>Education sector:</strong> Government</div><div><strong>School type:</strong> Special</div><div><strong>Area:</strong> Outer Eastern Melbourne</div><div><strong>Suburb:</strong> Croydon South</div><div><strong>Distance from Melbourne Connect:</strong> 27.86 km</div>,,,,-37.815627,145.280781,0,Croydon Special Developmental School,0,,1,0,Government,Special,Outer Eastern Melbourne,Croydon South,No,27.86
904908,2,"25 Tormore Road, Boronia, 3155",<div><strong>Education sector:</strong> Government</div><div><strong>School type:</strong> Primary</div><div><strong>Area:</strong> Outer Eastern Melbourne</div><div><strong>Suburb:</strong> Boronia</div><div><strong>Distance from Melbourne Connect:</strong> 28.35 km</div>,,,,-37.858563,145.278481,0,Dillbadin Primary School,0,,1,0,Government,Primary,Outer Eastern Melbourne,Boronia,No,28.35
903956,2,"Old Dalry Road, Don Valley, 3139",<div><strong>Education sector:</strong> Government</div><div><strong>School type:</strong> Primary</div><div><strong>Area:</strong> Outer Eastern Melbourne</div><div><strong>Suburb:</strong> Don Valley</div><div><strong>Distance from Melbourne Connect:</strong> 54.94 km</div>,,,,-37.76019989,145.5874128,0,Don Valley Primary School,0,,1,0,Government,Primary,Outer Eastern Melbourne,Don Valley,No,54.94
905132,2,"1-11 Rescorla Avenue, Croydon, 3136",<div><strong>Education sector:</strong> Government</div><div><strong>School type:</strong> Primary</div><div><strong>Area:</strong> Outer Eastern Melbourne</div><div><strong>Suburb:</strong> Croydon</div><div><strong>Distance from Melbourne Connect:</strong> 28.26 km</div>,,,,-37.810084,145.285748,0,Dorset Primary School,0,,1,0,Government,Primary,Outer Eastern Melbourne,Croydon,No,28.26
905309,2,"56 Dorset Road, Ferntree Gully, 3156",<div><strong>Education sector:</strong> Government</div><div><strong>School type:</strong> Special</div><div><strong>Area:</strong> Outer Eastern Melbourne</div><div><strong>Suburb:</strong> Ferntree Gully</div><div><strong>Distance from Melbourne Connect:</strong> 29.54 km</div>,,,,-37.88042006,145.2849193,0,Eastern Ranges School,0,,1,0,Government,Special,Outer Eastern Melbourne,Ferntree Gully,No,29.54
904702,2,"49a Alexandra Road, Ringwood East, 3135",<div><strong>Education sector:</strong> Government</div><div><strong>School type:</strong> Primary</div><div><strong>Area:</strong> Outer Eastern Melbourne</div><div><strong>Suburb:</strong> Ringwood East</div><div><strong>Distance from Melbourne Connect:</strong> 25.43 km</div>,,,,-37.817239,145.252949,0,Eastwood Primary School,0,,1,0,Government,Primary,Outer Eastern Melbourne,Ringwood East,No,25.43
902104,2,"33-61 Edinburgh Road, Lilydale, 3140",<div><strong>Education sector:</strong> Independent</div><div><strong>School type:</strong> Pri/Sec</div><div><strong>Area:</strong> Outer Eastern Melbourne</div><div><strong>Suburb:</strong> Lilydale</div><div><strong>Distance from Melbourne Connect:</strong> 34.11 km</div>,,,,-37.78489,145.351985,0,Edinburgh College,0,,1,0,Independent,Pri/Sec,Outer Eastern Melbourne,Lilydale,No,34.11
903381,2,"10 Heroes Avenue, Emerald, 3782",<div><strong>Education sector:</strong> Government</div><div><strong>School type:</strong> Primary</div><div><strong>Area:</strong> Outer Eastern Melbourne</div><div><strong>Suburb:</strong> Emerald</div><div><strong>Distance from Melbourne Connect:</strong> 44.51 km</div>,,,,-37.93338297,145.4424276,0,Emerald Primary School,0,,1,0,Government,Primary,Outer Eastern Melbourne,Emerald,No,44.51
908707,2,"425 Belgrave-gembrook Rd, Emerald, 3782",<div><strong>Education sector:</strong> Government</div><div><strong>School type:</strong> Secondary</div><div><strong>Area:</strong> Outer Eastern Melbourne</div><div><strong>Suburb:</strong> Emerald</div><div><strong>Distance from Melbourne Connect:</strong> 45.55 km</div>,,,,-37.92427055,145.4587437,0,Emerald Secondary College,0,,1,0,Government,Secondary,Outer Eastern Melbourne,Emerald,No,45.55
907823,2,"330 Scoresby Road, Knoxfield, 3180",<div><strong>Education sector:</strong> Government</div><div><strong>School type:</strong> Secondary</div><div><strong>Area:</strong> Outer Eastern Melbourne</div><div><strong>Suburb:</strong> Knoxfield</div><div><strong>Distance from Melbourne Connect:</strong> 27.13 km</div>,,,,-37.87321,145.259037,0,Fairhills High School,0,,1,0,Government,Secondary,Outer Eastern Melbourne,Knoxfield,No,27.13
904906,2,"Manuka Drive, Ferntree Gully, 3156",<div><strong>Education sector:</strong> Government</div><div><strong>School type:</strong> Primary</div><div><strong>Area:</strong> Outer Eastern Melbourne</div><div><strong>Suburb:</strong> Ferntree Gully</div><div><strong>Distance from Melbourne Connect:</strong> 27.50 km</div>,,,,-37.8696,145.264799,0,Fairhills Primary School,0,,1,0,Government,Primary,Outer Eastern Melbourne,Ferntree Gully,No,27.50
902223,2,"16 Clevedon Road, The Basin, 3154",<div><strong>Education sector:</strong> Independent</div><div><strong>School type:</strong> Pri/Sec</div><div><strong>Area:</strong> Outer Eastern Melbourne</div><div><strong>Suburb:</strong> The Basin</div><div><strong>Distance from Melbourne Connect:</strong> 32.07 km</div>,,,,-37.860068,145.321478,0,Fernbrook School,0,,1,0,Independent,Pri/Sec,Outer Eastern Melbourne,The Basin,No,32.07
904718,2,"111 Forest Road, Ferntree Gully, 3156",<div><strong>Education sector:</strong> Government</div><div><strong>School type:</strong> Primary</div><div><strong>Area:</strong> Outer Eastern Melbourne</div><div><strong>Suburb:</strong> Ferntree Gully</div><div><strong>Distance from Melbourne Connect:</strong> 30.58 km</div>,,,,-37.874787,145.299422,0,Ferntree Gully North Primary School,0,,1,0,Government,Primary,Outer Eastern Melbourne,Ferntree Gully,No,30.58
903228,2,"School Road, Ferny Creek, 3786",<div><strong>Education sector:</strong> Government</div><div><strong>School type:</strong> Primary</div><div><strong>Area:</strong> Outer Eastern Melbourne</div><div><strong>Suburb:</strong> Ferny Creek</div><div><strong>Distance from Melbourne Connect:</strong> 33.85 km</div>,,,,-37.8842124,145.3347256,0,Ferny Creek Primary School,0,,1,0,Government,Primary,Outer Eastern Melbourne,Ferny Creek,No,33.85
902506,2,"50 Main Street, Gembrook, 3783",<div><strong>Education sector:</strong> Government</div><div><strong>School type:</strong> Primary</div><div><strong>Area:</strong> Outer Eastern Melbourne</div><div><strong>Suburb:</strong> Gembrook</div><div><strong>Distance from Melbourne Connect:</strong> 53.71 km</div>,,,,-37.951638,145.545319,0,Gembrook Primary School,0,,1,0,Government,Primary,Outer Eastern Melbourne,Gembrook,No,53.71
901856,2,"295 Liverpool Road, Kilsyth, 3137",<div><strong>Education sector:</strong> Independent</div><div><strong>School type:</strong> Primary</div><div><strong>Area:</strong> Outer Eastern Melbourne</div><div><strong>Suburb:</strong> Kilsyth</div><div><strong>Distance from Melbourne Connect:</strong> 31.32 km</div>,,,,-37.82913713,145.3189311,0,Ghilgai School,0,,1,0,Independent,Primary,Outer Eastern Melbourne,Kilsyth,No,31.32
905066,2,"48 Gladesville Drive, Kilsyth, 3137",<div><strong>Education sector:</strong> Government</div><div><strong>School type:</strong> Primary</div><div><strong>Area:</strong> Outer Eastern Melbourne</div><div><strong>Suburb:</strong> Kilsyth</div><div><strong>Distance from Melbourne Connect:</strong> 31.53 km</div>,,,,-37.811101,145.3229128,0,Gladesville Primary School,0,,1,0,Government,Primary,Outer Eastern Melbourne,Kilsyth,No,31.53
903982,2,"550 Little Yarra Road, Gladysdale, 3797",<div><strong>Education sector:</strong> Government</div><div><strong>School type:</strong> Primary</div><div><strong>Area:</strong> Outer Eastern Melbourne</div><div><strong>Suburb:</strong> Gladysdale</div><div><strong>Distance from Melbourne Connect:</strong> 60.37 km</div>,,,,-37.82025309,145.6509863,0,Gladysdale Primary School,0,,1,0,Government,Primary,Outer Eastern Melbourne,Gladysdale,No,60.37
901789,2,"53-57 Plymouth Rd, Croydon Hills, 3136",<div><strong>Education sector:</strong> Independent</div><div><strong>School type:</strong> Primary</div><div><strong>Area:</strong> Outer Eastern Melbourne</div><div><strong>Suburb:</strong> Croydon Hills</div><div><strong>Distance from Melbourne Connect:</strong> 26.81 km</div>,,,,-37.782683,145.268615,0,Good Shepherd Lutheran Primary School,0,,1,0,Independent,Primary,Outer Eastern Melbourne,Croydon Hills,No,26.81
905478,2,"51A Great Ryrie Street, Heathmont, 3135",<div><strong>Education sector:</strong> Government</div><div><strong>School type:</strong> Primary</div><div><strong>Area:</strong> Outer Eastern Melbourne</div><div><strong>Suburb:</strong> Heathmont</div><div><strong>Distance from Melbourne Connect:</strong> 24.16 km</div>,,,,-37.823797,145.237626,0,Great Ryrie Primary School,0,,1,0,Government,Primary,Outer Eastern Melbourne,Heathmont,No,24.16
907900,2,"10 Camerons Road, Healesville, 3777",<div><strong>Education sector:</strong> Government</div><div><strong>School type:</strong> Secondary</div><div><strong>Area:</strong> Outer Eastern Melbourne</div><div><strong>Suburb:</strong> Healesville</div><div><strong>Distance from Melbourne Connect:</strong> 52.78 km</div>,,,,-37.643586,145.530807,0,Healesville High School,0,,1,0,Government,Secondary,Outer Eastern Melbourne,Healesville,No,52.78
900849,2,"2 View Street, Healesville, 3777",<div><strong>Education sector:</strong> Government</div><div><strong>School type:</strong> Primary</div><div><strong>Area:</strong> Outer Eastern Melbourne</div><div><strong>Suburb:</strong> Healesville</div><div><strong>Distance from Melbourne Connect:</strong> 51.06 km</div>,,,,-37.65713287,145.5160425,0,Healesville Primary School,0,,1,0,Government,Primary,Outer Eastern Melbourne,Healesville,No,51.06
905345,2,"Buckingham Drive, Rowville, 3178",<div><strong>Education sector:</strong> Government</div><div><strong>School type:</strong> Primary</div><div><strong>Area:</strong> Outer Eastern Melbourne</div><div><strong>Suburb:</strong> Rowville</div><div><strong>Distance from Melbourne Connect:</strong> 28.63 km</div>,,,,-37.933923,145.24288,0,Heany Park Primary School,0,,1,0,Government,Primary,Outer Eastern Melbourne,Rowville,No,28.63
908816,2,"Waters Grove, Heathmont, 3135",<div><strong>Education sector:</strong> Government</div><div><strong>School type:</strong> Secondary</div><div><strong>Area:</strong> Outer Eastern Melbourne</div><div><strong>Suburb:</strong> Heathmont</div><div><strong>Distance from Melbourne Connect:</strong> 23.91 km</div>,,,,-37.83842619,145.2321036,0,Heathmont College,0,,1,0,Government,Secondary,Outer Eastern Melbourne,Heathmont,No,23.91
904819,2,"Louis Street, Heathmont, 3135",<div><strong>Education sector:</strong> Government</div><div><strong>School type:</strong> Primary</div><div><strong>Area:</strong> Outer Eastern Melbourne</div><div><strong>Suburb:</strong> Heathmont</div><div><strong>Distance from Melbourne Connect:</strong> 25.99 km</div>,,,,-37.830346,145.257688,0,Heathmont East Primary School,0,,1,0,Government,Primary,Outer Eastern Melbourne,Heathmont,No,25.99
902071,2,"977-985 Burwood Highway, Ferntree Gully, 3156",<div><strong>Education sector:</strong> Independent</div><div><strong>School type:</strong> Pri/Sec</div><div><strong>Area:</strong> Outer Eastern Melbourne</div><div><strong>Suburb:</strong> Ferntree Gully</div><div><strong>Distance from Melbourne Connect:</strong> 29.91 km</div>,,,,-37.887291,145.286487,0,Heritage College Knox,0,,1,0,Independent,Pri/Sec,Outer Eastern Melbourne,Ferntree Gully,No,29.91
902541,2,"700 Gembrook-Launching Place Road, Hoddles Creek, 3139",<div><strong>Education sector:</strong> Government</div><div><strong>School type:</strong> Primary</div><div><strong>Area:</strong> Outer Eastern Melbourne</div><div><strong>Suburb:</strong> Hoddles Creek</div><div><strong>Distance from Melbourne Connect:</strong> 55.76 km</div>,,,,-37.83173912,145.5977536,0,Hoddles Creek Primary School,0,,1,0,Government,Primary,Outer Eastern Melbourne,Hoddles Creek,No,55.76
901747,2,"120 Oban Road, Ringwood North, 3134",<div><strong>Education sector:</strong> Catholic</div><div><strong>School type:</strong> Primary</div><div><strong>Area:</strong> Outer Eastern Melbourne</div><div><strong>Suburb:</strong> Ringwood North</div><div><strong>Distance from Melbourne Connect:</strong> 23.97 km</div>,,,,-37.793231,145.236917,0,Holy Spirit School,0,,1,0,Catholic,Primary,Outer Eastern Melbourne,Ringwood North,No,23.97
901893,2,"10 Riddell Road, Wantirna South, 3152",<div><strong>Education sector:</strong> Catholic</div><div><strong>School type:</strong> Primary</div><div><strong>Area:</strong> Outer Eastern Melbourne</div><div><strong>Suburb:</strong> Wantirna South</div><div><strong>Distance from Melbourne Connect:</strong> 25.93 km</div>,,,,-37.877468,145.242912,0,Holy Trinity School,0,,1,0,Catholic,Primary,Outer Eastern Melbourne,Wantirna South,No,25.93
905121,2,"39-49 Kalinda Road, Ringwood, 3134",<div><strong>Education sector:</strong> Government</div><div><strong>School type:</strong> Primary</div><div><strong>Area:</strong> Outer Eastern Melbourne</div><div><strong>Suburb:</strong> Ringwood</div><div><strong>Distance from Melbourne Connect:</strong> 25.56 km</div>,,,,-37.7893,145.254827,0,Kalinda Primary School,0,,1,0,Government,Primary,Outer Eastern Melbourne,Ringwood,No,25.56
903993,2,"72 Monbulk Road, Kallista, 3791",<div><strong>Education sector:</strong> Government</div><div><strong>School type:</strong> Primary</div><div><strong>Area:</strong> Outer Eastern Melbourne</div><div><strong>Suburb:</strong> Kallista</div><div><strong>Distance from Melbourne Connect:</strong> 36.86 km</div>,,,,-37.885086,145.370004,0,Kallista Primary School,0,,1,0,Government,Primary,Outer Eastern Melbourne,Kallista,No,36.86
905295,2,"160 Karoo Road, Rowville, 3178",<div><strong>Education sector:</strong> Government</div><div><strong>School type:</strong> Primary</div><div><strong>Area:</strong> Outer Eastern Melbourne</div><div><strong>Suburb:</strong> Rowville</div><div><strong>Distance from Melbourne Connect:</strong> 28.74 km</div>,,,,-37.905324,145.263279,0,Karoo Primary School,0,,1,0,Government,Primary,Outer Eastern Melbourne,Rowville,No,28.74
905082,2,"17 Greenaway Drive, Ferntree Gully, 3156",<div><strong>Education sector:</strong> Government</div><div><strong>School type:</strong> Primary</div><div><strong>Area:</strong> Outer Eastern Melbourne</div><div><strong>Suburb:</strong> Ferntree Gully</div><div><strong>Distance from Melbourne Connect:</strong> 27.80 km</div>,,,,-37.883491,145.262733,0,Kent Park Primary School,0,,1,0,Government,Primary,Outer Eastern Melbourne,Ferntree Gully,No,27.80
903645,2,"555 Mt Dandenong Road, Kilsyth, 3137",<div><strong>Education sector:</strong> Government</div><div><strong>School type:</strong> Primary</div><div><strong>Area:</strong> Outer Eastern Melbourne</div><div><strong>Suburb:</strong> Kilsyth</div><div><strong>Distance from Melbourne Connect:</strong> 30.81 km</div>,,,,-37.80210649,145.3149427,0,Kilsyth Primary School,0,,1,0,Government,Primary,Outer Eastern Melbourne,Kilsyth,No,30.81
905429,2,"39 Darwin Road, Boronia, 3155",<div><strong>Education sector:</strong> Government</div><div><strong>School type:</strong> Primary</div><div><strong>Area:</strong> Outer Eastern Melbourne</div><div><strong>Suburb:</strong> Boronia</div><div><strong>Distance from Melbourne Connect:</strong> 26.42 km</div>,,,,-37.86116,145.254975,0,Knox Central Primary School,0,,1,0,Government,Primary,Outer Eastern Melbourne,Boronia,No,26.42
905234,2,"80 Argyle Way, Wantirna South, 3152",<div><strong>Education sector:</strong> Government</div><div><strong>School type:</strong> Primary</div><div><strong>Area:</strong> Outer Eastern Melbourne</div><div><strong>Suburb:</strong> Wantirna South</div><div><strong>Distance from Melbourne Connect:</strong> 25.02 km</div>,,,,-37.882282,145.229582,0,Knox Gardens Primary School,0,,1,0,Government,Primary,Outer Eastern Melbourne,Wantirna South,No,25.02
904990,2,"117 Kathryn Road, Knoxfield, 3180",<div><strong>Education sector:</strong> Government</div><div><strong>School type:</strong> Primary</div><div><strong>Area:</strong> Outer Eastern Melbourne</div><div><strong>Suburb:</strong> Knoxfield</div><div><strong>Distance from Melbourne Connect:</strong> 26.87 km</div>,,,,-37.883627,145.251402,0,Knox Park Primary School,0,,1,0,Government,Primary,Outer Eastern Melbourne,Knoxfield,No,26.87
902599,2,"Carter Street, Launching Place, 3139",<div><strong>Education sector:</strong> Government</div><div><strong>School type:</strong> Primary</div><div><strong>Area:</strong> Outer Eastern Melbourne</div><div><strong>Suburb:</strong> Launching Place</div><div><strong>Distance from Melbourne Connect:</strong> 53.33 km</div>,,,,-37.78250174,145.5707669,0,Launching Place Primary School,0,,1,0,Government,Primary,Outer Eastern Melbourne,Launching Place,No,53.33
907219,2,"17-19 Nelson Road, Lilydale, 3140",<div><strong>Education sector:</strong> Government</div><div><strong>School type:</strong> Secondary</div><div><strong>Area:</strong> Outer Eastern Melbourne</div><div><strong>Suburb:</strong> Lilydale</div><div><strong>Distance from Melbourne Connect:</strong> 33.69 km</div>,,,,-37.7458221,145.3414068,0,Lilydale Heights College,0,,1,0,Government,Secondary,Outer Eastern Melbourne,Lilydale,No,33.69
907995,2,"25 Melba Avenue, Lilydale, 3140",<div><strong>Education sector:</strong> Government</div><div><strong>School type:</strong> Secondary</div><div><strong>Area:</strong> Outer Eastern Melbourne</div><div><strong>Suburb:</strong> Lilydale</div><div><strong>Distance from Melbourne Connect:</strong> 33.65 km</div>,,,,-37.760697,145.343917,0,Lilydale High School,0,,1,0,Government,Secondary,Outer Eastern Melbourne,Lilydale,No,33.65
900876,2,"63 - 65 Castella Street, Lilydale, 3140",<div><strong>Education sector:</strong> Government</div><div><strong>School type:</strong> Primary</div><div><strong>Area:</strong> Outer Eastern Melbourne</div><div><strong>Suburb:</strong> Lilydale</div><div><strong>Distance from Melbourne Connect:</strong> 34.64 km</div>,,,,-37.75367357,145.3540681,0,Lilydale Primary School,0,,1,0,Government,Primary,Outer Eastern Melbourne,Lilydale,No,34.64
901914,2,"205 Little Yarra Road, Yarra Junction, 3797",<div><strong>Education sector:</strong> Independent</div><div><strong>School type:</strong> Pri/Sec</div><div><strong>Area:</strong> Outer Eastern Melbourne</div><div><strong>Suburb:</strong> Yarra Junction</div><div><strong>Distance from Melbourne Connect:</strong> 58.60 km</div>,,,,-37.79444291,145.631163,0,Little Yarra Steiner School,0,,1,0,Independent,Pri/Sec,Outer Eastern Melbourne,Yarra Junction,No,58.60
901633,2,"Plymouth Rd, Croydon Hills, 3136",<div><strong>Education sector:</strong> Independent</div><div><strong>School type:</strong> Secondary</div><div><strong>Area:</strong> Outer Eastern Melbourne</div><div><strong>Suburb:</strong> Croydon Hills</div><div><strong>Distance from Melbourne Connect:</strong> 27.18 km</div>,,,,-37.782963,145.272909,0,Luther College,0,,1,0,Independent,Secondary,Outer Eastern Melbourne,Croydon Hills,No,27.18
902234,2,"5/12 Kelso Street, Coldstream, 3770",<div><strong>Education sector:</strong> Independent</div><div><strong>School type:</strong> Special</div><div><strong>Area:</strong> Outer Eastern Melbourne</div><div><strong>Suburb:</strong> Coldstream</div><div><strong>Distance from Melbourne Connect:</strong> 37.49 km</div>,,,,-37.733037,145.382269,0,Lyrebird College,0,,1,0,Independent,Special,Outer Eastern Melbourne,Coldstream,No,37.49
901866,2,"68 - 78 Bellfield Drive, Lysterfield, 3156",<div><strong>Education sector:</strong> Government</div><div><strong>School type:</strong> Primary</div><div><strong>Area:</strong> Outer Eastern Melbourne</div><div><strong>Suburb:</strong> Lysterfield</div><div><strong>Distance from Melbourne Connect:</strong> 30.06 km</div>,,,,-37.911598,145.276229,0,Lysterfield Primary School,0,,1,0,Government,Primary,Outer Eastern Melbourne,Lysterfield,No,30.06
903620,2,"405 Macclesfield Road, Macclesfield, 3782",<div><strong>Education sector:</strong> Government</div><div><strong>School type:</strong> Primary</div><div><strong>Area:</strong> Outer Eastern Melbourne</div><div><strong>Suburb:</strong> Macclesfield</div><div><strong>Distance from Melbourne Connect:</strong> 45.97 km</div>,,,,-37.88979216,145.4753695,0,Macclesfield Primary School,0,,1,0,Government,Primary,Outer Eastern Melbourne,Macclesfield,No,45.97
905009,2,"Monomeith Street, Mooroolbark, 3138",<div><strong>Education sector:</strong> Government</div><div><strong>School type:</strong> Primary</div><div><strong>Area:</strong> Outer Eastern Melbourne</div><div><strong>Suburb:</strong> Mooroolbark</div><div><strong>Distance from Melbourne Connect:</strong> 30.50 km</div>,,,,-37.772127,145.309555,0,Manchester Primary School,0,,1,0,Government,Primary,Outer Eastern Melbourne,Mooroolbark,No,30.50
905045,2,"Hardy Crescent, Heathmont, 3135",<div><strong>Education sector:</strong> Government</div><div><strong>School type:</strong> Primary</div><div><strong>Area:</strong> Outer Eastern Melbourne</div><div><strong>Suburb:</strong> Heathmont</div><div><strong>Distance from Melbourne Connect:</strong> 23.94 km</div>,,,,-37.836412,145.232942,0,Marlborough Primary School,0,,1,0,Government,Primary,Outer Eastern Melbourne,Heathmont,No,23.94
901644,2,"28 Bayview Road, Belgrave, 3160",<div><strong>Education sector:</strong> Catholic</div><div><strong>School type:</strong> Secondary</div><div><strong>Area:</strong> Outer Eastern Melbourne</div><div><strong>Suburb:</strong> Belgrave</div><div><strong>Distance from Melbourne Connect:</strong> 36.76 km</div>,,,,-37.9106377,145.3588871,0,Mater Christi College,0,,1,0,Catholic,Secondary,Outer Eastern Melbourne,Belgrave,No,36.76
908912,2,"20 Brentnall Road, Croydon, 3136",<div><strong>Education sector:</strong> Government</div><div><strong>School type:</strong> Secondary</div><div><strong>Area:</strong> Outer Eastern Melbourne</div><div><strong>Suburb:</strong> Croydon</div><div><strong>Distance from Melbourne Connect:</strong> 26.16 km</div>,,,,-37.795523,145.262016,0,Melba Secondary College,0,,1,0,Government,Secondary,Outer Eastern Melbourne,Croydon,No,26.16
901706,2,"213 Wonga Road, Warranwood, 3134",<div><strong>Education sector:</strong> Independent</div><div><strong>School type:</strong> Pri/Sec</div><div><strong>Area:</strong> Outer Eastern Melbourne</div><div><strong>Suburb:</strong> Warranwood</div><div><strong>Distance from Melbourne Connect:</strong> 25.13 km</div>,,,,-37.777221,145.248811,0,Melbourne Rudolf Steiner School,0,,1,0,Independent,Pri/Sec,Outer Eastern Melbourne,Warranwood,No,25.13
902457,2,"12 School Road, Menzies Creek, 3159",<div><strong>Education sector:</strong> Government</div><div><strong>School type:</strong> Primary</div><div><strong>Area:</strong> Outer Eastern Melbourne</div><div><strong>Suburb:</strong> Menzies Creek</div><div><strong>Distance from Melbourne Connect:</strong> 39.94 km</div>,,,,-37.917349,145.394271,0,Menzies Creek Primary School,0,,1,0,Government,Primary,Outer Eastern Melbourne,Menzies Creek,No,39.94
905441,2,"Cavanagh Road, Millgrove, 3799",<div><strong>Education sector:</strong> Government</div><div><strong>School type:</strong> Primary</div><div><strong>Area:</strong> Outer Eastern Melbourne</div><div><strong>Suburb:</strong> Millgrove</div><div><strong>Distance from Melbourne Connect:</strong> 60.66 km</div>,,,,-37.75278559,145.6518558,0,Millwarra Primary School,0,,1,0,Government,Primary,Outer Eastern Melbourne,Millgrove,No,60.66
908065,2,"146-148 David Hill Road, Monbulk, 3793",<div><strong>Education sector:</strong> Government</div><div><strong>School type:</strong> Secondary</div><div><strong>Area:</strong> Outer Eastern Melbourne</div><div><strong>Suburb:</strong> Monbulk</div><div><strong>Distance from Melbourne Connect:</strong> 41.74 km</div>,,,,-37.88317535,145.4278068,0,Monbulk College,0,,1,0,Government,Secondary,Outer Eastern Melbourne,Monbulk,No,41.74
903265,2,"1 Main Road, Monbulk, 3793",<div><strong>Education sector:</strong> Government</div><div><strong>School type:</strong> Primary</div><div><strong>Area:</strong> Outer Eastern Melbourne</div><div><strong>Suburb:</strong> Monbulk</div><div><strong>Distance from Melbourne Connect:</strong> 40.08 km</div>,,,,-37.87685153,145.4102612,0,Monbulk Primary School,0,,1,0,Government,Primary,Outer Eastern Melbourne,Monbulk,No,40.08
902259,2,"17-21 Leith Road, Montrose, 3765",<div><strong>Education sector:</strong> Government</div><div><strong>School type:</strong> Primary</div><div><strong>Area:</strong> Outer Eastern Melbourne</div><div><strong>Suburb:</strong> Montrose</div><div><strong>Distance from Melbourne Connect:</strong> 33.34 km</div>,,,,-37.808098,145.343691,0,Montrose Primary School,0,,1,0,Government,Primary,Outer Eastern Melbourne,Montrose,No,33.34
908071,2,"186 Manchester Road, Mooroolbark, 3138",<div><strong>Education sector:</strong> Government</div><div><strong>School type:</strong> Secondary</div><div><strong>Area:</strong> Outer Eastern Melbourne</div><div><strong>Suburb:</strong> Mooroolbark</div><div><strong>Distance from Melbourne Connect:</strong> 30.88 km</div>,,,,-37.77508326,145.3142304,0,Mooroolbark College,0,,1,0,Government,Secondary,Outer Eastern Melbourne,Mooroolbark,No,30.88
905059,2,"106-112 Taylor Road, Mooroolbark, 3138",<div><strong>Education sector:</strong> Government</div><div><strong>School type:</strong> Primary</div><div><strong>Area:</strong> Outer Eastern Melbourne</div><div><strong>Suburb:</strong> Mooroolbark</div><div><strong>Distance from Melbourne Connect:</strong> 32.67 km</div>,,,,-37.78680042,145.335705,0,Mooroolbark East Primary School,0,,1,0,Government,Primary,Outer Eastern Melbourne,Mooroolbark,No,32.67
901930,2,"4 Birchwood Drive, Mooroolbark, 3138",<div><strong>Education sector:</strong> Independent</div><div><strong>School type:</strong> Pri/Sec</div><div><strong>Area:</strong> Outer Eastern Melbourne</div><div><strong>Suburb:</strong> Mooroolbark</div><div><strong>Distance from Melbourne Connect:</strong> 31.95 km</div>,,,,-37.76461019,145.3250651,0,Mooroolbark Grammar,0,,1,0,Independent,Pri/Sec,Outer Eastern Melbourne,Mooroolbark,No,31.95
903284,2,"13 - 15 Farndons Road, Mount Dandenong, 3767",<div><strong>Education sector:</strong> Government</div><div><strong>School type:</strong> Primary</div><div><strong>Area:</strong> Outer Eastern Melbourne</div><div><strong>Suburb:</strong> Mount Dandenong</div><div><strong>Distance from Melbourne Connect:</strong> 35.12 km</div>,,,,-37.83074276,145.362166,0,Mount Dandenong Primary School,0,,1,0,Government,Primary,Outer Eastern Melbourne,Mount Dandenong,No,35.12
901701,2,"135 York Road, Mount Evelyn, 3796",<div><strong>Education sector:</strong> Independent</div><div><strong>School type:</strong> Pri/Sec</div><div><strong>Area:</strong> Outer Eastern Melbourne</div><div><strong>Suburb:</strong> Mount Evelyn</div><div><strong>Distance from Melbourne Connect:</strong> 35.39 km</div>,,,,-37.79883442,145.3670969,0,Mount Evelyn Christian School/Ranges TEC,0,,1,0,Independent,Pri/Sec,Outer Eastern Melbourne,Mount Evelyn,No,35.39
903642,2,"33 Monbulk Road, Mount Evelyn, 3796",<div><strong>Education sector:</strong> Government</div><div><strong>School type:</strong> Primary</div><div><strong>Area:</strong> Outer Eastern Melbourne</div><div><strong>Suburb:</strong> Mount Evelyn</div><div><strong>Distance from Melbourne Connect:</strong> 37.32 km</div>,,,,-37.79092979,145.3888224,0,Mount Evelyn Primary School,0,,1,0,Government,Primary,Outer Eastern Melbourne,Mount Evelyn,No,37.32
900474,2,"120 Anderson Street, Lilydale, 3140",<div><strong>Education sector:</strong> Catholic</div><div><strong>School type:</strong> Secondary</div><div><strong>Area:</strong> Outer Eastern Melbourne</div><div><strong>Suburb:</strong> Lilydale</div><div><strong>Distance from Melbourne Connect:</strong> 35.01 km</div>,,,,-37.75075881,145.3577545,0,Mount Lilydale Mercy College,0,,1,0,Catholic,Secondary,Outer Eastern Melbourne,Lilydale,No,35.01
904905,2,"Adele Avenue, Ferntree Gully, 3156",<div><strong>Education sector:</strong> Government</div><div><strong>School type:</strong> Primary</div><div><strong>Area:</strong> Outer Eastern Melbourne</div><div><strong>Suburb:</strong> Ferntree Gully</div><div><strong>Distance from Melbourne Connect:</strong> 28.46 km</div>,,,,-37.885691,145.269706,0,Mountain Gate Primary School,0,,1,0,Government,Primary,Outer Eastern Melbourne,Ferntree Gully,No,28.46
904886,2,"18 Panfield Avenue, Ringwood, 3134",<div><strong>Education sector:</strong> Government</div><div><strong>School type:</strong> Primary</div><div><strong>Area:</strong> Outer Eastern Melbourne</div><div><strong>Suburb:</strong> Ringwood</div><div><strong>Distance from Melbourne Connect:</strong> 24.18 km</div>,,,,-37.797737,145.239443,0,Mullum Primary School,0,,1,0,Government,Primary,Outer Eastern Melbourne,Ringwood,No,24.18
908185,2,"9 Byron Street, Ringwood, 3134",<div><strong>Education sector:</strong> Government</div><div><strong>School type:</strong> Secondary</div><div><strong>Area:</strong> Outer Eastern Melbourne</div><div><strong>Suburb:</strong> Ringwood</div><div><strong>Distance from Melbourne Connect:</strong> 24.01 km</div>,,,,-37.799752,145.237605,0,Norwood Secondary College,0,,1,0,Government,Secondary,Outer Eastern Melbourne,Ringwood,No,24.01
903494,2,"45 Charlemont Lane, Olinda, 3788",<div><strong>Education sector:</strong> Government</div><div><strong>School type:</strong> Primary</div><div><strong>Area:</strong> Outer Eastern Melbourne</div><div><strong>Suburb:</strong> Olinda</div><div><strong>Distance from Melbourne Connect:</strong> 35.82 km</div>,,,,-37.85469614,145.3661919,0,Olinda Primary School,0,,1,0,Government,Primary,Outer Eastern Melbourne,Olinda,No,35.82
901645,2,"23 Orange Grove, Bayswater, 3153",<div><strong>Education sector:</strong> Catholic</div><div><strong>School type:</strong> Primary</div><div><strong>Area:</strong> Outer Eastern Melbourne</div><div><strong>Suburb:</strong> Bayswater</div><div><strong>Distance from Melbourne Connect:</strong> 27.03 km</div>,,,,-37.848985,145.265765,0,Our Lady of Lourdes School,0,,1,0,Catholic,Primary,Outer Eastern Melbourne,Bayswater,No,27.03
901342,2,"2 Wilana Street, Ringwood, 3134",<div><strong>Education sector:</strong> Catholic</div><div><strong>School type:</strong> Primary</div><div><strong>Area:</strong> Outer Eastern Melbourne</div><div><strong>Suburb:</strong> Ringwood</div><div><strong>Distance from Melbourne Connect:</strong> 23.60 km</div>,,,,-37.816423,145.232182,0,Our Lady of Perpetual Help School,0,,1,0,Catholic,Primary,Outer Eastern Melbourne,Ringwood,No,23.60
901792,2,"15 - 49 Old Melbourne Rd, Chirnside Park, 3116",<div><strong>Education sector:</strong> Independent</div><div><strong>School type:</strong> Pri/Sec</div><div><strong>Area:</strong> Outer Eastern Melbourne</div><div><strong>Suburb:</strong> Chirnside Park</div><div><strong>Distance from Melbourne Connect:</strong> 30.23 km</div>,,,,-37.763573,145.30513,0,Oxley Christian College,0,,1,0,Independent,Pri/Sec,Outer Eastern Melbourne,Chirnside Park,No,30.23
905281,2,"Wentworth Avenue, Rowville, 3178",<div><strong>Education sector:</strong> Government</div><div><strong>School type:</strong> Primary</div><div><strong>Area:</strong> Outer Eastern Melbourne</div><div><strong>Suburb:</strong> Rowville</div><div><strong>Distance from Melbourne Connect:</strong> 29.30 km</div>,,,,-37.918414,145.262461,0,Park Ridge Primary School,0,,1,0,Government,Primary,Outer Eastern Melbourne,Rowville,No,29.30
904937,2,"25 Pembroke Road, Mooroolbark, 3138",<div><strong>Education sector:</strong> Government</div><div><strong>School type:</strong> Primary</div><div><strong>Area:</strong> Outer Eastern Melbourne</div><div><strong>Suburb:</strong> Mooroolbark</div><div><strong>Distance from Melbourne Connect:</strong> 31.89 km</div>,,,,-37.796796,145.327244,0,Pembroke Primary School,0,,1,0,Government,Primary,Outer Eastern Melbourne,Mooroolbark,No,31.89
905131,2,"50 Amesbury Avenue, Wantirna, 3152",<div><strong>Education sector:</strong> Government</div><div><strong>School type:</strong> Primary</div><div><strong>Area:</strong> Outer Eastern Melbourne</div><div><strong>Suburb:</strong> Wantirna</div><div><strong>Distance from Melbourne Connect:</strong> 24.64 km</div>,,,,-37.854873,145.236165,0,Regency Park Primary School,0,,1,0,Government,Primary,Outer Eastern Melbourne,Wantirna,No,24.64
904911,2,"60 Summit Crescent, Ringwood North, 3134",<div><strong>Education sector:</strong> Government</div><div><strong>School type:</strong> Primary</div><div><strong>Area:</strong> Outer Eastern Melbourne</div><div><strong>Suburb:</strong> Ringwood North</div><div><strong>Distance from Melbourne Connect:</strong> 22.23 km</div>,,,,-37.804226,145.217212,0,Ringwood Heights Primary School,0,,1,0,Government,Primary,Outer Eastern Melbourne,Ringwood North,No,22.23
904120,2,"172 Oban Road, Ringwood North, 3134",<div><strong>Education sector:</strong> Government</div><div><strong>School type:</strong> Primary</div><div><strong>Area:</strong> Outer Eastern Melbourne</div><div><strong>Suburb:</strong> Ringwood North</div><div><strong>Distance from Melbourne Connect:</strong> 23.42 km</div>,,,,-37.79313,145.230739,0,Ringwood North Primary School,0,,1,0,Government,Primary,Outer Eastern Melbourne,Ringwood North,No,23.42
908270,2,"Bedford Road, Ringwood, 3134",<div><strong>Education sector:</strong> Government</div><div><strong>School type:</strong> Secondary</div><div><strong>Area:</strong> Outer Eastern Melbourne</div><div><strong>Suburb:</strong> Ringwood</div><div><strong>Distance from Melbourne Connect:</strong> 24.22 km</div>,,,,-37.816606,145.239147,0,Ringwood Secondary College,0,,1,0,Government,Secondary,Outer Eastern Melbourne,Ringwood,No,24.22
905241,2,"52 Landscape Drive, Mooroolbark, 3138",<div><strong>Education sector:</strong> Government</div><div><strong>School type:</strong> Primary</div><div><strong>Area:</strong> Outer Eastern Melbourne</div><div><strong>Suburb:</strong> Mooroolbark</div><div><strong>Distance from Melbourne Connect:</strong> 32.08 km</div>,,,,-37.766514,145.32684,0,Rolling Hills Primary School,0,,1,0,Government,Primary,Outer Eastern Melbourne,Mooroolbark,No,32.08
905000,2,"11 Paratea Drive, Rowville, 3178",<div><strong>Education sector:</strong> Government</div><div><strong>School type:</strong> Primary</div><div><strong>Area:</strong> Outer Eastern Melbourne</div><div><strong>Suburb:</strong> Rowville</div><div><strong>Distance from Melbourne Connect:</strong> 27.57 km</div>,,,,-37.922924,145.237108,0,Rowville Primary School,0,,1,0,Government,Primary,Outer Eastern Melbourne,Rowville,No,27.57
908734,2,"17 Paratea Drive, Rowville, 3178",<div><strong>Education sector:</strong> Government</div><div><strong>School type:</strong> Secondary</div><div><strong>Area:</strong> Outer Eastern Melbourne</div><div><strong>Suburb:</strong> Rowville</div><div><strong>Distance from Melbourne Connect:</strong> 27.62 km</div>,,,,-37.92388682,145.2370885,0,Rowville Secondary College,0,,1,0,Government,Secondary,Outer Eastern Melbourne,Rowville,No,27.62
904916,2,"18 - 20 Ruskin Ave, Croydon, 3136",<div><strong>Education sector:</strong> Government</div><div><strong>School type:</strong> Primary</div><div><strong>Area:</strong> Outer Eastern Melbourne</div><div><strong>Suburb:</strong> Croydon</div><div><strong>Distance from Melbourne Connect:</strong> 29.16 km</div>,,,,-37.798944,145.29616,0,Ruskin Park Primary School,0,,1,0,Government,Primary,Outer Eastern Melbourne,Croydon,No,29.16
901509,2,"50 Monastery Drive, Croydon, 3136",<div><strong>Education sector:</strong> Catholic</div><div><strong>School type:</strong> Primary</div><div><strong>Area:</strong> Outer Eastern Melbourne</div><div><strong>Suburb:</strong> Croydon</div><div><strong>Distance from Melbourne Connect:</strong> 27.11 km</div>,,,,-37.79749,145.272793,0,Sacred Heart School,0,,1,0,Catholic,Primary,Outer Eastern Melbourne,Croydon,No,27.11
903222,2,"399 Mt Dandenong Tourist Road, Sassafras, 3787",<div><strong>Education sector:</strong> Government</div><div><strong>School type:</strong> Primary</div><div><strong>Area:</strong> Outer Eastern Melbourne</div><div><strong>Suburb:</strong> Sassafras</div><div><strong>Distance from Melbourne Connect:</strong> 34.95 km</div>,,,,-37.861625,145.354552,0,Sassafras Primary School,0,,1,0,Government,Primary,Outer Eastern Melbourne,Sassafras,No,34.95
901028,2,"11 Ingrid Street, Scoresby, 3179",<div><strong>Education sector:</strong> Government</div><div><strong>School type:</strong> Primary</div><div><strong>Area:</strong> Outer Eastern Melbourne</div><div><strong>Suburb:</strong> Scoresby</div><div><strong>Distance from Melbourne Connect:</strong> 25.36 km</div>,,,,-37.89395,145.227501,0,Scoresby Primary School,0,,1,0,Government,Primary,Outer Eastern Melbourne,Scoresby,No,25.36
908307,2,"Cavell Street, Scoresby, 3179",<div><strong>Education sector:</strong> Government</div><div><strong>School type:</strong> Secondary</div><div><strong>Area:</strong> Outer Eastern Melbourne</div><div><strong>Suburb:</strong> Scoresby</div><div><strong>Distance from Melbourne Connect:</strong> 25.83 km</div>,,,,-37.888642,145.2362,0,Scoresby Secondary College,0,,1,0,Government,Secondary,Outer Eastern Melbourne,Scoresby,No,25.83
904685,2,"2 Morley Street, Selby, 3159",<div><strong>Education sector:</strong> Government</div><div><strong>School type:</strong> Primary</div><div><strong>Area:</strong> Outer Eastern Melbourne</div><div><strong>Suburb:</strong> Selby</div><div><strong>Distance from Melbourne Connect:</strong> 37.50 km</div>,,,,-37.911431,145.367517,0,Selby Primary School,0,,1,0,Government,Primary,Outer Eastern Melbourne,Selby,No,37.50
902820,2,"639 Warburton Highway, Seville, 3139",<div><strong>Education sector:</strong> Government</div><div><strong>School type:</strong> Primary</div><div><strong>Area:</strong> Outer Eastern Melbourne</div><div><strong>Suburb:</strong> Seville</div><div><strong>Distance from Melbourne Connect:</strong> 44.04 km</div>,,,,-37.77389139,145.4644066,0,Seville Primary School,0,,1,0,Government,Primary,Outer Eastern Melbourne,Seville,No,44.04
906252,2,"311 Mt Dandenong Tourist Road, Sassafras, 3787",<div><strong>Education sector:</strong> Government</div><div><strong>School type:</strong> Pri/Sec</div><div><strong>Area:</strong> Outer Eastern Melbourne</div><div><strong>Suburb:</strong> Sassafras</div><div><strong>Distance from Melbourne Connect:</strong> 34.66 km</div>,,,,-37.868244,145.349444,0,Sherbrooke Community School,0,,1,0,Government,Pri/Sec,Outer Eastern Melbourne,Sassafras,No,34.66
901801,2,"269 Monbulk Road, Silvan, 3795",<div><strong>Education sector:</strong> Government</div><div><strong>School type:</strong> Primary</div><div><strong>Area:</strong> Outer Eastern Melbourne</div><div><strong>Suburb:</strong> Silvan</div><div><strong>Distance from Melbourne Connect:</strong> 40.24 km</div>,,,,-37.824597,145.42132,0,Silvan Primary School,0,,1,0,Government,Primary,Outer Eastern Melbourne,Silvan,No,40.24
901871,2,"130 Tyner Road, Wantirna South, 3152",<div><strong>Education sector:</strong> Independent</div><div><strong>School type:</strong> Pri/Sec</div><div><strong>Area:</strong> Outer Eastern Melbourne</div><div><strong>Suburb:</strong> Wantirna South</div><div><strong>Distance from Melbourne Connect:</strong> 25.95 km</div>,,,,-37.873866,145.244636,0,St Andrews Christian College,0,,1,0,Independent,Pri/Sec,Outer Eastern Melbourne,Wantirna South,No,25.95
901857,2,"1264 Mountain Highway, The Basin, 3154",<div><strong>Education sector:</strong> Catholic</div><div><strong>School type:</strong> Primary</div><div><strong>Area:</strong> Outer Eastern Melbourne</div><div><strong>Suburb:</strong> The Basin</div><div><strong>Distance from Melbourne Connect:</strong> 31.02 km</div>,,,,-37.853904,145.310841,0,St Bernadette's Catholic Primary School,0,,1,0,Catholic,Primary,Outer Eastern Melbourne,The Basin,No,31.02
901013,2,"1 High Street, Healesville, 3777",<div><strong>Education sector:</strong> Catholic</div><div><strong>School type:</strong> Primary</div><div><strong>Area:</strong> Outer Eastern Melbourne</div><div><strong>Suburb:</strong> Healesville</div><div><strong>Distance from Melbourne Connect:</strong> 50.99 km</div>,,,,-37.65867854,145.5157966,0,St Brigid's School,0,,1,0,Catholic,Primary,Outer Eastern Melbourne,Healesville,No,50.99
901406,2,"17 Forest Road, Ferntree Gully, 3156",<div><strong>Education sector:</strong> Catholic</div><div><strong>School type:</strong> Primary</div><div><strong>Area:</strong> Outer Eastern Melbourne</div><div><strong>Suburb:</strong> Ferntree Gully</div><div><strong>Distance from Melbourne Connect:</strong> 30.63 km</div>,,,,-37.887382,145.295174,0,St John the Baptist School,0,,1,0,Catholic,Primary,Outer Eastern Melbourne,Ferntree Gully,No,30.63
901646,2,"5 Brenock Park Drive, Ferntree Gully, 3156",<div><strong>Education sector:</strong> Catholic</div><div><strong>School type:</strong> Secondary</div><div><strong>Area:</strong> Outer Eastern Melbourne</div><div><strong>Suburb:</strong> Ferntree Gully</div><div><strong>Distance from Melbourne Connect:</strong> 30.74 km</div>,,,,-37.89049,145.295093,0,St Joseph's College,0,,1,0,Catholic,Secondary,Outer Eastern Melbourne,Ferntree Gully,No,30.74
901641,2,"212 Boronia Road, Boronia, 3155",<div><strong>Education sector:</strong> Catholic</div><div><strong>School type:</strong> Primary</div><div><strong>Area:</strong> Outer Eastern Melbourne</div><div><strong>Suburb:</strong> Boronia</div><div><strong>Distance from Melbourne Connect:</strong> 28.15 km</div>,,,,-37.862707,145.274814,0,St Joseph's Primary School,0,,1,0,Catholic,Primary,Outer Eastern Melbourne,Boronia,No,28.15
901579,2,"40 Milners Road, Yarra Junction, 3797",<div><strong>Education sector:</strong> Catholic</div><div><strong>School type:</strong> Primary</div><div><strong>Area:</strong> Outer Eastern Melbourne</div><div><strong>Suburb:</strong> Yarra Junction</div><div><strong>Distance from Melbourne Connect:</strong> 57.34 km</div>,,,,-37.792172,145.616814,0,St Joseph's School,0,,1,0,Catholic,Primary,Outer Eastern Melbourne,Yarra Junction,No,57.34
901697,2,"53 George Street, Scoresby, 3179",<div><strong>Education sector:</strong> Catholic</div><div><strong>School type:</strong> Primary</div><div><strong>Area:</strong> Outer Eastern Melbourne</div><div><strong>Suburb:</strong> Scoresby</div><div><strong>Distance from Melbourne Connect:</strong> 25.05 km</div>,,,,-37.889844,145.225957,0,St Jude the Apostle School,0,,1,0,Catholic,Primary,Outer Eastern Melbourne,Scoresby,No,25.05
901782,2,"25 Stokes Road, Wantirna, 3152",<div><strong>Education sector:</strong> Catholic</div><div><strong>School type:</strong> Primary</div><div><strong>Area:</strong> Outer Eastern Melbourne</div><div><strong>Suburb:</strong> Wantirna</div><div><strong>Distance from Melbourne Connect:</strong> 24.51 km</div>,,,,-37.853378,145.235066,0,St Luke's School,0,,1,0,Catholic,Primary,Outer Eastern Melbourne,Wantirna,No,24.51
901669,2,"10A Riddell Road, Wantirna South, 3152",<div><strong>Education sector:</strong> Catholic</div><div><strong>School type:</strong> Special</div><div><strong>Area:</strong> Outer Eastern Melbourne</div><div><strong>Suburb:</strong> Wantirna South</div><div><strong>Distance from Melbourne Connect:</strong> 25.94 km</div>,,,,-37.877901,145.242789,0,St Mary's College for the Deaf,0,,1,0,Catholic,Special,Outer Eastern Melbourne,Wantirna South,No,25.94
901804,2,"58 Clegg Road, Mount Evelyn, 3796",<div><strong>Education sector:</strong> Catholic</div><div><strong>School type:</strong> Primary</div><div><strong>Area:</strong> Outer Eastern Melbourne</div><div><strong>Suburb:</strong> Mount Evelyn</div><div><strong>Distance from Melbourne Connect:</strong> 37.93 km</div>,,,,-37.790516,145.395858,0,St Mary's School,0,,1,0,Catholic,Primary,Outer Eastern Melbourne,Mount Evelyn,No,37.93
900567,2,"40 Jones Street, Lilydale, 3140",<div><strong>Education sector:</strong> Catholic</div><div><strong>School type:</strong> Primary</div><div><strong>Area:</strong> Outer Eastern Melbourne</div><div><strong>Suburb:</strong> Lilydale</div><div><strong>Distance from Melbourne Connect:</strong> 34.53 km</div>,,,,-37.75273475,145.3526145,0,St Patrick's School,0,,1,0,Catholic,Primary,Outer Eastern Melbourne,Lilydale,No,34.53
901879,2,"59 Moores Road, Monbulk, 3793",<div><strong>Education sector:</strong> Catholic</div><div><strong>School type:</strong> Primary</div><div><strong>Area:</strong> Outer Eastern Melbourne</div><div><strong>Suburb:</strong> Monbulk</div><div><strong>Distance from Melbourne Connect:</strong> 40.04 km</div>,,,,-37.867995,145.412057,0,St Paul's School,0,,1,0,Catholic,Primary,Outer Eastern Melbourne,Monbulk,No,40.04
901655,2,"Reay Road, Mooroolbark, 3138",<div><strong>Education sector:</strong> Catholic</div><div><strong>School type:</strong> Primary</div><div><strong>Area:</strong> Outer Eastern Melbourne</div><div><strong>Suburb:</strong> Mooroolbark</div><div><strong>Distance from Melbourne Connect:</strong> 31.07 km</div>,,,,-37.7879128,145.3175154,0,St Peter Julian Eymard,0,,1,0,Catholic,Primary,Outer Eastern Melbourne,Mooroolbark,No,31.07
901891,2,"672 Mount Dandenong Road, Kilsyth, 3137",<div><strong>Education sector:</strong> Catholic</div><div><strong>School type:</strong> Primary</div><div><strong>Area:</strong> Outer Eastern Melbourne</div><div><strong>Suburb:</strong> Kilsyth</div><div><strong>Distance from Melbourne Connect:</strong> 31.41 km</div>,,,,-37.80656384,145.3217417,0,St Richard's Primary School,0,,1,0,Catholic,Primary,Outer Eastern Melbourne,Kilsyth,No,31.41
901830,2,"2 Taylors Lane, Rowville, 3178",<div><strong>Education sector:</strong> Catholic</div><div><strong>School type:</strong> Primary</div><div><strong>Area:</strong> Outer Eastern Melbourne</div><div><strong>Suburb:</strong> Rowville</div><div><strong>Distance from Melbourne Connect:</strong> 28.35 km</div>,,,,-37.925677,145.245327,0,St Simon's School,0,,1,0,Catholic,Primary,Outer Eastern Melbourne,Rowville,No,28.35
901618,2,"Reynold's Lane, Belgrave, 3160",<div><strong>Education sector:</strong> Catholic</div><div><strong>School type:</strong> Primary</div><div><strong>Area:</strong> Outer Eastern Melbourne</div><div><strong>Suburb:</strong> Belgrave</div><div><strong>Distance from Melbourne Connect:</strong> 36.16 km</div>,,,,-37.90841476,145.3526801,0,St Thomas More's School,0,,1,0,Catholic,Primary,Outer Eastern Melbourne,Belgrave,No,36.16
903356,2,"1536 Burwood Highway, Tecoma, 3160",<div><strong>Education sector:</strong> Government</div><div><strong>School type:</strong> Primary</div><div><strong>Area:</strong> Outer Eastern Melbourne</div><div><strong>Suburb:</strong> Tecoma</div><div><strong>Distance from Melbourne Connect:</strong> 35.47 km</div>,,,,-37.90695837,145.3449218,0,Tecoma Primary School,0,,1,0,Government,Primary,Outer Eastern Melbourne,Tecoma,No,35.47
905196,2,"Crestdale Road, Wantirna, 3152",<div><strong>Education sector:</strong> Government</div><div><strong>School type:</strong> Primary</div><div><strong>Area:</strong> Outer Eastern Melbourne</div><div><strong>Suburb:</strong> Wantirna</div><div><strong>Distance from Melbourne Connect:</strong> 24.49 km</div>,,,,-37.860941,145.232288,0,Templeton Primary School,0,,1,0,Government,Primary,Outer Eastern Melbourne,Wantirna,No,24.49
902329,2,"Cnr Liverpool Road & Mountain Highway, The Basin, 3154",<div><strong>Education sector:</strong> Government</div><div><strong>School type:</strong> Primary</div><div><strong>Area:</strong> Outer Eastern Melbourne</div><div><strong>Suburb:</strong> The Basin</div><div><strong>Distance from Melbourne Connect:</strong> 30.72 km</div>,,,,-37.84951,145.308425,0,The Basin Primary School,0,,1,0,Government,Primary,Outer Eastern Melbourne,The Basin,No,30.72
901841,2,"220 Burwood Highway, Wantirna South, 3152",<div><strong>Education sector:</strong> Independent</div><div><strong>School type:</strong> Pri/Sec</div><div><strong>Area:</strong> Outer Eastern Melbourne</div><div><strong>Suburb:</strong> Wantirna South</div><div><strong>Distance from Melbourne Connect:</strong> 23.54 km</div>,,,,-37.865467,145.219198,0,The Knox School,0,,1,0,Independent,Pri/Sec,Outer Eastern Melbourne,Wantirna South,No,23.54
905173,2,"53 Kallista-Emerald Road, The Patch, 3792",<div><strong>Education sector:</strong> Government</div><div><strong>School type:</strong> Primary</div><div><strong>Area:</strong> Outer Eastern Melbourne</div><div><strong>Suburb:</strong> The Patch</div><div><strong>Distance from Melbourne Connect:</strong> 39.00 km</div>,,,,-37.892418,145.392841,0,The Patch Primary School,0,,1,0,Government,Primary,Outer Eastern Melbourne,The Patch,No,39.00
901080,2,"90 Alexandra Road, Ringwood East, 3135",<div><strong>Education sector:</strong> Independent</div><div><strong>School type:</strong> Pri/Sec</div><div><strong>Area:</strong> Outer Eastern Melbourne</div><div><strong>Suburb:</strong> Ringwood East</div><div><strong>Distance from Melbourne Connect:</strong> 25.74 km</div>,,,,-37.815515,145.25669,0,Tintern Grammar,0,,1,0,Independent,Pri/Sec,Outer Eastern Melbourne,Ringwood East,No,25.74
905075,2,"Tintern Avenue, Ringwood East, 3135",<div><strong>Education sector:</strong> Government</div><div><strong>School type:</strong> Primary</div><div><strong>Area:</strong> Outer Eastern Melbourne</div><div><strong>Suburb:</strong> Ringwood East</div><div><strong>Distance from Melbourne Connect:</strong> 26.53 km</div>,,,,-37.818406,145.265345,0,Tinternvale Primary School,0,,1,0,Government,Primary,Outer Eastern Melbourne,Ringwood East,No,26.53
903237,2,"Main Road, Toolangi, 3777",<div><strong>Education sector:</strong> Government</div><div><strong>School type:</strong> Primary</div><div><strong>Area:</strong> Outer Eastern Melbourne</div><div><strong>Suburb:</strong> Toolangi</div><div><strong>Distance from Melbourne Connect:</strong> 53.55 km</div>,,,,-37.535374,145.472501,0,Toolangi Primary School,0,,1,0,Government,Primary,Outer Eastern Melbourne,Toolangi,No,53.55
903926,2,"Talaskia Road, Upper Ferntree Gully, 3156",<div><strong>Education sector:</strong> Government</div><div><strong>School type:</strong> Primary</div><div><strong>Area:</strong> Outer Eastern Melbourne</div><div><strong>Suburb:</strong> Upper Ferntree Gully</div><div><strong>Distance from Melbourne Connect:</strong> 32.52 km</div>,,,,-37.895604,145.314325,0,Upper Ferntree Gully Primary School,0,,1,0,Government,Primary,Outer Eastern Melbourne,Upper Ferntree Gully,No,32.52
908410,2,"81-89 Little Yarra Road, Yarra Junction, 3797",<div><strong>Education sector:</strong> Government</div><div><strong>School type:</strong> Secondary</div><div><strong>Area:</strong> Outer Eastern Melbourne</div><div><strong>Suburb:</strong> Yarra Junction</div><div><strong>Distance from Melbourne Connect:</strong> 57.97 km</div>,,,,-37.79209352,145.623933,0,Upper Yarra Secondary College,0,,1,0,Government,Secondary,Outer Eastern Melbourne,Yarra Junction,No,57.97
908415,2,"1451 Burwood Highway, Upwey, 3158",<div><strong>Education sector:</strong> Government</div><div><strong>School type:</strong> Secondary</div><div><strong>Area:</strong> Outer Eastern Melbourne</div><div><strong>Suburb:</strong> Upwey</div><div><strong>Distance from Melbourne Connect:</strong> 34.59 km</div>,,,,-37.904357,145.335475,0,Upwey High School,0,,1,0,Government,Secondary,Outer Eastern Melbourne,Upwey,No,34.59
904530,2,"15 Darling Avenue, Upwey, 3158",<div><strong>Education sector:</strong> Government</div><div><strong>School type:</strong> Primary</div><div><strong>Area:</strong> Outer Eastern Melbourne</div><div><strong>Suburb:</strong> Upwey</div><div><strong>Distance from Melbourne Connect:</strong> 34.31 km</div>,,,,-37.90286736,145.3328027,0,Upwey Primary School,0,,1,0,Government,Primary,Outer Eastern Melbourne,Upwey,No,34.31
904894,2,"91 Morris Road, Upwey, 3158",<div><strong>Education sector:</strong> Government</div><div><strong>School type:</strong> Primary</div><div><strong>Area:</strong> Outer Eastern Melbourne</div><div><strong>Suburb:</strong> Upwey</div><div><strong>Distance from Melbourne Connect:</strong> 34.22 km</div>,,,,-37.91313917,145.3268393,0,Upwey South Primary School,0,,1,0,Government,Primary,Outer Eastern Melbourne,Upwey,No,34.22
902247,2,"2-4 Langwith Avenue, Boronia, 3155",<div><strong>Education sector:</strong> Independent</div><div><strong>School type:</strong> Secondary</div><div><strong>Area:</strong> Outer Eastern Melbourne</div><div><strong>Suburb:</strong> Boronia</div><div><strong>Distance from Melbourne Connect:</strong> 28.56 km</div>,,,,-37.861113,145.28017,0,Urban College,0,,1,0,Independent,Secondary,Outer Eastern Melbourne,Boronia,No,28.56
905057,2,"44 Victoria Road, Lilydale, 3140",<div><strong>Education sector:</strong> Government</div><div><strong>School type:</strong> Primary</div><div><strong>Area:</strong> Outer Eastern Melbourne</div><div><strong>Suburb:</strong> Lilydale</div><div><strong>Distance from Melbourne Connect:</strong> 33.06 km</div>,,,,-37.755181,145.336107,0,Victoria Road Primary School,0,,1,0,Government,Primary,Outer Eastern Melbourne,Lilydale,No,33.06
901836,2,"9-13 Holloway Road, Croydon North, 3136",<div><strong>Education sector:</strong> Independent</div><div><strong>School type:</strong> Primary</div><div><strong>Area:</strong> Outer Eastern Melbourne</div><div><strong>Suburb:</strong> Croydon North</div><div><strong>Distance from Melbourne Connect:</strong> 29.30 km</div>,,,,-37.763749,145.294493,0,Village School,0,,1,0,Independent,Primary,Outer Eastern Melbourne,Croydon North,No,29.30
903892,2,"220 Warburton Highway, Wandin North, 3139",<div><strong>Education sector:</strong> Government</div><div><strong>School type:</strong> Primary</div><div><strong>Area:</strong> Outer Eastern Melbourne</div><div><strong>Suburb:</strong> Wandin North</div><div><strong>Distance from Melbourne Connect:</strong> 39.29 km</div>,,,,-37.769783,145.409713,0,Wandin North Primary School,0,,1,0,Government,Primary,Outer Eastern Melbourne,Wandin North,No,39.29
901033,2,"105 Beenak Road, Wandin North, 3139",<div><strong>Education sector:</strong> Government</div><div><strong>School type:</strong> Primary</div><div><strong>Area:</strong> Outer Eastern Melbourne</div><div><strong>Suburb:</strong> Wandin North</div><div><strong>Distance from Melbourne Connect:</strong> 41.46 km</div>,,,,-37.790251,145.43595,0,Wandin Yallock Primary School,0,,1,0,Government,Primary,Outer Eastern Melbourne,Wandin North,No,41.46
908428,2,"90 Harold Street, Wantirna, 3152",<div><strong>Education sector:</strong> Government</div><div><strong>School type:</strong> Secondary</div><div><strong>Area:</strong> Outer Eastern Melbourne</div><div><strong>Suburb:</strong> Wantirna</div><div><strong>Distance from Melbourne Connect:</strong> 24.19 km</div>,,,,-37.857598,145.229974,0,Wantirna College,0,,1,0,Government,Secondary,Outer Eastern Melbourne,Wantirna,No,24.19
903709,2,"120 Mountain Highway, Wantirna, 3152",<div><strong>Education sector:</strong> Government</div><div><strong>School type:</strong> Primary</div><div><strong>Area:</strong> Outer Eastern Melbourne</div><div><strong>Suburb:</strong> Wantirna</div><div><strong>Distance from Melbourne Connect:</strong> 23.01 km</div>,,,,-37.856256,145.216509,0,Wantirna Primary School,0,,1,0,Government,Primary,Outer Eastern Melbourne,Wantirna,No,23.01
904582,2,"16 Tyner Road, Wantirna South, 3152",<div><strong>Education sector:</strong> Government</div><div><strong>School type:</strong> Primary</div><div><strong>Area:</strong> Outer Eastern Melbourne</div><div><strong>Suburb:</strong> Wantirna South</div><div><strong>Distance from Melbourne Connect:</strong> 25.29 km</div>,,,,-37.872529,145.237339,0,Wantirna South Primary School,0,,1,0,Government,Primary,Outer Eastern Melbourne,Wantirna South,No,25.29
901485,2,"16 Horners Road, Warburton, 3799",<div><strong>Education sector:</strong> Government</div><div><strong>School type:</strong> Primary</div><div><strong>Area:</strong> Outer Eastern Melbourne</div><div><strong>Suburb:</strong> Warburton</div><div><strong>Distance from Melbourne Connect:</strong> 65.00 km</div>,,,,-37.75580451,145.7017044,0,Warburton Primary School,0,,1,0,Government,Primary,Outer Eastern Melbourne,Warburton,No,65.00
903476,2,"1 Wellington Park Drive, Warranwood, 3134",<div><strong>Education sector:</strong> Government</div><div><strong>School type:</strong> Primary</div><div><strong>Area:</strong> Outer Eastern Melbourne</div><div><strong>Suburb:</strong> Warranwood</div><div><strong>Distance from Melbourne Connect:</strong> 25.01 km</div>,,,,-37.774347,145.246981,0,Warranwood Primary School,0,,1,0,Government,Primary,Outer Eastern Melbourne,Warranwood,No,25.01
905012,2,"Wattletree Road, Ferntree Gully, 3156",<div><strong>Education sector:</strong> Government</div><div><strong>School type:</strong> Primary</div><div><strong>Area:</strong> Outer Eastern Melbourne</div><div><strong>Suburb:</strong> Ferntree Gully</div><div><strong>Distance from Melbourne Connect:</strong> 28.81 km</div>,,,,-37.875825,145.278016,0,Wattle View Primary School,0,,1,0,Government,Primary,Outer Eastern Melbourne,Ferntree Gully,No,28.81
901771,2,"1248 High Street Road, Wantirna South, 3152",<div><strong>Education sector:</strong> Independent</div><div><strong>School type:</strong> Pri/Sec</div><div><strong>Area:</strong> Outer Eastern Melbourne</div><div><strong>Suburb:</strong> Wantirna South</div><div><strong>Distance from Melbourne Connect:</strong> 23.77 km</div>,,,,-37.880135,145.215299,0,Waverley Christian College,0,,1,0,Independent,Pri/Sec,Outer Eastern Melbourne,Wantirna South,No,23.77
903466,2,"2850 Warburton Highway, Wesburn, 3799",<div><strong>Education sector:</strong> Government</div><div><strong>School type:</strong> Primary</div><div><strong>Area:</strong> Outer Eastern Melbourne</div><div><strong>Suburb:</strong> Wesburn</div><div><strong>Distance from Melbourne Connect:</strong> 60.10 km</div>,,,,-37.76869153,145.6470677,0,Wesburn Primary School,0,,1,0,Government,Primary,Outer Eastern Melbourne,Wesburn,No,60.10
901259,2,"1360 Healesville Road, Woori Yallock, 3139",<div><strong>Education sector:</strong> Government</div><div><strong>School type:</strong> Primary</div><div><strong>Area:</strong> Outer Eastern Melbourne</div><div><strong>Suburb:</strong> Woori Yallock</div><div><strong>Distance from Melbourne Connect:</strong> 50.01 km</div>,,,,-37.77737209,145.5326881,0,Woori Yallock Primary School,0,,1,0,Government,Primary,Outer Eastern Melbourne,Woori Yallock,No,50.01
901868,2,"60 - 80 Barak Lane, Healesville, 3777",<div><strong>Education sector:</strong> Independent</div><div><strong>School type:</strong> Special</div><div><strong>Area:</strong> Outer Eastern Melbourne</div><div><strong>Suburb:</strong> Healesville</div><div><strong>Distance from Melbourne Connect:</strong> 49.61 km</div>,,,,-37.68452365,145.5092164,0,Worawa Aboriginal College,0,,1,0,Independent,Special,Outer Eastern Melbourne,Healesville,No,49.61
900956,2,"35 Symonds Street, Yarra Glen, 3775",<div><strong>Education sector:</strong> Government</div><div><strong>School type:</strong> Primary</div><div><strong>Area:</strong> Outer Eastern Melbourne</div><div><strong>Suburb:</strong> Yarra Glen</div><div><strong>Distance from Melbourne Connect:</strong> 39.60 km</div>,,,,-37.649705,145.372413,0,Yarra Glen Primary School,0,,1,0,Government,Primary,Outer Eastern Melbourne,Yarra Glen,No,39.60
908815,2,"16 Reay Road, Mooroolbark, 3138",<div><strong>Education sector:</strong> Government</div><div><strong>School type:</strong> Secondary</div><div><strong>Area:</strong> Outer Eastern Melbourne</div><div><strong>Suburb:</strong> Mooroolbark</div><div><strong>Distance from Melbourne Connect:</strong> 30.94 km</div>,,,,-37.78934,145.316184,0,Yarra Hills Secondary College,0,,1,0,Government,Secondary,Outer Eastern Melbourne,Mooroolbark,No,30.94
903216,2,"2370 Warburton Highway, Yarra Junction, 3797",<div><strong>Education sector:</strong> Government</div><div><strong>School type:</strong> Primary</div><div><strong>Area:</strong> Outer Eastern Melbourne</div><div><strong>Suburb:</strong> Yarra Junction</div><div><strong>Distance from Melbourne Connect:</strong> 56.44 km</div>,,,,-37.779029,145.6060798,0,Yarra Junction Primary School,0,,1,0,Government,Primary,Outer Eastern Melbourne,Yarra Junction,No,56.44
905246,2,"20 Burdap Drive, Mount Evelyn, 3796",<div><strong>Education sector:</strong> Government</div><div><strong>School type:</strong> Special</div><div><strong>Area:</strong> Outer Eastern Melbourne</div><div><strong>Suburb:</strong> Mount Evelyn</div><div><strong>Distance from Melbourne Connect:</strong> 37.06 km</div>,,,,-37.77502297,145.384871,0,Yarra Ranges Special Developmental School,0,,1,0,Government,Special,Outer Eastern Melbourne,Mount Evelyn,No,37.06
904219,2,"222 - 228 Yarra Road, Croydon North, 3136",<div><strong>Education sector:</strong> Government</div><div><strong>School type:</strong> Primary</div><div><strong>Area:</strong> Outer Eastern Melbourne</div><div><strong>Suburb:</strong> Croydon North</div><div><strong>Distance from Melbourne Connect:</strong> 27.32 km</div>,,,,-37.766401,145.272227,0,Yarra Road Primary School,0,,1,0,Government,Primary,Outer Eastern Melbourne,Croydon North,No,27.32
901658,2,"Kalinda Road, Ringwood, 3134",<div><strong>Education sector:</strong> Independent</div><div><strong>School type:</strong> Pri/Sec</div><div><strong>Area:</strong> Outer Eastern Melbourne</div><div><strong>Suburb:</strong> Ringwood</div><div><strong>Distance from Melbourne Connect:</strong> 25.89 km</div>,,,,-37.783701,145.258164,0,Yarra Valley Grammar,0,,1,0,Independent,Pri/Sec,Outer Eastern Melbourne,Ringwood,No,25.89
901034,2,"22-24 Melba Highway, Yering, 3770",<div><strong>Education sector:</strong> Government</div><div><strong>School type:</strong> Primary</div><div><strong>Area:</strong> Outer Eastern Melbourne</div><div><strong>Suburb:</strong> Yering</div><div><strong>Distance from Melbourne Connect:</strong> 38.22 km</div>,,,,-37.7053494,145.3822185,0,Yering Primary School,0,,1,0,Government,Primary,Outer Eastern Melbourne,Yering,No,38.22
908874,2,"15 Nurture Avenue, Cranbourne North, 3977",<div><strong>Education sector:</strong> Government</div><div><strong>School type:</strong> Secondary</div><div><strong>Area:</strong> Southern Melbourne</div><div><strong>Suburb:</strong> Cranbourne North</div><div><strong>Distance from Melbourne Connect:</strong> 42.83 km</div>,,,,-38.073127,145.308716,0,Alkira Secondary College,0,,1,0,Government,Secondary,Southern Melbourne,Cranbourne North,No,42.83
905536,2,"159-167 Athol Road, Springvale South, 3172",<div><strong>Education sector:</strong> Government</div><div><strong>School type:</strong> Primary</div><div><strong>Area:</strong> Southern Melbourne</div><div><strong>Suburb:</strong> Springvale South</div><div><strong>Distance from Melbourne Connect:</strong> 25.04 km</div>,,,,-37.971049,145.149968,0,Athol Road Primary School,0,,1,0,Government,Primary,Southern Melbourne,Springvale South,No,25.04
905560,2,"90 Everlasting Boulevard, Cranbourne West, 3977",<div><strong>Education sector:</strong> Government</div><div><strong>School type:</strong> Primary</div><div><strong>Area:</strong> Southern Melbourne</div><div><strong>Suburb:</strong> Cranbourne West</div><div><strong>Distance from Melbourne Connect:</strong> 42.50 km</div>,,,,-38.114975,145.239024,0,Barton Primary School,0,,1,0,Government,Primary,Southern Melbourne,Cranbourne West,No,42.50
905421,2,"3730 Ballarto Road, Bayles, 3981",<div><strong>Education sector:</strong> Government</div><div><strong>School type:</strong> Primary</div><div><strong>Area:</strong> Southern Melbourne</div><div><strong>Suburb:</strong> Bayles</div><div><strong>Distance from Melbourne Connect:</strong> 67.29 km</div>,,,,-38.176037,145.566026,0,Bayles Regional Primary School,0,,1,0,Government,Primary,Southern Melbourne,Bayles,No,67.29
901855,2,"30-34 Toomuc Valley Road, Pakenham, 3810",<div><strong>Education sector:</strong> Independent</div><div><strong>School type:</strong> Pri/Sec</div><div><strong>Area:</strong> Southern Melbourne</div><div><strong>Suburb:</strong> Pakenham</div><div><strong>Distance from Melbourne Connect:</strong> 52.86 km</div>,,,,-38.061898,145.467319,0,Beaconhills College,0,,1,0,Independent,Pri/Sec,Southern Melbourne,Pakenham,No,52.86
903033,2,"79 Old Princes Highway, Beaconsfield, 3807",<div><strong>Education sector:</strong> Government</div><div><strong>School type:</strong> Primary</div><div><strong>Area:</strong> Southern Melbourne</div><div><strong>Suburb:</strong> Beaconsfield</div><div><strong>Distance from Melbourne Connect:</strong> 45.17 km</div>,,,,-38.04862904,145.3716379,0,Beaconsfield Primary School,0,,1,0,Government,Primary,Southern Melbourne,Beaconsfield,No,45.17
902560,2,"40 Stoney Creek Road, Beaconsfield Upper, 3808",<div><strong>Education sector:</strong> Government</div><div><strong>School type:</strong> Primary</div><div><strong>Area:</strong> Southern Melbourne</div><div><strong>Suburb:</strong> Beaconsfield Upper</div><div><strong>Distance from Melbourne Connect:</strong> 45.10 km</div>,,,,-37.995404,145.414758,0,Beaconsfield Upper Primary School,0,,1,0,Government,Primary,Southern Melbourne,Beaconsfield Upper,No,45.10
902018,2,"17 Cranbourne Road, Narre Warren, 3805",<div><strong>Education sector:</strong> Independent</div><div><strong>School type:</strong> Special</div><div><strong>Area:</strong> Southern Melbourne</div><div><strong>Suburb:</strong> Narre Warren</div><div><strong>Distance from Melbourne Connect:</strong> 39.40 km</div>,,,,-38.030255,145.305751,0,Berry Street Victoria Inc,0,,1,0,Independent,Special,Southern Melbourne,Narre Warren,No,39.40
905503,2,"72 Viewgrand Drive, Berwick, 3806",<div><strong>Education sector:</strong> Government</div><div><strong>School type:</strong> Primary</div><div><strong>Area:</strong> Southern Melbourne</div><div><strong>Suburb:</strong> Berwick</div><div><strong>Distance from Melbourne Connect:</strong> 44.83 km</div>,,,,-38.067433,145.346961,0,Berwick Chase Primary School,0,,1,0,Government,Primary,Southern Melbourne,Berwick,No,44.83
905305,2,"35 Gwendoline Drive, Berwick, 3806",<div><strong>Education sector:</strong> Government</div><div><strong>School type:</strong> Primary</div><div><strong>Area:</strong> Southern Melbourne</div><div><strong>Suburb:</strong> Berwick</div><div><strong>Distance from Melbourne Connect:</strong> 42.64 km</div>,,,,-38.04874134,145.3343892,0,Berwick Fields Primary School,0,,1,0,Government,Primary,Southern Melbourne,Berwick,No,42.64
905213,2,"139-145 Mansfield Street, Berwick, 3806",<div><strong>Education sector:</strong> Government</div><div><strong>School type:</strong> Primary</div><div><strong>Area:</strong> Southern Melbourne</div><div><strong>Suburb:</strong> Berwick</div><div><strong>Distance from Melbourne Connect:</strong> 40.92 km</div>,,,,-38.031142,145.327431,0,Berwick Lodge Primary School,0,,1,0,Government,Primary,Southern Melbourne,Berwick,No,40.92
900040,2,"37 Fairholme Boulevard, Berwick, 3806",<div><strong>Education sector:</strong> Government</div><div><strong>School type:</strong> Primary</div><div><strong>Area:</strong> Southern Melbourne</div><div><strong>Suburb:</strong> Berwick</div><div><strong>Distance from Melbourne Connect:</strong> 43.67 km</div>,,,,-38.044094,145.354417,0,Berwick Primary School,0,,1,0,Government,Primary,Southern Melbourne,Berwick,No,43.67
907603,2,"65-69 Manuka Road, Berwick, 3806",<div><strong>Education sector:</strong> Government</div><div><strong>School type:</strong> Secondary</div><div><strong>Area:</strong> Southern Melbourne</div><div><strong>Suburb:</strong> Berwick</div><div><strong>Distance from Melbourne Connect:</strong> 43.59 km</div>,,,,-38.031398,145.365438,0,Berwick Secondary College,0,,1,0,Government,Secondary,Southern Melbourne,Berwick,No,43.59
905224,2,"10 Echidna Parade, Botanic Ridge, 3977",<div><strong>Education sector:</strong> Government</div><div><strong>School type:</strong> Primary</div><div><strong>Area:</strong> Southern Melbourne</div><div><strong>Suburb:</strong> Botanic Ridge</div><div><strong>Distance from Melbourne Connect:</strong> 48.16 km</div>,,,,-38.150071,145.288045,0,Botanic Ridge Primary School,0,,1,0,Government,Primary,Southern Melbourne,Botanic Ridge,No,48.16
905308,2,"Bemersyde Drive, Berwick, 3806",<div><strong>Education sector:</strong> Government</div><div><strong>School type:</strong> Primary</div><div><strong>Area:</strong> Southern Melbourne</div><div><strong>Suburb:</strong> Berwick</div><div><strong>Distance from Melbourne Connect:</strong> 43.84 km</div>,,,,-38.052983,145.347768,0,Brentwood Park Primary School,0,,1,0,Government,Primary,Southern Melbourne,Berwick,No,43.84
905563,2,"115 Bridge Road, Officer, 3809",<div><strong>Education sector:</strong> Government</div><div><strong>School type:</strong> Primary</div><div><strong>Area:</strong> Southern Melbourne</div><div><strong>Suburb:</strong> Officer</div><div><strong>Distance from Melbourne Connect:</strong> 50.09 km</div>,,,,-38.071946,145.419662,0,Bridgewood Primary School,0,,1,0,Government,Primary,Southern Melbourne,Officer,No,50.09
902229,2,"1290 Nar Nar Goon - Longwarry Road, Bunyip, 3815",<div><strong>Education sector:</strong> Government</div><div><strong>School type:</strong> Primary</div><div><strong>Area:</strong> Southern Melbourne</div><div><strong>Suburb:</strong> Bunyip</div><div><strong>Distance from Melbourne Connect:</strong> 73.54 km</div>,,,,-38.09884,145.712509,0,Bunyip Primary School,0,,1,0,Government,Primary,Southern Melbourne,Bunyip,No,73.54
903689,2,"2405 Ballarto Road, Cardinia, 3978",<div><strong>Education sector:</strong> Government</div><div><strong>School type:</strong> Primary</div><div><strong>Area:</strong> Southern Melbourne</div><div><strong>Suburb:</strong> Cardinia</div><div><strong>Distance from Melbourne Connect:</strong> 55.68 km</div>,,,,-38.145803,145.423771,0,Cardinia Primary School,0,,1,0,Government,Primary,Southern Melbourne,Cardinia,No,55.68
905435,2,"43-81 Browns Road, Noble Park, 3174",<div><strong>Education sector:</strong> Government</div><div><strong>School type:</strong> Pri/Sec</div><div><strong>Area:</strong> Southern Melbourne</div><div><strong>Suburb:</strong> Noble Park</div><div><strong>Distance from Melbourne Connect:</strong> 25.30 km</div>,,,,-37.942845,145.188726,0,Carwatha College P-12,0,,1,0,Government,Pri/Sec,Southern Melbourne,Noble Park,No,25.30
905570,2,"Chapelton Road, Cranbourne East, 3977",<div><strong>Education sector:</strong> Government</div><div><strong>School type:</strong> Primary</div><div><strong>Area:</strong> Southern Melbourne</div><div><strong>Suburb:</strong> Cranbourne East</div><div><strong>Distance from Melbourne Connect:</strong> 46.09 km</div>,,,,-38.120139,145.298408,0,Casey Fields Primary School,0,,1,0,Government,Primary,Southern Melbourne,Cranbourne East,No,46.09
901942,2,"3 New Holland Drive, Cranbourne East, 3977",<div><strong>Education sector:</strong> Independent</div><div><strong>School type:</strong> Pri/Sec</div><div><strong>Area:</strong> Southern Melbourne</div><div><strong>Suburb:</strong> Cranbourne East</div><div><strong>Distance from Melbourne Connect:</strong> 44.94 km</div>,,,,-38.11029539,145.2928988,0,Casey Grammar School,0,,1,0,Independent,Pri/Sec,Southern Melbourne,Cranbourne East,No,44.94
905231,2,"15A Primrose Hill Close, Endeavour Hills, 3802",<div><strong>Education sector:</strong> Government</div><div><strong>School type:</strong> Primary</div><div><strong>Area:</strong> Southern Melbourne</div><div><strong>Suburb:</strong> Endeavour Hills</div><div><strong>Distance from Melbourne Connect:</strong> 31.21 km</div>,,,,-37.969731,145.247698,0,Chalcot Lodge Primary School,0,,1,0,Government,Primary,Southern Melbourne,Endeavour Hills,No,31.21
905533,2,"Cochrane Avenue, Keysborough, 3173",<div><strong>Education sector:</strong> Government</div><div><strong>School type:</strong> Primary</div><div><strong>Area:</strong> Southern Melbourne</div><div><strong>Suburb:</strong> Keysborough</div><div><strong>Distance from Melbourne Connect:</strong> 28.58 km</div>,,,,-37.992396,145.180477,0,Chandler Park Primary School,0,,1,0,Government,Primary,Southern Melbourne,Keysborough,No,28.58
905588,2,"40 Eliston Avenue, Clyde, 3978",<div><strong>Education sector:</strong> Government</div><div><strong>School type:</strong> Primary</div><div><strong>Area:</strong> Southern Melbourne</div><div><strong>Suburb:</strong> Clyde</div><div><strong>Distance from Melbourne Connect:</strong> 48.22 km</div>,,,,-38.122987,145.331547,0,Clyde Creek Primary School,0,,1,0,Government,Primary,Southern Melbourne,Clyde,No,48.22
902228,2,"110 Smiths Lane, Clyde North, 3978",<div><strong>Education sector:</strong> Independent</div><div><strong>School type:</strong> Primary</div><div><strong>Area:</strong> Southern Melbourne</div><div><strong>Suburb:</strong> Clyde North</div><div><strong>Distance from Melbourne Connect:</strong> 49.78 km</div>,,,,-38.106015,145.378764,0,Clyde Grammar,0,,1,0,Independent,Primary,Southern Melbourne,Clyde North,No,49.78
903664,2,"13 Oroya Grove, Clyde, 3978",<div><strong>Education sector:</strong> Government</div><div><strong>School type:</strong> Primary</div><div><strong>Area:</strong> Southern Melbourne</div><div><strong>Suburb:</strong> Clyde</div><div><strong>Distance from Melbourne Connect:</strong> 48.71 km</div>,,,,-38.132323,145.326386,0,Clyde Primary School,0,,1,0,Government,Primary,Southern Melbourne,Clyde,No,48.71
907086,2,"21 Fernlea Homestead Road, Clyde, 3978",<div><strong>Education sector:</strong> Government</div><div><strong>School type:</strong> Secondary</div><div><strong>Area:</strong> Southern Melbourne</div><div><strong>Suburb:</strong> Clyde</div><div><strong>Distance from Melbourne Connect:</strong> 49.20 km</div>,,,,-38.129547,145.338863,0,Clyde Secondary College,0,,1,0,Government,Secondary,Southern Melbourne,Clyde,No,49.20
901996,2,"28-36 Hope Street, Bunyip, 3815",<div><strong>Education sector:</strong> Catholic</div><div><strong>School type:</strong> Primary</div><div><strong>Area:</strong> Southern Melbourne</div><div><strong>Suburb:</strong> Bunyip</div><div><strong>Distance from Melbourne Connect:</strong> 73.52 km</div>,,,,-38.093263,145.715864,0,Columba Catholic School,0,,1,0,Catholic,Primary,Southern Melbourne,Bunyip,No,73.52
905292,2,"145 Coral Drive, Hampton Park, 3976",<div><strong>Education sector:</strong> Government</div><div><strong>School type:</strong> Primary</div><div><strong>Area:</strong> Southern Melbourne</div><div><strong>Suburb:</strong> Hampton Park</div><div><strong>Distance from Melbourne Connect:</strong> 38.40 km</div>,,,,-38.043846,145.274352,0,Coral Park Primary School,0,,1,0,Government,Primary,Southern Melbourne,Hampton Park,No,38.40
902076,2,"65 Riverend Road, Bangholme, 3175",<div><strong>Education sector:</strong> Independent</div><div><strong>School type:</strong> Pri/Sec</div><div><strong>Area:</strong> Southern Melbourne</div><div><strong>Suburb:</strong> Bangholme</div><div><strong>Distance from Melbourne Connect:</strong> 32.08 km</div>,,,,-38.049197,145.148761,0,Cornish College,0,,1,0,Independent,Pri/Sec,Southern Melbourne,Bangholme,No,32.08
905371,2,"35 Rosebank Drive, Cranbourne North, 3977",<div><strong>Education sector:</strong> Government</div><div><strong>School type:</strong> Primary</div><div><strong>Area:</strong> Southern Melbourne</div><div><strong>Suburb:</strong> Cranbourne North</div><div><strong>Distance from Melbourne Connect:</strong> 41.87 km</div>,,,,-38.080122,145.28345,0,Courtenay Gardens Primary School,0,,1,0,Government,Primary,Southern Melbourne,Cranbourne North,No,41.87
905510,2,"15 Silky Oak Drive, Cranbourne, 3977",<div><strong>Education sector:</strong> Government</div><div><strong>School type:</strong> Primary</div><div><strong>Area:</strong> Southern Melbourne</div><div><strong>Suburb:</strong> Cranbourne</div><div><strong>Distance from Melbourne Connect:</strong> 42.81 km</div>,,,,-38.087532,145.289059,0,Cranbourne Carlisle Primary School,0,,1,0,Government,Primary,Southern Melbourne,Cranbourne,No,42.81
905518,2,"2 Bowyer Avenue, Cranbourne East, 3977",<div><strong>Education sector:</strong> Government</div><div><strong>School type:</strong> Primary</div><div><strong>Area:</strong> Southern Melbourne</div><div><strong>Suburb:</strong> Cranbourne East</div><div><strong>Distance from Melbourne Connect:</strong> 45.26 km</div>,,,,-38.106281,145.304437,0,Cranbourne East Primary School,0,,1,0,Government,Primary,Southern Melbourne,Cranbourne East,No,45.26
908898,2,"50 Stately Drive, Cranbourne East, 3977",<div><strong>Education sector:</strong> Government</div><div><strong>School type:</strong> Secondary</div><div><strong>Area:</strong> Southern Melbourne</div><div><strong>Suburb:</strong> Cranbourne East</div><div><strong>Distance from Melbourne Connect:</strong> 45.24 km</div>,,,,-38.10494,145.306027,0,Cranbourne East Secondary College,0,,1,0,Government,Secondary,Southern Melbourne,Cranbourne East,No,45.24
904887,2,"1 Tucker Street, Cranbourne, 3977",<div><strong>Education sector:</strong> Government</div><div><strong>School type:</strong> Primary</div><div><strong>Area:</strong> Southern Melbourne</div><div><strong>Suburb:</strong> Cranbourne</div><div><strong>Distance from Melbourne Connect:</strong> 43.56 km</div>,,,,-38.104064,145.277745,0,Cranbourne Park Primary School,0,,1,0,Government,Primary,Southern Melbourne,Cranbourne,No,43.56
902068,2,"Bakewell Street, Cranbourne, 3977",<div><strong>Education sector:</strong> Government</div><div><strong>School type:</strong> Primary</div><div><strong>Area:</strong> Southern Melbourne</div><div><strong>Suburb:</strong> Cranbourne</div><div><strong>Distance from Melbourne Connect:</strong> 44.79 km</div>,,,,-38.111863,145.287849,0,Cranbourne Primary School,0,,1,0,Government,Primary,Southern Melbourne,Cranbourne,No,44.79
907747,2,"Stawell Street, Cranbourne, 3977",<div><strong>Education sector:</strong> Government</div><div><strong>School type:</strong> Secondary</div><div><strong>Area:</strong> Southern Melbourne</div><div><strong>Suburb:</strong> Cranbourne</div><div><strong>Distance from Melbourne Connect:</strong> 44.33 km</div>,,,,-38.107591,145.286136,0,Cranbourne Secondary College,0,,1,0,Government,Secondary,Southern Melbourne,Cranbourne,No,44.33
904755,2,"239 Pearcedale Road, Cranbourne South, 3977",<div><strong>Education sector:</strong> Government</div><div><strong>School type:</strong> Primary</div><div><strong>Area:</strong> Southern Melbourne</div><div><strong>Suburb:</strong> Cranbourne South</div><div><strong>Distance from Melbourne Connect:</strong> 45.84 km</div>,,,,-38.147944,145.245062,0,Cranbourne South Primary School,0,,1,0,Government,Primary,Southern Melbourne,Cranbourne South,No,45.84
905189,2,"110 Duff Street, Cranbourne, 3977",<div><strong>Education sector:</strong> Government</div><div><strong>School type:</strong> Primary</div><div><strong>Area:</strong> Southern Melbourne</div><div><strong>Suburb:</strong> Cranbourne</div><div><strong>Distance from Melbourne Connect:</strong> 42.90 km</div>,,,,-38.102713,145.267723,0,Cranbourne West Primary School,0,,1,0,Government,Primary,Southern Melbourne,Cranbourne,No,42.90
907748,2,"80 Strathlea Drive, Cranbourne West, 3977",<div><strong>Education sector:</strong> Government</div><div><strong>School type:</strong> Secondary</div><div><strong>Area:</strong> Southern Melbourne</div><div><strong>Suburb:</strong> Cranbourne West</div><div><strong>Distance from Melbourne Connect:</strong> 42.13 km</div>,,,,-38.10672,145.246512,0,Cranbourne West Secondary College,0,,1,0,Government,Secondary,Southern Melbourne,Cranbourne West,No,42.13
908858,2,"92-106 Princes Highway, Dandenong, 3175",<div><strong>Education sector:</strong> Government</div><div><strong>School type:</strong> Secondary</div><div><strong>Area:</strong> Southern Melbourne</div><div><strong>Suburb:</strong> Dandenong</div><div><strong>Distance from Melbourne Connect:</strong> 29.30 km</div>,,,,-37.979418,145.209011,0,Dandenong High School,0,,1,0,Government,Secondary,Southern Melbourne,Dandenong,No,29.30
904723,2,"117-125 Cleeland Street, Dandenong, 3175",<div><strong>Education sector:</strong> Government</div><div><strong>School type:</strong> Primary</div><div><strong>Area:</strong> Southern Melbourne</div><div><strong>Suburb:</strong> Dandenong</div><div><strong>Distance from Melbourne Connect:</strong> 29.45 km</div>,,,,-37.976641,145.214468,0,Dandenong North Primary School,0,,1,0,Government,Primary,Southern Melbourne,Dandenong,No,29.45
901403,2,"174-182 Foster Street, Dandenong, 3175",<div><strong>Education sector:</strong> Government</div><div><strong>School type:</strong> Primary</div><div><strong>Area:</strong> Southern Melbourne</div><div><strong>Suburb:</strong> Dandenong</div><div><strong>Distance from Melbourne Connect:</strong> 30.64 km</div>,,,,-37.987917,145.219821,0,Dandenong Primary School,0,,1,0,Government,Primary,Southern Melbourne,Dandenong,No,30.64
901975,2,"11c Duffys Road, Emerald, 3782",<div><strong>Education sector:</strong> Independent</div><div><strong>School type:</strong> Primary</div><div><strong>Area:</strong> Southern Melbourne</div><div><strong>Suburb:</strong> Emerald</div><div><strong>Distance from Melbourne Connect:</strong> 41.22 km</div>,,,,-37.959759,145.388212,0,Dandenong Ranges Steiner School,0,,1,0,Independent,Primary,Southern Melbourne,Emerald,No,41.22
904810,2,"52 Kirkham Road, Dandenong, 3175",<div><strong>Education sector:</strong> Government</div><div><strong>School type:</strong> Primary</div><div><strong>Area:</strong> Southern Melbourne</div><div><strong>Suburb:</strong> Dandenong</div><div><strong>Distance from Melbourne Connect:</strong> 30.97 km</div>,,,,-37.99895163,145.2114331,0,Dandenong South Primary School,0,,1,0,Government,Primary,Southern Melbourne,Dandenong,No,30.97
905238,2,"19-21 Victoria Road, Narre Warren, 3805",<div><strong>Education sector:</strong> Government</div><div><strong>School type:</strong> Special</div><div><strong>Area:</strong> Southern Melbourne</div><div><strong>Suburb:</strong> Narre Warren</div><div><strong>Distance from Melbourne Connect:</strong> 37.14 km</div>,,,,-38.00759964,145.2959991,0,Dandenong Valley Special Developmental School,0,,1,0,Government,Special,Southern Melbourne,Narre Warren,No,37.14
904217,2,"32 Birdwood Avenue, Dandenong, 3175",<div><strong>Education sector:</strong> Government</div><div><strong>School type:</strong> Primary</div><div><strong>Area:</strong> Southern Melbourne</div><div><strong>Suburb:</strong> Dandenong</div><div><strong>Distance from Melbourne Connect:</strong> 28.86 km</div>,,,,-37.980741,145.200416,0,Dandenong West Primary School,0,,1,0,Government,Primary,Southern Melbourne,Dandenong,No,28.86
903924,2,"50 Worthing Road, Devon Meadows, 3977",<div><strong>Education sector:</strong> Government</div><div><strong>School type:</strong> Primary</div><div><strong>Area:</strong> Southern Melbourne</div><div><strong>Suburb:</strong> Devon Meadows</div><div><strong>Distance from Melbourne Connect:</strong> 49.92 km</div>,,,,-38.162026,145.301384,0,Devon Meadows Primary School,0,,1,0,Government,Primary,Southern Melbourne,Devon Meadows,No,49.92
901832,2,"496 Princes Highway, Narre Warren, 3805",<div><strong>Education sector:</strong> Catholic</div><div><strong>School type:</strong> Primary</div><div><strong>Area:</strong> Southern Melbourne</div><div><strong>Suburb:</strong> Narre Warren</div><div><strong>Distance from Melbourne Connect:</strong> 39.72 km</div>,,,,-38.025966,145.315012,0,Don Bosco School,0,,1,0,Catholic,Primary,Southern Melbourne,Narre Warren,No,39.72
908905,2,"62 Tristania Street, Doveton, 3177",<div><strong>Education sector:</strong> Government</div><div><strong>School type:</strong> Pri/Sec</div><div><strong>Area:</strong> Southern Melbourne</div><div><strong>Suburb:</strong> Doveton</div><div><strong>Distance from Melbourne Connect:</strong> 32.28 km</div>,,,,-37.989449,145.243173,0,Doveton College,0,,1,0,Government,Pri/Sec,Southern Melbourne,Doveton,No,32.28
908224,2,"133 Henry Road, Pakenham, 3810",<div><strong>Education sector:</strong> Government</div><div><strong>School type:</strong> Secondary</div><div><strong>Area:</strong> Southern Melbourne</div><div><strong>Suburb:</strong> Pakenham</div><div><strong>Distance from Melbourne Connect:</strong> 52.22 km</div>,,,,-38.078267,145.444017,0,Edenbrook Secondary College,0,,1,0,Government,Secondary,Southern Melbourne,Pakenham,No,52.22
904918,2,"1430 Heatherton Road, Dandenong, 3175",<div><strong>Education sector:</strong> Government</div><div><strong>School type:</strong> Special</div><div><strong>Area:</strong> Southern Melbourne</div><div><strong>Suburb:</strong> Dandenong</div><div><strong>Distance from Melbourne Connect:</strong> 28.53 km</div>,,,,-37.969865,145.208098,0,Emerson School,0,,1,0,Government,Special,Southern Melbourne,Dandenong,No,28.53
905590,2,"12-38 Amalfi Drive, Endeavour Hills, 3802",<div><strong>Education sector:</strong> Government</div><div><strong>School type:</strong> Special</div><div><strong>Area:</strong> Southern Melbourne</div><div><strong>Suburb:</strong> Endeavour Hills</div><div><strong>Distance from Melbourne Connect:</strong> 31.58 km</div>,,,,-37.978894,145.243883,0,Endeavour Hills Specialist School,0,,1,0,Government,Special,Southern Melbourne,Endeavour Hills,No,31.58
904407,2,"97 Fleetwood Drive, Narre Warren, 3805",<div><strong>Education sector:</strong> Government</div><div><strong>School type:</strong> Primary</div><div><strong>Area:</strong> Southern Melbourne</div><div><strong>Suburb:</strong> Narre Warren</div><div><strong>Distance from Melbourne Connect:</strong> 40.87 km</div>,,,,-38.039305,145.318095,0,Fleetwood Primary School,0,,1,0,Government,Primary,Southern Melbourne,Narre Warren,No,40.87
905072,2,"7-21 Prospect Hill Road, Narre Warren, 3805",<div><strong>Education sector:</strong> Government</div><div><strong>School type:</strong> Primary</div><div><strong>Area:</strong> Southern Melbourne</div><div><strong>Suburb:</strong> Narre Warren</div><div><strong>Distance from Melbourne Connect:</strong> 37.21 km</div>,,,,-38.0094246,145.2951998,0,Fountain Gate Primary School,0,,1,0,Government,Primary,Southern Melbourne,Narre Warren,No,37.21
908870,2,"45 Josephine Avenue, Narre Warren, 3805",<div><strong>Education sector:</strong> Government</div><div><strong>School type:</strong> Secondary</div><div><strong>Area:</strong> Southern Melbourne</div><div><strong>Suburb:</strong> Narre Warren</div><div><strong>Distance from Melbourne Connect:</strong> 36.94 km</div>,,,,-38.00528163,145.2953788,0,Fountain Gate Secondary College,0,,1,0,Government,Secondary,Southern Melbourne,Narre Warren,No,36.94
902724,2,"84 Railway Avenue, Garfield, 3814",<div><strong>Education sector:</strong> Government</div><div><strong>School type:</strong> Primary</div><div><strong>Area:</strong> Southern Melbourne</div><div><strong>Suburb:</strong> Garfield</div><div><strong>Distance from Melbourne Connect:</strong> 70.13 km</div>,,,,-38.090563,145.674153,0,Garfield Primary School,0,,1,0,Government,Primary,Southern Melbourne,Garfield,No,70.13
908869,2,"58 Reema Boulevard, Endeavour Hills, 3802",<div><strong>Education sector:</strong> Government</div><div><strong>School type:</strong> Secondary</div><div><strong>Area:</strong> Southern Melbourne</div><div><strong>Suburb:</strong> Endeavour Hills</div><div><strong>Distance from Melbourne Connect:</strong> 33.58 km</div>,,,,-37.974606,145.276556,0,Gleneagles Secondary College,0,,1,0,Government,Secondary,Southern Melbourne,Endeavour Hills,No,33.58
905385,2,"25 Ferdinand Drive, Clyde North, 3978",<div><strong>Education sector:</strong> Government</div><div><strong>School type:</strong> Primary</div><div><strong>Area:</strong> Southern Melbourne</div><div><strong>Suburb:</strong> Clyde North</div><div><strong>Distance from Melbourne Connect:</strong> 47.66 km</div>,,,,-38.082729,145.372834,0,Grayling Primary School,0,,1,0,Government,Primary,Southern Melbourne,Clyde North,No,47.66
901191,2,"855 Springvale Rd, Keysborough, 3173",<div><strong>Education sector:</strong> Independent</div><div><strong>School type:</strong> Pri/Sec</div><div><strong>Area:</strong> Southern Melbourne</div><div><strong>Suburb:</strong> Keysborough</div><div><strong>Distance from Melbourne Connect:</strong> 27.01 km</div>,,,,-37.995979,145.14643,0,Haileybury College,0,,1,0,Independent,Pri/Sec,Southern Melbourne,Keysborough,No,27.01
900244,2,"24 Harmer Road, Hallam, 3803",<div><strong>Education sector:</strong> Government</div><div><strong>School type:</strong> Primary</div><div><strong>Area:</strong> Southern Melbourne</div><div><strong>Suburb:</strong> Hallam</div><div><strong>Distance from Melbourne Connect:</strong> 34.18 km</div>,,,,-38.001759,145.258244,0,Hallam Primary School,0,,1,0,Government,Primary,Southern Melbourne,Hallam,No,34.18
908868,2,"74-84 Frawley Road, Hallam, 3803",<div><strong>Education sector:</strong> Government</div><div><strong>School type:</strong> Secondary</div><div><strong>Area:</strong> Southern Melbourne</div><div><strong>Suburb:</strong> Hallam</div><div><strong>Distance from Melbourne Connect:</strong> 34.26 km</div>,,,,-38.000196,145.261185,0,Hallam Secondary College,0,,1,0,Government,Secondary,Southern Melbourne,Hallam,No,34.26
904062,2,"32 Somerville Road, Hampton Park, 3976",<div><strong>Education sector:</strong> Government</div><div><strong>School type:</strong> Primary</div><div><strong>Area:</strong> Southern Melbourne</div><div><strong>Suburb:</strong> Hampton Park</div><div><strong>Distance from Melbourne Connect:</strong> 36.01 km</div>,,,,-38.030413,145.252893,0,Hampton Park Primary School,0,,1,0,Government,Primary,Southern Melbourne,Hampton Park,No,36.01
908709,2,"58 - 96 Fordholm Road, Hampton Park, 3976",<div><strong>Education sector:</strong> Government</div><div><strong>School type:</strong> Secondary</div><div><strong>Area:</strong> Southern Melbourne</div><div><strong>Suburb:</strong> Hampton Park</div><div><strong>Distance from Melbourne Connect:</strong> 36.79 km</div>,,,,-38.034862,145.259884,0,Hampton Park Secondary College,0,,1,0,Government,Secondary,Southern Melbourne,Hampton Park,No,36.79
902106,2,"420-432 Belgrave-Hallam Road, Narre Warren North, 3804",<div><strong>Education sector:</strong> Independent</div><div><strong>School type:</strong> Pri/Sec</div><div><strong>Area:</strong> Southern Melbourne</div><div><strong>Suburb:</strong> Narre Warren North</div><div><strong>Distance from Melbourne Connect:</strong> 36.62 km</div>,,,,-37.977493,145.31587,0,Harkaway Hills College,0,,1,0,Independent,Pri/Sec,Southern Melbourne,Narre Warren North,No,36.62
901697,2,"65-67 King Road, Harkaway, 3806",<div><strong>Education sector:</strong> Government</div><div><strong>School type:</strong> Primary</div><div><strong>Area:</strong> Southern Melbourne</div><div><strong>Suburb:</strong> Harkaway</div><div><strong>Distance from Melbourne Connect:</strong> 40.19 km</div>,,,,-38.00085317,145.345173,0,Harkaway Primary School,0,,1,0,Government,Primary,Southern Melbourne,Harkaway,No,40.19
904730,2,"495 Princes Hwy, Noble Park, 3174",<div><strong>Education sector:</strong> Government</div><div><strong>School type:</strong> Primary</div><div><strong>Area:</strong> Southern Melbourne</div><div><strong>Suburb:</strong> Noble Park</div><div><strong>Distance from Melbourne Connect:</strong> 25.55 km</div>,,,,-37.954443,145.179896,0,Harrisfield Primary School,0,,1,0,Government,Primary,Southern Melbourne,Noble Park,No,25.55
904802,2,"959 Heatherton Road, Springvale, 3171",<div><strong>Education sector:</strong> Government</div><div><strong>School type:</strong> Primary</div><div><strong>Area:</strong> Southern Melbourne</div><div><strong>Suburb:</strong> Springvale</div><div><strong>Distance from Melbourne Connect:</strong> 24.82 km</div>,,,,-37.962648,145.158148,0,Heatherhill Primary School,0,,1,0,Government,Primary,Southern Melbourne,Springvale,No,24.82
901511,2,"333 Centre Road, Narre Warren South, 3805",<div><strong>Education sector:</strong> Independent</div><div><strong>School type:</strong> Pri/Sec</div><div><strong>Area:</strong> Southern Melbourne</div><div><strong>Suburb:</strong> Narre Warren South</div><div><strong>Distance from Melbourne Connect:</strong> 41.57 km</div>,,,,-38.050215,145.316519,0,Heritage College,0,,1,0,Independent,Pri/Sec,Southern Melbourne,Narre Warren South,No,41.57
901848,2,"500 Soldiers Road, Clyde North, 3978",<div><strong>Education sector:</strong> Independent</div><div><strong>School type:</strong> Pri/Sec</div><div><strong>Area:</strong> Southern Melbourne</div><div><strong>Suburb:</strong> Clyde North</div><div><strong>Distance from Melbourne Connect:</strong> 47.21 km</div>,,,,-38.084681,145.363801,0,Hillcrest Christian College,0,,1,0,Independent,Pri/Sec,Southern Melbourne,Clyde North,No,47.21
905482,2,"82S The Promenade, Narre Warren South, 3805",<div><strong>Education sector:</strong> Government</div><div><strong>School type:</strong> Primary</div><div><strong>Area:</strong> Southern Melbourne</div><div><strong>Suburb:</strong> Narre Warren South</div><div><strong>Distance from Melbourne Connect:</strong> 42.09 km</div>,,,,-38.06472,145.307463,0,Hillsmeade Primary School,0,,1,0,Government,Primary,Southern Melbourne,Narre Warren South,No,42.09
902102,2,"442 - 448 Springvale Road, Springvale South, 3172",<div><strong>Education sector:</strong> Independent</div><div><strong>School type:</strong> Primary</div><div><strong>Area:</strong> Southern Melbourne</div><div><strong>Suburb:</strong> Springvale South</div><div><strong>Distance from Melbourne Connect:</strong> 24.62 km</div>,,,,-37.96694215,145.1487888,0,Hoa Nghiem Primary School,0,,1,0,Independent,Primary,Southern Melbourne,Springvale South,No,24.62
901607,2,"100 Power Road, Doveton, 3177",<div><strong>Education sector:</strong> Catholic</div><div><strong>School type:</strong> Primary</div><div><strong>Area:</strong> Southern Melbourne</div><div><strong>Suburb:</strong> Doveton</div><div><strong>Distance from Melbourne Connect:</strong> 32.06 km</div>,,,,-37.990496,145.238629,0,Holy Family School,0,,1,0,Catholic,Primary,Southern Melbourne,Doveton,No,32.06
905136,2,"29-59 James Cook Drive, Endeavour Hills, 3802",<div><strong>Education sector:</strong> Government</div><div><strong>School type:</strong> Primary</div><div><strong>Area:</strong> Southern Melbourne</div><div><strong>Suburb:</strong> Endeavour Hills</div><div><strong>Distance from Melbourne Connect:</strong> 31.72 km</div>,,,,-37.979065,145.245853,0,James Cook Primary School,0,,1,0,Government,Primary,Southern Melbourne,Endeavour Hills,No,31.72
905561,2,"141 Henry Road, Pakenham, 3810",<div><strong>Education sector:</strong> Government</div><div><strong>School type:</strong> Primary</div><div><strong>Area:</strong> Southern Melbourne</div><div><strong>Suburb:</strong> Pakenham</div><div><strong>Distance from Melbourne Connect:</strong> 52.08 km</div>,,,,-38.077539,145.442805,0,John Henry Primary School,0,,1,0,Government,Primary,Southern Melbourne,Pakenham,No,52.08
908421,2,"68 Bemersyde Drive, Berwick, 3806",<div><strong>Education sector:</strong> Government</div><div><strong>School type:</strong> Secondary</div><div><strong>Area:</strong> Southern Melbourne</div><div><strong>Suburb:</strong> Berwick</div><div><strong>Distance from Melbourne Connect:</strong> 43.87 km</div>,,,,-38.05368819,145.34741,0,Kambrya College,0,,1,0,Government,Secondary,Southern Melbourne,Berwick,No,43.87
905572,2,"10 Homeleigh Road, Keysborough, 3173",<div><strong>Education sector:</strong> Government</div><div><strong>School type:</strong> Primary</div><div><strong>Area:</strong> Southern Melbourne</div><div><strong>Suburb:</strong> Keysborough</div><div><strong>Distance from Melbourne Connect:</strong> 29.00 km</div>,,,,-38.009508,145.161324,0,Keysborough Gardens Primary School,0,,1,0,Government,Primary,Southern Melbourne,Keysborough,No,29.00
905534,2,"33 Coomoora Road, Springvale South, 3172",<div><strong>Education sector:</strong> Government</div><div><strong>School type:</strong> Primary</div><div><strong>Area:</strong> Southern Melbourne</div><div><strong>Suburb:</strong> Springvale South</div><div><strong>Distance from Melbourne Connect:</strong> 26.16 km</div>,,,,-37.982629,145.152418,0,Keysborough Primary School,0,,1,0,Government,Primary,Southern Melbourne,Springvale South,No,26.16
908867,2,"8-20 Janine Road, Springvale South, 3172",<div><strong>Education sector:</strong> Government</div><div><strong>School type:</strong> Secondary</div><div><strong>Area:</strong> Southern Melbourne</div><div><strong>Suburb:</strong> Springvale South</div><div><strong>Distance from Melbourne Connect:</strong> 25.28 km</div>,,,,-37.967017,145.159839,0,Keysborough Secondary College,0,,1,0,Government,Secondary,Southern Melbourne,Springvale South,No,25.28
905350,2,"Kilberry Boulevard, Hampton Park, 3976",<div><strong>Education sector:</strong> Government</div><div><strong>School type:</strong> Primary</div><div><strong>Area:</strong> Southern Melbourne</div><div><strong>Suburb:</strong> Hampton Park</div><div><strong>Distance from Melbourne Connect:</strong> 37.98 km</div>,,,,-38.034165,145.27957,0,Kilberry Valley Primary School,0,,1,0,Government,Primary,Southern Melbourne,Hampton Park,No,37.98
901547,2,"433 Springvale Road, Springvale, 3171",<div><strong>Education sector:</strong> Catholic</div><div><strong>School type:</strong> Secondary</div><div><strong>Area:</strong> Southern Melbourne</div><div><strong>Suburb:</strong> Springvale</div><div><strong>Distance from Melbourne Connect:</strong> 24.16 km</div>,,,,-37.959071,145.152017,0,Killester College,0,,1,0,Catholic,Secondary,Southern Melbourne,Springvale,No,24.16
902629,2,"28-34 Moody Street, Koo Wee Rup, 3981",<div><strong>Education sector:</strong> Government</div><div><strong>School type:</strong> Primary</div><div><strong>Area:</strong> Southern Melbourne</div><div><strong>Suburb:</strong> Koo Wee Rup</div><div><strong>Distance from Melbourne Connect:</strong> 63.81 km</div>,,,,-38.194834,145.492857,0,Koo Wee Rup Primary School,0,,1,0,Government,Primary,Southern Melbourne,Koo Wee Rup,No,63.81
907955,2,"345-357 Rossiter Road, Koo Wee Rup, 3981",<div><strong>Education sector:</strong> Government</div><div><strong>School type:</strong> Secondary</div><div><strong>Area:</strong> Southern Melbourne</div><div><strong>Suburb:</strong> Koo Wee Rup</div><div><strong>Distance from Melbourne Connect:</strong> 64.17 km</div>,,,,-38.197091,145.495779,0,Koo Wee Rup Secondary College,0,,1,0,Government,Secondary,Southern Melbourne,Koo Wee Rup,No,64.17
905602,2,"40 Fairweather Parade, Officer, 3809",<div><strong>Education sector:</strong> Government</div><div><strong>School type:</strong> Primary</div><div><strong>Area:</strong> Southern Melbourne</div><div><strong>Suburb:</strong> Officer</div><div><strong>Distance from Melbourne Connect:</strong> 47.67 km</div>,,,,-38.059337,145.397219,0,Kurmile Primary School,0,,1,0,Government,Primary,Southern Melbourne,Officer,No,47.67
905594,2,"22 Allsburg Avenue, Officer, 3809",<div><strong>Education sector:</strong> Government</div><div><strong>School type:</strong> Primary</div><div><strong>Area:</strong> Southern Melbourne</div><div><strong>Suburb:</strong> Officer</div><div><strong>Distance from Melbourne Connect:</strong> 48.95 km</div>,,,,-38.070263,145.404987,0,Kurrun Primary School,0,,1,0,Government,Primary,Southern Melbourne,Officer,No,48.95
905615,2,"10 Kenneth Road, Pakenham, 3810",<div><strong>Education sector:</strong> Government</div><div><strong>School type:</strong> Primary</div><div><strong>Area:</strong> Southern Melbourne</div><div><strong>Suburb:</strong> Pakenham</div><div><strong>Distance from Melbourne Connect:</strong> 51.14 km</div>,,,,-38.055994,145.448794,0,Kuyim Primary School,0,,1,0,Government,Primary,Southern Melbourne,Pakenham,No,51.14
902035,2,"2 Portobello Road, Pakenham, 3810",<div><strong>Education sector:</strong> Independent</div><div><strong>School type:</strong> Pri/Sec</div><div><strong>Area:</strong> Southern Melbourne</div><div><strong>Suburb:</strong> Pakenham</div><div><strong>Distance from Melbourne Connect:</strong> 52.21 km</div>,,,,-38.06492414,145.4559279,0,Lakeside College,0,,1,0,Independent,Pri/Sec,Southern Melbourne,Pakenham,No,52.21
902899,2,"52 Westernport Road, Lang Lang, 3984",<div><strong>Education sector:</strong> Government</div><div><strong>School type:</strong> Primary</div><div><strong>Area:</strong> Southern Melbourne</div><div><strong>Suburb:</strong> Lang Lang</div><div><strong>Distance from Melbourne Connect:</strong> 73.89 km</div>,,,,-38.263173,145.569397,0,Lang Lang Primary School,0,,1,0,Government,Primary,Southern Melbourne,Lang Lang,No,73.89
901923,2,"927 Springvale Road, Keysborough, 3173",<div><strong>Education sector:</strong> Independent</div><div><strong>School type:</strong> Pri/Sec</div><div><strong>Area:</strong> Southern Melbourne</div><div><strong>Suburb:</strong> Keysborough</div><div><strong>Distance from Melbourne Connect:</strong> 27.34 km</div>,,,,-38.001204,145.143501,0,Lighthouse Christian College,0,,1,0,Independent,Pri/Sec,Southern Melbourne,Keysborough,No,27.34
902054,2,"1785 South Gippsland Hwy, Cranbourne, 3977",<div><strong>Education sector:</strong> Independent</div><div><strong>School type:</strong> Pri/Sec</div><div><strong>Area:</strong> Southern Melbourne</div><div><strong>Suburb:</strong> Cranbourne</div><div><strong>Distance from Melbourne Connect:</strong> 48.30 km</div>,,,,-38.14,145.3073,0,Lighthouse Christian College Cranbourne,0,,1,0,Independent,Pri/Sec,Southern Melbourne,Cranbourne,No,48.30
905494,2,"Paterson Drive, Lynbrook, 3975",<div><strong>Education sector:</strong> Government</div><div><strong>School type:</strong> Primary</div><div><strong>Area:</strong> Southern Melbourne</div><div><strong>Suburb:</strong> Lynbrook</div><div><strong>Distance from Melbourne Connect:</strong> 37.56 km</div>,,,,-38.05239,145.248986,0,Lynbrook Primary School,0,,1,0,Government,Primary,Southern Melbourne,Lynbrook,No,37.56
905535,2,"1 - 19 Oakwood Avenue, Dandenong North, 3175",<div><strong>Education sector:</strong> Government</div><div><strong>School type:</strong> Primary</div><div><strong>Area:</strong> Southern Melbourne</div><div><strong>Suburb:</strong> Dandenong North</div><div><strong>Distance from Melbourne Connect:</strong> 27.95 km</div>,,,,-37.965052,145.204651,0,Lyndale Greens Primary School,0,,1,0,Government,Primary,Southern Melbourne,Dandenong North,No,27.95
908000,2,"14 Halton Road, Dandenong North, 3175",<div><strong>Education sector:</strong> Government</div><div><strong>School type:</strong> Secondary</div><div><strong>Area:</strong> Southern Melbourne</div><div><strong>Suburb:</strong> Dandenong North</div><div><strong>Distance from Melbourne Connect:</strong> 27.64 km</div>,,,,-37.958765,145.206712,0,Lyndale Secondary College,0,,1,0,Government,Secondary,Southern Melbourne,Dandenong North,No,27.64
905521,2,"70 Brookwater Parade, Lyndhurst, 3975",<div><strong>Education sector:</strong> Government</div><div><strong>School type:</strong> Primary</div><div><strong>Area:</strong> Southern Melbourne</div><div><strong>Suburb:</strong> Lyndhurst</div><div><strong>Distance from Melbourne Connect:</strong> 39.75 km</div>,,,,-38.07496,145.254082,0,Lyndhurst Primary School,0,,1,0,Government,Primary,Southern Melbourne,Lyndhurst,No,39.75
907108,2,"950 South Gippsland Highway, Cranbourne, 3977",<div><strong>Education sector:</strong> Government</div><div><strong>School type:</strong> Secondary</div><div><strong>Area:</strong> Southern Melbourne</div><div><strong>Suburb:</strong> Cranbourne</div><div><strong>Distance from Melbourne Connect:</strong> 40.75 km</div>,,,,-38.075386,145.271028,0,Lyndhurst Secondary College,0,,1,0,Government,Secondary,Southern Melbourne,Cranbourne,No,40.75
902243,2,"20 A’Beckett Road, Narre Warren North, 3804",<div><strong>Education sector:</strong> Independent</div><div><strong>School type:</strong> Pri/Sec</div><div><strong>Area:</strong> Southern Melbourne</div><div><strong>Suburb:</strong> Narre Warren North</div><div><strong>Distance from Melbourne Connect:</strong> 36.63 km</div>,,,,-37.977477,145.31604,0,Lysterfield Lake College,0,,1,0,Independent,Pri/Sec,Southern Melbourne,Narre Warren North,No,36.63
905293,2,"Maramba Drive, Narre Warren, 3805",<div><strong>Education sector:</strong> Government</div><div><strong>School type:</strong> Primary</div><div><strong>Area:</strong> Southern Melbourne</div><div><strong>Suburb:</strong> Narre Warren</div><div><strong>Distance from Melbourne Connect:</strong> 37.42 km</div>,,,,-38.003437,145.304125,0,Maramba Primary School,0,,1,0,Government,Primary,Southern Melbourne,Narre Warren,No,37.42
901679,2,"104-108 Reema Boulevard, Endeavour Hills, 3802",<div><strong>Education sector:</strong> Independent</div><div><strong>School type:</strong> Pri/Sec</div><div><strong>Area:</strong> Southern Melbourne</div><div><strong>Suburb:</strong> Endeavour Hills</div><div><strong>Distance from Melbourne Connect:</strong> 33.45 km</div>,,,,-37.970919,145.278034,0,Maranatha Christian School,0,,1,0,Independent,Pri/Sec,Southern Melbourne,Endeavour Hills,No,33.45
905464,2,"9 New Holland Drive, Cranbourne East, 3977",<div><strong>Education sector:</strong> Government</div><div><strong>School type:</strong> Special</div><div><strong>Area:</strong> Southern Melbourne</div><div><strong>Suburb:</strong> Cranbourne East</div><div><strong>Distance from Melbourne Connect:</strong> 45.14 km</div>,,,,-38.11020493,145.2964999,0,Marnebek School Cranbourne,0,,1,0,Government,Special,Southern Melbourne,Cranbourne East,No,45.14
901944,2,"2 Ernst Wanke Road, Narre Warren North, 3804",<div><strong>Education sector:</strong> Catholic</div><div><strong>School type:</strong> Primary</div><div><strong>Area:</strong> Southern Melbourne</div><div><strong>Suburb:</strong> Narre Warren North</div><div><strong>Distance from Melbourne Connect:</strong> 37.43 km</div>,,,,-37.995837,145.311285,0,Mary MacKillop School,0,,1,0,Catholic,Primary,Southern Melbourne,Narre Warren North,No,37.43
901936,2,"36-38 Lewis Street, Springvale, 3171",<div><strong>Education sector:</strong> Independent</div><div><strong>School type:</strong> Pri/Sec</div><div><strong>Area:</strong> Southern Melbourne</div><div><strong>Suburb:</strong> Springvale</div><div><strong>Distance from Melbourne Connect:</strong> 22.37 km</div>,,,,-37.93904,145.148625,0,Minaret College,0,,1,0,Independent,Pri/Sec,Southern Melbourne,Springvale,No,22.37
905619,2,"75 Welsummer Drive, Clyde North, 3978",<div><strong>Education sector:</strong> Government</div><div><strong>School type:</strong> Primary</div><div><strong>Area:</strong> Southern Melbourne</div><div><strong>Suburb:</strong> Clyde North</div><div><strong>Distance from Melbourne Connect:</strong> 46.86 km</div>,,,,-38.102028,145.337129,0,Mirniyan Primary School,0,,1,0,Government,Primary,Southern Melbourne,Clyde North,No,46.86
905205,2,"71 Scotsburn Way, Endeavour Hills, 3802",<div><strong>Education sector:</strong> Government</div><div><strong>School type:</strong> Primary</div><div><strong>Area:</strong> Southern Melbourne</div><div><strong>Suburb:</strong> Endeavour Hills</div><div><strong>Distance from Melbourne Connect:</strong> 32.55 km</div>,,,,-37.968386,145.267718,0,Mossgiel Park Primary School,0,,1,0,Government,Primary,Southern Melbourne,Endeavour Hills,No,32.55
901990,2,"185 Perry Road, Keysborough, 3173",<div><strong>Education sector:</strong> Independent</div><div><strong>School type:</strong> Pri/Sec</div><div><strong>Area:</strong> Southern Melbourne</div><div><strong>Suburb:</strong> Keysborough</div><div><strong>Distance from Melbourne Connect:</strong> 30.15 km</div>,,,,-38.013991,145.175471,0,Mt Hira College,0,,1,0,Independent,Pri/Sec,Southern Melbourne,Keysborough,No,30.15
902248,2,"27 Spencer Street, Nar Nar Goon, 3812",<div><strong>Education sector:</strong> Government</div><div><strong>School type:</strong> Primary</div><div><strong>Area:</strong> Southern Melbourne</div><div><strong>Suburb:</strong> Nar Nar Goon</div><div><strong>Distance from Melbourne Connect:</strong> 62.02 km</div>,,,,-38.082766,145.574014,0,Nar Nar Goon Primary School,0,,1,0,Government,Primary,Southern Melbourne,Nar Nar Goon,No,62.02
902254,2,"1 Malcolm Crt, Narre Warren, 3805",<div><strong>Education sector:</strong> Independent</div><div><strong>School type:</strong> Special</div><div><strong>Area:</strong> Southern Melbourne</div><div><strong>Suburb:</strong> Narre Warren</div><div><strong>Distance from Melbourne Connect:</strong> 39.14 km</div>,,,,-38.026869,145.305606,0,Narre Community Learning Centre | Foundation College,0,,1,0,Independent,Special,Southern Melbourne,Narre Warren,No,39.14
901901,2,"15-31 A'beckett Road, Narre  Warren  North, 3804",<div><strong>Education sector:</strong> Government</div><div><strong>School type:</strong> Primary</div><div><strong>Area:</strong> Southern Melbourne</div><div><strong>Suburb:</strong> Narre  Warren  North</div><div><strong>Distance from Melbourne Connect:</strong> 36.76 km</div>,,,,-37.978585,145.316923,0,Narre Warren North Primary School,0,,1,0,Government,Primary,Southern Melbourne,Narre  Warren  North,No,36.76
908839,2,"Amberly Park Drive, Narre Warren South, 3805",<div><strong>Education sector:</strong> Government</div><div><strong>School type:</strong> Pri/Sec</div><div><strong>Area:</strong> Southern Melbourne</div><div><strong>Suburb:</strong> Narre Warren South</div><div><strong>Distance from Melbourne Connect:</strong> 39.52 km</div>,,,,-38.049734,145.285075,0,Narre Warren South P-12 College,0,,1,0,Government,Pri/Sec,Southern Melbourne,Narre Warren South,No,39.52
901899,2,"Manning Drive, Noble Park North, 3174",<div><strong>Education sector:</strong> Catholic</div><div><strong>School type:</strong> Secondary</div><div><strong>Area:</strong> Southern Melbourne</div><div><strong>Suburb:</strong> Noble Park North</div><div><strong>Distance from Melbourne Connect:</strong> 25.58 km</div>,,,,-37.940226,145.195459,0,Nazareth College,0,,1,0,Catholic,Secondary,Southern Melbourne,Noble Park North,No,25.58
908749,2,"21-35 Thomas Street, Noble Park, 3174",<div><strong>Education sector:</strong> Government</div><div><strong>School type:</strong> Language</div><div><strong>Area:</strong> Southern Melbourne</div><div><strong>Suburb:</strong> Noble Park</div><div><strong>Distance from Melbourne Connect:</strong> 26.72 km</div>,,,,-37.971168,145.178166,0,Noble Park English Language School,0,,1,0,Government,Language,Southern Melbourne,Noble Park,No,26.72
903675,2,"65 Buckley Street, Noble Park, 3174",<div><strong>Education sector:</strong> Government</div><div><strong>School type:</strong> Primary</div><div><strong>Area:</strong> Southern Melbourne</div><div><strong>Suburb:</strong> Noble Park</div><div><strong>Distance from Melbourne Connect:</strong> 26.42 km</div>,,,,-37.970627,145.173906,0,Noble Park Primary School,0,,1,0,Government,Primary,Southern Melbourne,Noble Park,No,26.42
908813,2,"3 Callaghan Street, Noble Park, 3174",<div><strong>Education sector:</strong> Government</div><div><strong>School type:</strong> Secondary</div><div><strong>Area:</strong> Southern Melbourne</div><div><strong>Suburb:</strong> Noble Park</div><div><strong>Distance from Melbourne Connect:</strong> 26.91 km</div>,,,,-37.970209,145.182369,0,Noble Park Secondary College,0,,1,0,Government,Secondary,Southern Melbourne,Noble Park,No,26.91
908865,2,"40 Sir Gustav Nossal Blvd, Berwick, 3806",<div><strong>Education sector:</strong> Government</div><div><strong>School type:</strong> Secondary</div><div><strong>Area:</strong> Southern Melbourne</div><div><strong>Suburb:</strong> Berwick</div><div><strong>Distance from Melbourne Connect:</strong> 42.06 km</div>,,,,-38.038502,145.336563,0,Nossal High School,0,,1,0,Government,Secondary,Southern Melbourne,Berwick,No,42.06
905363,2,"79 - 93 Kurrajong Road, Narre Warren, 3805",<div><strong>Education sector:</strong> Government</div><div><strong>School type:</strong> Primary</div><div><strong>Area:</strong> Southern Melbourne</div><div><strong>Suburb:</strong> Narre Warren</div><div><strong>Distance from Melbourne Connect:</strong> 38.47 km</div>,,,,-38.006441,145.31619,0,Oatlands Primary School,0,,1,0,Government,Primary,Southern Melbourne,Narre Warren,No,38.47
902742,2,"13-23 Tivendale Rd, Officer, 3809",<div><strong>Education sector:</strong> Government</div><div><strong>School type:</strong> Primary</div><div><strong>Area:</strong> Southern Melbourne</div><div><strong>Suburb:</strong> Officer</div><div><strong>Distance from Melbourne Connect:</strong> 48.51 km</div>,,,,-38.058277,145.410181,0,Officer Primary School,0,,1,0,Government,Primary,Southern Melbourne,Officer,No,48.51
908907,2,"1 Parker Street, Officer, 3809",<div><strong>Education sector:</strong> Government</div><div><strong>School type:</strong> Secondary</div><div><strong>Area:</strong> Southern Melbourne</div><div><strong>Suburb:</strong> Officer</div><div><strong>Distance from Melbourne Connect:</strong> 49.48 km</div>,,,,-38.072015,145.410967,0,Officer Secondary College,0,,1,0,Government,Secondary,Southern Melbourne,Officer,No,49.48
905550,2,"3 Parker Street, Officer, 3809",<div><strong>Education sector:</strong> Government</div><div><strong>School type:</strong> Special</div><div><strong>Area:</strong> Southern Melbourne</div><div><strong>Suburb:</strong> Officer</div><div><strong>Distance from Melbourne Connect:</strong> 49.42 km</div>,,,,-38.07078882,145.4113067,0,Officer Specialist School,0,,1,0,Government,Special,Southern Melbourne,Officer,No,49.42
905358,2,"291 Pink Hill Boulevard, Officer, 3809",<div><strong>Education sector:</strong> Government</div><div><strong>School type:</strong> Primary</div><div><strong>Area:</strong> Southern Melbourne</div><div><strong>Suburb:</strong> Officer</div><div><strong>Distance from Melbourne Connect:</strong> 47.33 km</div>,,,,-38.05488,145.396589,0,Orchard Park Primary School,0,,1,0,Government,Primary,Southern Melbourne,Officer,No,47.33
906243,2,"2 Rundell Way, Pakenham, 3810",<div><strong>Education sector:</strong> Government</div><div><strong>School type:</strong> Primary</div><div><strong>Area:</strong> Southern Melbourne</div><div><strong>Suburb:</strong> Pakenham</div><div><strong>Distance from Melbourne Connect:</strong> 52.88 km</div>,,,,-38.065371,145.464663,0,Pakenham Consolidated School,0,,1,0,Government,Primary,Southern Melbourne,Pakenham,No,52.88
905370,2,"15 Kennedy Road, Pakenham, 3810",<div><strong>Education sector:</strong> Government</div><div><strong>School type:</strong> Primary</div><div><strong>Area:</strong> Southern Melbourne</div><div><strong>Suburb:</strong> Pakenham</div><div><strong>Distance from Melbourne Connect:</strong> 54.78 km</div>,,,,-38.060626,145.494421,0,Pakenham Hills Primary School,0,,1,0,Government,Primary,Southern Melbourne,Pakenham,No,54.78
905504,2,"23 Shearwater Drive, Pakenham, 3810",<div><strong>Education sector:</strong> Government</div><div><strong>School type:</strong> Primary</div><div><strong>Area:</strong> Southern Melbourne</div><div><strong>Suburb:</strong> Pakenham</div><div><strong>Distance from Melbourne Connect:</strong> 51.22 km</div>,,,,-38.068457,145.438998,0,Pakenham Lakeside Primary School,0,,1,0,Government,Primary,Southern Melbourne,Pakenham,No,51.22
905527,2,"50 Atlantic Drive, Pakenham, 3810",<div><strong>Education sector:</strong> Government</div><div><strong>School type:</strong> Primary</div><div><strong>Area:</strong> Southern Melbourne</div><div><strong>Suburb:</strong> Pakenham</div><div><strong>Distance from Melbourne Connect:</strong> 56.20 km</div>,,,,-38.06393707,145.5108401,0,Pakenham Primary School,0,,1,0,Government,Primary,Southern Melbourne,Pakenham,No,56.20
908223,2,"1020 Princes Highway, Pakenham, 3810",<div><strong>Education sector:</strong> Government</div><div><strong>School type:</strong> Secondary</div><div><strong>Area:</strong> Southern Melbourne</div><div><strong>Suburb:</strong> Pakenham</div><div><strong>Distance from Melbourne Connect:</strong> 53.56 km</div>,,,,-38.068997,145.471002,0,Pakenham Secondary College,0,,1,0,Government,Secondary,Southern Melbourne,Pakenham,No,53.56
905507,2,"5 Livingstone Boulevard, Pakenham, 3810",<div><strong>Education sector:</strong> Government</div><div><strong>School type:</strong> Primary</div><div><strong>Area:</strong> Southern Melbourne</div><div><strong>Suburb:</strong> Pakenham</div><div><strong>Distance from Melbourne Connect:</strong> 54.47 km</div>,,,,-38.084508,145.470076,0,Pakenham Springs Primary School,0,,1,0,Government,Primary,Southern Melbourne,Pakenham,No,54.47
905591,2,"10 Morningside Boulevard, Cranbourne West, 3977",<div><strong>Education sector:</strong> Government</div><div><strong>School type:</strong> Primary</div><div><strong>Area:</strong> Southern Melbourne</div><div><strong>Suburb:</strong> Cranbourne West</div><div><strong>Distance from Melbourne Connect:</strong> 41.26 km</div>,,,,-38.09481,145.250168,0,Quarters Primary School,0,,1,0,Government,Primary,Southern Melbourne,Cranbourne West,No,41.26
905581,2,"34S Thoroughbred Drive, Clyde North, 3978",<div><strong>Education sector:</strong> Government</div><div><strong>School type:</strong> Primary</div><div><strong>Area:</strong> Southern Melbourne</div><div><strong>Suburb:</strong> Clyde North</div><div><strong>Distance from Melbourne Connect:</strong> 47.96 km</div>,,,,-38.114885,145.338275,0,Ramlegh Park Primary School,0,,1,0,Government,Primary,Southern Melbourne,Clyde North,No,47.96
905232,2,"14-36 Lesdon Avenue, Cranbourne, 3977",<div><strong>Education sector:</strong> Government</div><div><strong>School type:</strong> Primary</div><div><strong>Area:</strong> Southern Melbourne</div><div><strong>Suburb:</strong> Cranbourne</div><div><strong>Distance from Melbourne Connect:</strong> 42.05 km</div>,,,,-38.087362,145.276217,0,Rangebank Primary School,0,,1,0,Government,Primary,Southern Melbourne,Cranbourne,No,42.05
901737,2,"402 Corrigan Road, Keysborough, 3173",<div><strong>Education sector:</strong> Catholic</div><div><strong>School type:</strong> Primary</div><div><strong>Area:</strong> Southern Melbourne</div><div><strong>Suburb:</strong> Keysborough</div><div><strong>Distance from Melbourne Connect:</strong> 27.38 km</div>,,,,-37.989944,145.16293,0,Resurrection School,0,,1,0,Catholic,Primary,Southern Melbourne,Keysborough,No,27.38
905130,2,"63 Fordholm Road, Hampton Park, 3976",<div><strong>Education sector:</strong> Government</div><div><strong>School type:</strong> Primary</div><div><strong>Area:</strong> Southern Melbourne</div><div><strong>Suburb:</strong> Hampton Park</div><div><strong>Distance from Melbourne Connect:</strong> 36.82 km</div>,,,,-38.034654,145.260507,0,River Gum Primary School,0,,1,0,Government,Primary,Southern Melbourne,Hampton Park,No,36.82
905087,2,"25 Murray Road, Dandenong North, 3175",<div><strong>Education sector:</strong> Government</div><div><strong>School type:</strong> Primary</div><div><strong>Area:</strong> Southern Melbourne</div><div><strong>Suburb:</strong> Dandenong North</div><div><strong>Distance from Melbourne Connect:</strong> 27.11 km</div>,,,,-37.944112,145.213459,0,Rosewood Downs Primary School,0,,1,0,Government,Primary,Southern Melbourne,Dandenong North,No,27.11
902246,2,"434-442 Belgrave-Hallam Road, Narre Warren North, 3804",<div><strong>Education sector:</strong> Independent</div><div><strong>School type:</strong> Primary</div><div><strong>Area:</strong> Southern Melbourne</div><div><strong>Suburb:</strong> Narre Warren North</div><div><strong>Distance from Melbourne Connect:</strong> 36.37 km</div>,,,,-37.973241,145.315888,0,Sidrah Gardens School,0,,1,0,Independent,Primary,Southern Melbourne,Narre Warren North,No,36.37
905120,2,"77-123 Jacksons Road, Noble Park North, 3174",<div><strong>Education sector:</strong> Government</div><div><strong>School type:</strong> Primary</div><div><strong>Area:</strong> Southern Melbourne</div><div><strong>Suburb:</strong> Noble Park North</div><div><strong>Distance from Melbourne Connect:</strong> 26.03 km</div>,,,,-37.949229,145.192882,0,Silverton Primary School,0,,1,0,Government,Primary,Southern Melbourne,Noble Park North,No,26.03
905235,2,"1-21 David Collins Drive, Endeavour Hills, 3802",<div><strong>Education sector:</strong> Government</div><div><strong>School type:</strong> Primary</div><div><strong>Area:</strong> Southern Melbourne</div><div><strong>Suburb:</strong> Endeavour Hills</div><div><strong>Distance from Melbourne Connect:</strong> 33.63 km</div>,,,,-37.988234,145.264412,0,Southern Cross Primary School,0,,1,0,Government,Primary,Southern Melbourne,Endeavour Hills,No,33.63
905538,2,"24 Erica Street, Springvale, 3171",<div><strong>Education sector:</strong> Government</div><div><strong>School type:</strong> Primary</div><div><strong>Area:</strong> Southern Melbourne</div><div><strong>Suburb:</strong> Springvale</div><div><strong>Distance from Melbourne Connect:</strong> 23.41 km</div>,,,,-37.958843,145.139507,0,Spring Parks Primary School,0,,1,0,Government,Primary,Southern Melbourne,Springvale,No,23.41
905164,2,"13-15 Sandown Road, Springvale, 3171",<div><strong>Education sector:</strong> Government</div><div><strong>School type:</strong> Special</div><div><strong>Area:</strong> Southern Melbourne</div><div><strong>Suburb:</strong> Springvale</div><div><strong>Distance from Melbourne Connect:</strong> 23.53 km</div>,,,,-37.94935521,145.1543122,0,Springvale Park Special Developmental School,0,,1,0,Government,Special,Southern Melbourne,Springvale,No,23.53
905537,2,"32-52 Wareham Street, Springvale, 3171",<div><strong>Education sector:</strong> Government</div><div><strong>School type:</strong> Primary</div><div><strong>Area:</strong> Southern Melbourne</div><div><strong>Suburb:</strong> Springvale</div><div><strong>Distance from Melbourne Connect:</strong> 23.06 km</div>,,,,-37.939258,145.159045,0,Springvale Rise Primary School,0,,1,0,Government,Primary,Southern Melbourne,Springvale,No,23.06
901736,2,"Scott Street, Cranbourne, 3977",<div><strong>Education sector:</strong> Catholic</div><div><strong>School type:</strong> Primary</div><div><strong>Area:</strong> Southern Melbourne</div><div><strong>Suburb:</strong> Cranbourne</div><div><strong>Distance from Melbourne Connect:</strong> 44.28 km</div>,,,,-38.111642,145.278852,0,St Agatha's School,0,,1,0,Catholic,Primary,Southern Melbourne,Cranbourne,No,44.28
901530,2,"90 Buckley Street, Noble Park, 3174",<div><strong>Education sector:</strong> Catholic</div><div><strong>School type:</strong> Primary</div><div><strong>Area:</strong> Southern Melbourne</div><div><strong>Suburb:</strong> Noble Park</div><div><strong>Distance from Melbourne Connect:</strong> 26.41 km</div>,,,,-37.97171,145.172427,0,St Anthony's School,0,,1,0,Catholic,Primary,Southern Melbourne,Noble Park,No,26.41
902067,2,"25 Bayview Road, Officer, 3809",<div><strong>Education sector:</strong> Catholic</div><div><strong>School type:</strong> Primary</div><div><strong>Area:</strong> Southern Melbourne</div><div><strong>Suburb:</strong> Officer</div><div><strong>Distance from Melbourne Connect:</strong> 47.95 km</div>,,,,-38.054618,145.405667,0,St Brigid's School,0,,1,0,Catholic,Primary,Southern Melbourne,Officer,No,47.95
901956,2,"73 Ridgemont Drive, Berwick, 3806",<div><strong>Education sector:</strong> Catholic</div><div><strong>School type:</strong> Primary</div><div><strong>Area:</strong> Southern Melbourne</div><div><strong>Suburb:</strong> Berwick</div><div><strong>Distance from Melbourne Connect:</strong> 44.35 km</div>,,,,-38.06977499,145.3369472,0,St Catherine's Primary School,0,,1,0,Catholic,Primary,Southern Melbourne,Berwick,No,44.35
902095,2,"95 Majestic Drive, Officer, 3809",<div><strong>Education sector:</strong> Catholic</div><div><strong>School type:</strong> Primary</div><div><strong>Area:</strong> Southern Melbourne</div><div><strong>Suburb:</strong> Officer</div><div><strong>Distance from Melbourne Connect:</strong> 50.41 km</div>,,,,-38.06277462,145.4327127,0,St Clare's Primary School,0,,1,0,Catholic,Primary,Southern Melbourne,Officer,No,50.41
901762,2,"111 Bakers Road, Dandenong North, 3175",<div><strong>Education sector:</strong> Catholic</div><div><strong>School type:</strong> Primary</div><div><strong>Area:</strong> Southern Melbourne</div><div><strong>Suburb:</strong> Dandenong North</div><div><strong>Distance from Melbourne Connect:</strong> 26.24 km</div>,,,,-37.946321,145.198878,0,St Elizabeth's School,0,,1,0,Catholic,Primary,Southern Melbourne,Dandenong North,No,26.24
901766,2,"4 Beaconsfield Avenue, Beaconsfield, 3807",<div><strong>Education sector:</strong> Catholic</div><div><strong>School type:</strong> Secondary</div><div><strong>Area:</strong> Southern Melbourne</div><div><strong>Suburb:</strong> Beaconsfield</div><div><strong>Distance from Melbourne Connect:</strong> 45.50 km</div>,,,,-38.052002,145.373106,0,St Francis Xavier College,0,,1,0,Catholic,Secondary,Southern Melbourne,Beaconsfield,No,45.50
902068,2,"122 Paterson Drive, Lynbrook, 3975",<div><strong>Education sector:</strong> Catholic</div><div><strong>School type:</strong> Primary</div><div><strong>Area:</strong> Southern Melbourne</div><div><strong>Suburb:</strong> Lynbrook</div><div><strong>Distance from Melbourne Connect:</strong> 38.31 km</div>,,,,-38.059012,145.252476,0,St Francis de Sales Catholic Primary School,0,,1,0,Catholic,Primary,Southern Melbourne,Lynbrook,No,38.31
901566,2,"71 Gladstone Road, Dandenong North, 3175",<div><strong>Education sector:</strong> Catholic</div><div><strong>School type:</strong> Primary</div><div><strong>Area:</strong> Southern Melbourne</div><div><strong>Suburb:</strong> Dandenong North</div><div><strong>Distance from Melbourne Connect:</strong> 28.49 km</div>,,,,-37.971329,145.205824,0,St Gerard's School,0,,1,0,Catholic,Primary,Southern Melbourne,Dandenong North,No,28.49
901015,2,"60 Nar Nar Goon Road, Nar Nar Goon, 3812",<div><strong>Education sector:</strong> Catholic</div><div><strong>School type:</strong> Primary</div><div><strong>Area:</strong> Southern Melbourne</div><div><strong>Suburb:</strong> Nar Nar Goon</div><div><strong>Distance from Melbourne Connect:</strong> 61.42 km</div>,,,,-38.07303246,145.5731875,0,St James School,0,,1,0,Catholic,Primary,Southern Melbourne,Nar Nar Goon,No,61.42
901416,2,"Station Street, Koo Wee Rup, 3981",<div><strong>Education sector:</strong> Catholic</div><div><strong>School type:</strong> Primary</div><div><strong>Area:</strong> Southern Melbourne</div><div><strong>Suburb:</strong> Koo Wee Rup</div><div><strong>Distance from Melbourne Connect:</strong> 63.53 km</div>,,,,-38.197464,145.485268,0,St John the Baptist's School,0,,1,0,Catholic,Primary,Southern Melbourne,Koo Wee Rup,No,63.53
901588,2,"5-11 Caroline Street, Dandenong, 3175",<div><strong>Education sector:</strong> Catholic</div><div><strong>School type:</strong> Secondary</div><div><strong>Area:</strong> Southern Melbourne</div><div><strong>Suburb:</strong> Dandenong</div><div><strong>Distance from Melbourne Connect:</strong> 31.23 km</div>,,,,-37.990229,145.226256,0,St John's Regional College,0,,1,0,Catholic,Secondary,Southern Melbourne,Dandenong,No,31.23
901429,2,"33 St John's Avenue, Springvale, 3171",<div><strong>Education sector:</strong> Catholic</div><div><strong>School type:</strong> Primary</div><div><strong>Area:</strong> Southern Melbourne</div><div><strong>Suburb:</strong> Springvale</div><div><strong>Distance from Melbourne Connect:</strong> 23.59 km</div>,,,,-37.953229,145.150344,0,St Joseph's School,0,,1,0,Catholic,Primary,Southern Melbourne,Springvale,No,23.59
902260,2,"40 Wild Goose Way, Clyde North, 3978",<div><strong>Education sector:</strong> Catholic</div><div><strong>School type:</strong> Primary</div><div><strong>Area:</strong> Southern Melbourne</div><div><strong>Suburb:</strong> Clyde North</div><div><strong>Distance from Melbourne Connect:</strong> 49.27 km</div>,,,,-38.111297,145.364334,0,St Josephine Bakhita Catholic Primary School,0,,1,0,Catholic,Primary,Southern Melbourne,Clyde North,No,49.27
901918,2,"120 Hallam Road, Hampton Park, 3976",<div><strong>Education sector:</strong> Catholic</div><div><strong>School type:</strong> Primary</div><div><strong>Area:</strong> Southern Melbourne</div><div><strong>Suburb:</strong> Hampton Park</div><div><strong>Distance from Melbourne Connect:</strong> 37.61 km</div>,,,,-38.039316,145.2674,0,St Kevin's School,0,,1,0,Catholic,Primary,Southern Melbourne,Hampton Park,No,37.61
901316,2,"27-47 Gloucester Ave, Berwick, 3806",<div><strong>Education sector:</strong> Independent</div><div><strong>School type:</strong> Pri/Sec</div><div><strong>Area:</strong> Southern Melbourne</div><div><strong>Suburb:</strong> Berwick</div><div><strong>Distance from Melbourne Connect:</strong> 42.53 km</div>,,,,-38.035346,145.346545,0,St Margaret’s Berwick Grammar,0,,1,0,Independent,Pri/Sec,Southern Melbourne,Berwick,No,42.53
900935,2,"20-24 New Street, Dandenong, 3175",<div><strong>Education sector:</strong> Catholic</div><div><strong>School type:</strong> Primary</div><div><strong>Area:</strong> Southern Melbourne</div><div><strong>Suburb:</strong> Dandenong</div><div><strong>Distance from Melbourne Connect:</strong> 30.92 km</div>,,,,-37.990671,145.220836,0,St Mary's School,0,,1,0,Catholic,Primary,Southern Melbourne,Dandenong,No,30.92
901624,2,"16 Scanlan Street, Berwick, 3806",<div><strong>Education sector:</strong> Catholic</div><div><strong>School type:</strong> Primary</div><div><strong>Area:</strong> Southern Melbourne</div><div><strong>Suburb:</strong> Berwick</div><div><strong>Distance from Melbourne Connect:</strong> 42.91 km</div>,,,,-38.033824,145.353572,0,St Michael's School,0,,1,0,Catholic,Primary,Southern Melbourne,Berwick,No,42.91
900386,2,"136 Princes Highway, Pakenham, 3810",<div><strong>Education sector:</strong> Catholic</div><div><strong>School type:</strong> Primary</div><div><strong>Area:</strong> Southern Melbourne</div><div><strong>Suburb:</strong> Pakenham</div><div><strong>Distance from Melbourne Connect:</strong> 53.84 km</div>,,,,-38.06938466,145.4745267,0,St Patrick's School,0,,1,0,Catholic,Primary,Southern Melbourne,Pakenham,No,53.84
901897,2,"76 Mossgiel Park Drive, Endeavour Hills, 3802",<div><strong>Education sector:</strong> Catholic</div><div><strong>School type:</strong> Primary</div><div><strong>Area:</strong> Southern Melbourne</div><div><strong>Suburb:</strong> Endeavour Hills</div><div><strong>Distance from Melbourne Connect:</strong> 32.13 km</div>,,,,-37.967529,145.262664,0,St Paul Apostle North School,0,,1,0,Catholic,Primary,Southern Melbourne,Endeavour Hills,No,32.13
901820,2,"9 William Hovell Drive, Endeavour Hills, 3802",<div><strong>Education sector:</strong> Catholic</div><div><strong>School type:</strong> Primary</div><div><strong>Area:</strong> Southern Melbourne</div><div><strong>Suburb:</strong> Endeavour Hills</div><div><strong>Distance from Melbourne Connect:</strong> 32.66 km</div>,,,,-37.980524,145.257929,0,St Paul Apostle South School,0,,1,0,Catholic,Primary,Southern Melbourne,Endeavour Hills,No,32.66
901920,2,"1005 Cranbourne-Frankston Road, Cranbourne, 3977",<div><strong>Education sector:</strong> Catholic</div><div><strong>School type:</strong> Secondary</div><div><strong>Area:</strong> Southern Melbourne</div><div><strong>Suburb:</strong> Cranbourne</div><div><strong>Distance from Melbourne Connect:</strong> 42.82 km</div>,,,,-38.108411,145.256866,0,St Peter's College,0,,1,0,Catholic,Secondary,Southern Melbourne,Cranbourne,No,42.82
901926,2,"131 Endeavour Drive, Cranbourne, 3977",<div><strong>Education sector:</strong> Catholic</div><div><strong>School type:</strong> Primary</div><div><strong>Area:</strong> Southern Melbourne</div><div><strong>Suburb:</strong> Cranbourne</div><div><strong>Distance from Melbourne Connect:</strong> 40.69 km</div>,,,,-38.07727,145.267244,0,St Therese's School,0,,1,0,Catholic,Primary,Southern Melbourne,Cranbourne,No,40.69
901966,2,"1 Tynong Road, Tynong, 3813",<div><strong>Education sector:</strong> Independent</div><div><strong>School type:</strong> Pri/Sec</div><div><strong>Area:</strong> Southern Melbourne</div><div><strong>Suburb:</strong> Tynong</div><div><strong>Distance from Melbourne Connect:</strong> 65.84 km</div>,,,,-38.08322193,145.6236872,0,St Thomas Aquinas College,0,,1,0,Independent,Pri/Sec,Southern Melbourne,Tynong,No,65.84
902090,2,"Enter via Mac Killop Way, Cranbourne East, 3977",<div><strong>Education sector:</strong> Catholic</div><div><strong>School type:</strong> Primary</div><div><strong>Area:</strong> Southern Melbourne</div><div><strong>Suburb:</strong> Cranbourne East</div><div><strong>Distance from Melbourne Connect:</strong> 46.81 km</div>,,,,-38.116173,145.317042,0,St Thomas the Apostle Catholic Primary School,0,,1,0,Catholic,Primary,Southern Melbourne,Cranbourne East,No,46.81
905463,2,"20 Sherwood Road, Narre Warren South, 3805",<div><strong>Education sector:</strong> Government</div><div><strong>School type:</strong> Primary</div><div><strong>Area:</strong> Southern Melbourne</div><div><strong>Suburb:</strong> Narre Warren South</div><div><strong>Distance from Melbourne Connect:</strong> 40.69 km</div>,,,,-38.06312,145.28692,0,Strathaird Primary School,0,,1,0,Government,Primary,Southern Melbourne,Narre Warren South,No,40.69
905294,2,"67-77 Thomas Mitchell Drive, Endeavour Hills, 3802",<div><strong>Education sector:</strong> Government</div><div><strong>School type:</strong> Primary</div><div><strong>Area:</strong> Southern Melbourne</div><div><strong>Suburb:</strong> Endeavour Hills</div><div><strong>Distance from Melbourne Connect:</strong> 33.78 km</div>,,,,-37.980562,145.27391,0,Thomas Mitchell Primary School,0,,1,0,Government,Primary,Southern Melbourne,Endeavour Hills,No,33.78
905479,2,"159-197 Parkhill Drive, Berwick, 3806",<div><strong>Education sector:</strong> Government</div><div><strong>School type:</strong> Pri/Sec</div><div><strong>Area:</strong> Southern Melbourne</div><div><strong>Suburb:</strong> Berwick</div><div><strong>Distance from Melbourne Connect:</strong> 39.53 km</div>,,,,-38.01557462,145.3226276,0,Timbarra P-9 College,0,,1,0,Government,Pri/Sec,Southern Melbourne,Berwick,No,39.53
901503,2,"Bayview Road, Tooradin, 3980",<div><strong>Education sector:</strong> Government</div><div><strong>School type:</strong> Primary</div><div><strong>Area:</strong> Southern Melbourne</div><div><strong>Suburb:</strong> Tooradin</div><div><strong>Distance from Melbourne Connect:</strong> 58.06 km</div>,,,,-38.207631,145.378493,0,Tooradin Primary School,0,,1,0,Government,Primary,Southern Melbourne,Tooradin,No,58.06
905598,2,"451 Hardys Road, Clyde North, 3978",<div><strong>Education sector:</strong> Government</div><div><strong>School type:</strong> Primary</div><div><strong>Area:</strong> Southern Melbourne</div><div><strong>Suburb:</strong> Clyde North</div><div><strong>Distance from Melbourne Connect:</strong> 50.37 km</div>,,,,-38.108902,145.384694,0,Topirum Primary School,0,,1,0,Government,Primary,Southern Melbourne,Clyde North,No,50.37
901993,2,"103-129 Oak Grove Drive, Narre Warren South, 3805",<div><strong>Education sector:</strong> Catholic</div><div><strong>School type:</strong> Primary</div><div><strong>Area:</strong> Southern Melbourne</div><div><strong>Suburb:</strong> Narre Warren South</div><div><strong>Distance from Melbourne Connect:</strong> 40.77 km</div>,,,,-38.055386,145.297985,0,Trinity Catholic Primary School,0,,1,0,Catholic,Primary,Southern Melbourne,Narre Warren South,No,40.77
905553,2,"89 Wheelers Park Drive, Cranbourne North, 3977",<div><strong>Education sector:</strong> Government</div><div><strong>School type:</strong> Primary</div><div><strong>Area:</strong> Southern Melbourne</div><div><strong>Suburb:</strong> Cranbourne North</div><div><strong>Distance from Melbourne Connect:</strong> 44.65 km</div>,,,,-38.0816,145.327335,0,Tulliallan Primary School,0,,1,0,Government,Primary,Southern Melbourne,Cranbourne North,No,44.65
905609,2,"60 Macumba Drive, Clyde North, 3978",<div><strong>Education sector:</strong> Government</div><div><strong>School type:</strong> Primary</div><div><strong>Area:</strong> Southern Melbourne</div><div><strong>Suburb:</strong> Clyde North</div><div><strong>Distance from Melbourne Connect:</strong> 46.35 km</div>,,,,-38.082509,145.353099,0,Turrun Primary School,0,,1,0,Government,Primary,Southern Melbourne,Clyde North,No,46.35
905055,2,"38-64 Wallarano Drive, Noble Park, 3174",<div><strong>Education sector:</strong> Government</div><div><strong>School type:</strong> Primary</div><div><strong>Area:</strong> Southern Melbourne</div><div><strong>Suburb:</strong> Noble Park</div><div><strong>Distance from Melbourne Connect:</strong> 26.96 km</div>,,,,-37.979621,145.170823,0,Wallarano Primary School,0,,1,0,Government,Primary,Southern Melbourne,Noble Park,No,26.96
905558,2,"25 Aayana Street, Clyde North, 3978",<div><strong>Education sector:</strong> Government</div><div><strong>School type:</strong> Primary</div><div><strong>Area:</strong> Southern Melbourne</div><div><strong>Suburb:</strong> Clyde North</div><div><strong>Distance from Melbourne Connect:</strong> 46.38 km</div>,,,,-38.108927,145.319813,0,Wilandra Rise Primary School,0,,1,0,Government,Primary,Southern Melbourne,Clyde North,No,46.38
904989,2,"89-105 Carlton Road, Dandenong, 3175",<div><strong>Education sector:</strong> Government</div><div><strong>School type:</strong> Primary</div><div><strong>Area:</strong> Southern Melbourne</div><div><strong>Suburb:</strong> Dandenong</div><div><strong>Distance from Melbourne Connect:</strong> 28.40 km</div>,,,,-37.960245,145.216358,0,Wooranna Park Primary School,0,,1,0,Government,Primary,Southern Melbourne,Dandenong,No,28.40
907724,2,"560 Soldiers Road, Clyde North, 3978",<div><strong>Education sector:</strong> Government</div><div><strong>School type:</strong> Secondary</div><div><strong>Area:</strong> Southern Melbourne</div><div><strong>Suburb:</strong> Clyde North</div><div><strong>Distance from Melbourne Connect:</strong> 47.87 km</div>,,,,-38.091026,145.36665,0,Wulerrp Secondary College,0,,1,0,Government,Secondary,Southern Melbourne,Clyde North,No,47.87
904807,2,"27 Liege Avenue, Noble Park, 3174",<div><strong>Education sector:</strong> Government</div><div><strong>School type:</strong> Primary</div><div><strong>Area:</strong> Southern Melbourne</div><div><strong>Suburb:</strong> Noble Park</div><div><strong>Distance from Melbourne Connect:</strong> 27.49 km</div>,,,,-37.970289,145.191525,0,Yarraman Oaks Primary School,0,,1,0,Government,Primary,Southern Melbourne,Noble Park,No,27.49
904220,2,"1 Doone Street, Aberfeldie, 3040",<div><strong>Education sector:</strong> Government</div><div><strong>School type:</strong> Primary</div><div><strong>Area:</strong> Western Melbourne</div><div><strong>Suburb:</strong> Aberfeldie</div><div><strong>Distance from Melbourne Connect:</strong> 7.80 km</div>,,,,-37.756488,144.894774,0,Aberfeldie Primary School,0,,1,0,Government,Primary,Western Melbourne,Aberfeldie,No,7.80
901906,2,"201 Sayers Road, Truganina, 3029",<div><strong>Education sector:</strong> Independent</div><div><strong>School type:</strong> Pri/Sec</div><div><strong>Area:</strong> Western Melbourne</div><div><strong>Suburb:</strong> Truganina</div><div><strong>Distance from Melbourne Connect:</strong> 22.07 km</div>,,,,-37.85265,144.722023,0,Al-Taqwa College,0,,1,0,Independent,Pri/Sec,Western Melbourne,Truganina,No,22.07
905528,2,"86-100 Alamanda Boulevard, Point Cook, 3030",<div><strong>Education sector:</strong> Government</div><div><strong>School type:</strong> Pri/Sec</div><div><strong>Area:</strong> Western Melbourne</div><div><strong>Suburb:</strong> Point Cook</div><div><strong>Distance from Melbourne Connect:</strong> 22.97 km</div>,,,,-37.908238,144.741329,0,Alamanda K-9 College,0,,1,0,Government,Pri/Sec,Western Melbourne,Point Cook,No,22.97
908857,2,"103A Grieve Parade, Altona, 3018",<div><strong>Education sector:</strong> Government</div><div><strong>School type:</strong> Pri/Sec</div><div><strong>Area:</strong> Western Melbourne</div><div><strong>Suburb:</strong> Altona</div><div><strong>Distance from Melbourne Connect:</strong> 14.52 km</div>,,,,-37.861911,144.818639,0,Altona College,0,,1,0,Government,Pri/Sec,Western Melbourne,Altona,No,14.52
905287,2,"240 - 248 Victoria Street, Altona Meadows, 3028",<div><strong>Education sector:</strong> Government</div><div><strong>School type:</strong> Primary</div><div><strong>Area:</strong> Western Melbourne</div><div><strong>Suburb:</strong> Altona Meadows</div><div><strong>Distance from Melbourne Connect:</strong> 18.47 km</div>,,,,-37.886773,144.784916,0,Altona Green Primary School,0,,1,0,Government,Primary,Western Melbourne,Altona Meadows,No,18.47
905172,2,"78-88 Alma Avenue, Altona Meadows, 3028",<div><strong>Education sector:</strong> Government</div><div><strong>School type:</strong> Primary</div><div><strong>Area:</strong> Western Melbourne</div><div><strong>Suburb:</strong> Altona Meadows</div><div><strong>Distance from Melbourne Connect:</strong> 17.91 km</div>,,,,-37.868687,144.779729,0,Altona Meadows Primary School,0,,1,0,Government,Primary,Western Melbourne,Altona Meadows,No,17.91
904931,2,"51 Cresser Street, Altona North, 3025",<div><strong>Education sector:</strong> Government</div><div><strong>School type:</strong> Primary</div><div><strong>Area:</strong> Western Melbourne</div><div><strong>Suburb:</strong> Altona North</div><div><strong>Distance from Melbourne Connect:</strong> 10.91 km</div>,,,,-37.836977,144.849169,0,Altona North Primary School,0,,1,0,Government,Primary,Western Melbourne,Altona North,No,10.91
903923,2,"109 Blyth Street, Altona, 3018",<div><strong>Education sector:</strong> Government</div><div><strong>School type:</strong> Primary</div><div><strong>Area:</strong> Western Melbourne</div><div><strong>Suburb:</strong> Altona</div><div><strong>Distance from Melbourne Connect:</strong> 14.53 km</div>,,,,-37.867708,144.822742,0,Altona Primary School,0,,1,0,Government,Primary,Western Melbourne,Altona,No,14.53
901648,2,"4-14 Nolan Avenue, Brooklyn, 3012",<div><strong>Education sector:</strong> Catholic</div><div><strong>School type:</strong> Primary</div><div><strong>Area:</strong> Western Melbourne</div><div><strong>Suburb:</strong> Brooklyn</div><div><strong>Distance from Melbourne Connect:</strong> 10.48 km</div>,,,,-37.820989,144.847959,0,Annunciation School,0,,1,0,Catholic,Primary,Western Melbourne,Brooklyn,No,10.48
905109,2,"1 Tasma Street, Ascot Vale, 3032",<div><strong>Education sector:</strong> Government</div><div><strong>School type:</strong> Special</div><div><strong>Area:</strong> Western Melbourne</div><div><strong>Suburb:</strong> Ascot Vale</div><div><strong>Distance from Melbourne Connect:</strong> 3.82 km</div>,,,,-37.776821,144.932355,0,Ascot Vale Heights School,0,,1,0,Government,Special,Western Melbourne,Ascot Vale,No,3.82
902608,2,"Bank Street, Ascot Vale, 3032",<div><strong>Education sector:</strong> Government</div><div><strong>School type:</strong> Primary</div><div><strong>Area:</strong> Western Melbourne</div><div><strong>Suburb:</strong> Ascot Vale</div><div><strong>Distance from Melbourne Connect:</strong> 4.41 km</div>,,,,-37.774322,144.926119,0,Ascot Vale Primary School,0,,1,0,Government,Primary,Western Melbourne,Ascot Vale,No,4.41
904025,2,"8 Langs Rd, Ascot Vale, 3032",<div><strong>Education sector:</strong> Government</div><div><strong>School type:</strong> Primary</div><div><strong>Area:</strong> Western Melbourne</div><div><strong>Suburb:</strong> Ascot Vale</div><div><strong>Distance from Melbourne Connect:</strong> 5.15 km</div>,,,,-37.78068,144.911125,0,Ascot Vale West Primary School,0,,1,0,Government,Primary,Western Melbourne,Ascot Vale,No,5.15
902253,2,"23-27 Blenheim Road, Newport, 3015",<div><strong>Education sector:</strong> Independent</div><div><strong>School type:</strong> Primary</div><div><strong>Area:</strong> Western Melbourne</div><div><strong>Suburb:</strong> Newport</div><div><strong>Distance from Melbourne Connect:</strong> 10.33 km</div>,,,,-37.8465,144.862472,0,Australian Islamic Centre College,0,,1,0,Independent,Primary,Western Melbourne,Newport,No,10.33
901625,2,"14-22 Vida Street, Aberfeldie, 3040",<div><strong>Education sector:</strong> Catholic</div><div><strong>School type:</strong> Secondary</div><div><strong>Area:</strong> Western Melbourne</div><div><strong>Suburb:</strong> Aberfeldie</div><div><strong>Distance from Melbourne Connect:</strong> 7.57 km</div>,,,,-37.756618,144.897964,0,Ave Maria College,0,,1,0,Catholic,Secondary,Western Melbourne,Aberfeldie,No,7.57
904812,2,"24 Wood Street, Avondale Heights, 3034",<div><strong>Education sector:</strong> Government</div><div><strong>School type:</strong> Primary</div><div><strong>Area:</strong> Western Melbourne</div><div><strong>Suburb:</strong> Avondale Heights</div><div><strong>Distance from Melbourne Connect:</strong> 9.77 km</div>,,,,-37.767841,144.860851,0,Avondale Primary School,0,,1,0,Government,Primary,Western Melbourne,Avondale Heights,No,9.77
905315,2,"31 Sycamore Street, Hoppers Crossing, 3029",<div><strong>Education sector:</strong> Government</div><div><strong>School type:</strong> Pri/Sec</div><div><strong>Area:</strong> Western Melbourne</div><div><strong>Suburb:</strong> Hoppers Crossing</div><div><strong>Distance from Melbourne Connect:</strong> 24.90 km</div>,,,,-37.859838,144.691019,0,Baden Powell P-9 College,0,,1,0,Government,Pri/Sec,Western Melbourne,Hoppers Crossing,No,24.90
905614,2,"290 Hummingbird Boulevard, Tarneit, 3029",<div><strong>Education sector:</strong> Government</div><div><strong>School type:</strong> Primary</div><div><strong>Area:</strong> Western Melbourne</div><div><strong>Suburb:</strong> Tarneit</div><div><strong>Distance from Melbourne Connect:</strong> 28.75 km</div>,,,,-37.834882,144.640016,0,Barayip Primary School,0,,1,0,Government,Primary,Western Melbourne,Tarneit,No,28.75
908800,2,"29-69 Kororoit Creek Road, Williamstown, 3016",<div><strong>Education sector:</strong> Government</div><div><strong>School type:</strong> Pri/Sec</div><div><strong>Area:</strong> Western Melbourne</div><div><strong>Suburb:</strong> Williamstown</div><div><strong>Distance from Melbourne Connect:</strong> 9.45 km</div>,,,,-37.85770007,144.8852138,0,Bayside P-12 College,0,,1,0,Government,Pri/Sec,Western Melbourne,Williamstown,No,9.45
905254,2,"120 Bellbridge Drive, Hoppers Crossing, 3029",<div><strong>Education sector:</strong> Government</div><div><strong>School type:</strong> Primary</div><div><strong>Area:</strong> Western Melbourne</div><div><strong>Suburb:</strong> Hoppers Crossing</div><div><strong>Distance from Melbourne Connect:</strong> 23.62 km</div>,,,,-37.871082,144.71078,0,Bellbridge Primary School,0,,1,0,Government,Primary,Western Melbourne,Hoppers Crossing,No,23.62
908396,2,"805 Morris Road, Truganina, 3029",<div><strong>Education sector:</strong> Government</div><div><strong>School type:</strong> Secondary</div><div><strong>Area:</strong> Western Melbourne</div><div><strong>Suburb:</strong> Truganina</div><div><strong>Distance from Melbourne Connect:</strong> 22.55 km</div>,,,,-37.826407,144.709748,0,Bemin Secondary College,0,,1,0,Government,Secondary,Western Melbourne,Truganina,No,22.55
901945,2,"80 Thames Boulevard, Werribee North, 3030",<div><strong>Education sector:</strong> Catholic</div><div><strong>School type:</strong> Primary</div><div><strong>Area:</strong> Western Melbourne</div><div><strong>Suburb:</strong> Werribee North</div><div><strong>Distance from Melbourne Connect:</strong> 28.12 km</div>,,,,-37.875586,144.658661,0,Bethany Catholic Primary School,0,,1,0,Catholic,Primary,Western Melbourne,Werribee North,No,28.12
907645,2,"352 Ballarat Road, Braybrook, 3019",<div><strong>Education sector:</strong> Government</div><div><strong>School type:</strong> Secondary</div><div><strong>Area:</strong> Western Melbourne</div><div><strong>Suburb:</strong> Braybrook</div><div><strong>Distance from Melbourne Connect:</strong> 10.54 km</div>,,,,-37.778257,144.847537,0,Braybrook College,0,,1,0,Government,Secondary,Western Melbourne,Braybrook,No,10.54
908292,2,"2 Connaught Road, Tarneit, 3029",<div><strong>Education sector:</strong> Government</div><div><strong>School type:</strong> Secondary</div><div><strong>Area:</strong> Western Melbourne</div><div><strong>Suburb:</strong> Tarneit</div><div><strong>Distance from Melbourne Connect:</strong> 28.80 km</div>,,,,-37.853585,144.643456,0,Brinbeal Secondary College,0,,1,0,Government,Secondary,Western Melbourne,Tarneit,No,28.80
907670,2,"59-99 Cooper Street, Essendon, 3040",<div><strong>Education sector:</strong> Government</div><div><strong>School type:</strong> Secondary</div><div><strong>Area:</strong> Western Melbourne</div><div><strong>Suburb:</strong> Essendon</div><div><strong>Distance from Melbourne Connect:</strong> 8.30 km</div>,,,,-37.747117,144.897755,0,Buckley Park College,0,,1,0,Government,Secondary,Western Melbourne,Essendon,No,8.30
905312,2,"Carruthers Drive, Hoppers Crossing, 3029",<div><strong>Education sector:</strong> Government</div><div><strong>School type:</strong> Primary</div><div><strong>Area:</strong> Western Melbourne</div><div><strong>Suburb:</strong> Hoppers Crossing</div><div><strong>Distance from Melbourne Connect:</strong> 26.43 km</div>,,,,-37.867389,144.675695,0,Cambridge Primary School,0,,1,0,Government,Primary,Western Melbourne,Hoppers Crossing,No,26.43
902605,2,"215 Rathdowne Street, Carlton, 3053",<div><strong>Education sector:</strong> Government</div><div><strong>School type:</strong> Primary</div><div><strong>Area:</strong> Western Melbourne</div><div><strong>Suburb:</strong> Carlton</div><div><strong>Distance from Melbourne Connect:</strong> 0.51 km</div>,,,,-37.802047,144.969512,0,Carlton Gardens Primary School,0,,1,0,Government,Primary,Western Melbourne,Carlton,No,0.51
904980,2,"150 Palmerston Street, Carlton, 3053",<div><strong>Education sector:</strong> Government</div><div><strong>School type:</strong> Primary</div><div><strong>Area:</strong> Western Melbourne</div><div><strong>Suburb:</strong> Carlton</div><div><strong>Distance from Melbourne Connect:</strong> 0.74 km</div>,,,,-37.795602,144.97045,0,Carlton Primary School,0,,1,0,Government,Primary,Western Melbourne,Carlton,No,0.74
901801,2,"204 Churchill Avenue, Braybrook, 3019",<div><strong>Education sector:</strong> Catholic</div><div><strong>School type:</strong> Secondary</div><div><strong>Area:</strong> Western Melbourne</div><div><strong>Suburb:</strong> Braybrook</div><div><strong>Distance from Melbourne Connect:</strong> 10.16 km</div>,,,,-37.785858,144.8501,0,Caroline Chisholm Catholic College,0,,1,0,Catholic,Secondary,Western Melbourne,Braybrook,No,10.16
905486,2,"Cnr Foxwood Dve & Dunnings Rd, Point Cook, 3030",<div><strong>Education sector:</strong> Government</div><div><strong>School type:</strong> Pri/Sec</div><div><strong>Area:</strong> Western Melbourne</div><div><strong>Suburb:</strong> Point Cook</div><div><strong>Distance from Melbourne Connect:</strong> 21.58 km</div>,,,,-37.884736,144.743132,0,Carranballac P-9 College,0,,1,0,Government,Pri/Sec,Western Melbourne,Point Cook,No,21.58
900330,2,"677 Punt Road, South Yarra, 3141",<div><strong>Education sector:</strong> Independent</div><div><strong>School type:</strong> Primary</div><div><strong>Area:</strong> Western Melbourne</div><div><strong>Suburb:</strong> South Yarra</div><div><strong>Distance from Melbourne Connect:</strong> 4.71 km</div>,,,,-37.838952,144.985738,0,Christ Church Grammar School,0,,1,0,Independent,Primary,Western Melbourne,South Yarra,No,4.71
901543,2,"28 Riley Court, Braybrook, 3019",<div><strong>Education sector:</strong> Catholic</div><div><strong>School type:</strong> Primary</div><div><strong>Area:</strong> Western Melbourne</div><div><strong>Suburb:</strong> Braybrook</div><div><strong>Distance from Melbourne Connect:</strong> 9.10 km</div>,,,,-37.787611,144.86196,0,Christ the King Primary School,0,,1,0,Catholic,Primary,Western Melbourne,Braybrook,No,9.10
901466,2,"380 Geelong Road, Kingsville, 3012",<div><strong>Education sector:</strong> Catholic</div><div><strong>School type:</strong> Primary</div><div><strong>Area:</strong> Western Melbourne</div><div><strong>Suburb:</strong> Kingsville</div><div><strong>Distance from Melbourne Connect:</strong> 8.08 km</div>,,,,-37.808532,144.872915,0,Corpus Christi School,0,,1,0,Catholic,Primary,Western Melbourne,Kingsville,No,8.08
901898,2,"29  Russell Street, Werribee, 3030",<div><strong>Education sector:</strong> Catholic</div><div><strong>School type:</strong> Primary</div><div><strong>Area:</strong> Western Melbourne</div><div><strong>Suburb:</strong> Werribee</div><div><strong>Distance from Melbourne Connect:</strong> 29.10 km</div>,,,,-37.90994759,144.6634428,0,Corpus Christi School,0,,1,0,Catholic,Primary,Western Melbourne,Werribee,No,29.10
905505,2,"65 Wootten Road, Tarneit, 3029",<div><strong>Education sector:</strong> Government</div><div><strong>School type:</strong> Primary</div><div><strong>Area:</strong> Western Melbourne</div><div><strong>Suburb:</strong> Tarneit</div><div><strong>Distance from Melbourne Connect:</strong> 27.42 km</div>,,,,-37.855876,144.660236,0,Davis Creek Primary School,0,,1,0,Government,Primary,Western Melbourne,Tarneit,No,27.42
905068,2,"100 Victoria Street, Flemington, 3031",<div><strong>Education sector:</strong> Government</div><div><strong>School type:</strong> Primary</div><div><strong>Area:</strong> Western Melbourne</div><div><strong>Suburb:</strong> Flemington</div><div><strong>Distance from Melbourne Connect:</strong> 3.00 km</div>,,,,-37.785985,144.935148,0,Debney Meadows Primary School,0,,1,0,Government,Primary,Western Melbourne,Flemington,No,3.00
905450,2,"44 South Road, Braybrook, 3019",<div><strong>Education sector:</strong> Government</div><div><strong>School type:</strong> Primary</div><div><strong>Area:</strong> Western Melbourne</div><div><strong>Suburb:</strong> Braybrook</div><div><strong>Distance from Melbourne Connect:</strong> 9.55 km</div>,,,,-37.791693,144.856117,0,Dinjerra Primary School,0,,1,0,Government,Primary,Western Melbourne,Braybrook,No,9.55
905573,2,"17 Little Docklands Drive, Docklands, 3008",<div><strong>Education sector:</strong> Government</div><div><strong>School type:</strong> Primary</div><div><strong>Area:</strong> Western Melbourne</div><div><strong>Suburb:</strong> Docklands</div><div><strong>Distance from Melbourne Connect:</strong> 2.51 km</div>,,,,-37.812714,144.940553,0,Docklands Primary School,0,,1,0,Government,Primary,Western Melbourne,Docklands,No,2.51
908397,2,"60 Elmhurst Road, Truganina, 3029",<div><strong>Education sector:</strong> Government</div><div><strong>School type:</strong> Pri/Sec</div><div><strong>Area:</strong> Western Melbourne</div><div><strong>Suburb:</strong> Truganina</div><div><strong>Distance from Melbourne Connect:</strong> 20.79 km</div>,,,,-37.842976,144.733911,0,Dohertys Creek P-9 College,0,,1,0,Government,Pri/Sec,Western Melbourne,Truganina,No,20.79
901654,2,"423 Blackshaws Road, Altona North, 3025",<div><strong>Education sector:</strong> Catholic</div><div><strong>School type:</strong> Secondary</div><div><strong>Area:</strong> Western Melbourne</div><div><strong>Suburb:</strong> Altona North</div><div><strong>Distance from Melbourne Connect:</strong> 11.27 km</div>,,,,-37.831623,144.842389,0,Emmanuel College,0,,1,0,Catholic,Secondary,Western Melbourne,Altona North,No,11.27
908806,2,"Quinn Grove, Keilor East, 3033",<div><strong>Education sector:</strong> Government</div><div><strong>School type:</strong> Secondary</div><div><strong>Area:</strong> Western Melbourne</div><div><strong>Suburb:</strong> Keilor East</div><div><strong>Distance from Melbourne Connect:</strong> 10.69 km</div>,,,,-37.73970794,144.8697108,0,Essendon Keilor College,0,,1,0,Government,Secondary,Western Melbourne,Keilor East,No,10.69
904015,2,"112 Keilor Road, Essendon North, 3041",<div><strong>Education sector:</strong> Government</div><div><strong>School type:</strong> Primary</div><div><strong>Area:</strong> Western Melbourne</div><div><strong>Suburb:</strong> Essendon North</div><div><strong>Distance from Melbourne Connect:</strong> 8.44 km</div>,,,,-37.741516,144.903193,0,Essendon North Primary School,0,,1,0,Government,Primary,Western Melbourne,Essendon North,No,8.44
900483,2,"38 Raleigh Street, Essendon, 3040",<div><strong>Education sector:</strong> Government</div><div><strong>School type:</strong> Primary</div><div><strong>Area:</strong> Western Melbourne</div><div><strong>Suburb:</strong> Essendon</div><div><strong>Distance from Melbourne Connect:</strong> 6.46 km</div>,,,,-37.753095,144.921042,0,Essendon Primary School,0,,1,0,Government,Primary,Western Melbourne,Essendon,No,6.46
908899,2,"281 Boardwalk Boulevard, Point Cook, 3030",<div><strong>Education sector:</strong> Government</div><div><strong>School type:</strong> Pri/Sec</div><div><strong>Area:</strong> Western Melbourne</div><div><strong>Suburb:</strong> Point Cook</div><div><strong>Distance from Melbourne Connect:</strong> 23.66 km</div>,,,,-37.90163614,144.7275192,0,Featherbrook P-9 College,0,,1,0,Government,Pri/Sec,Western Melbourne,Point Cook,No,23.66
900250,2,"Cnr Mt Alexander Rd & Padman Lane, Flemington, 3031",<div><strong>Education sector:</strong> Government</div><div><strong>School type:</strong> Primary</div><div><strong>Area:</strong> Western Melbourne</div><div><strong>Suburb:</strong> Flemington</div><div><strong>Distance from Melbourne Connect:</strong> 3.43 km</div>,,,,-37.780674,144.933923,0,Flemington Primary School,0,,1,0,Government,Primary,Western Melbourne,Flemington,No,3.43
901912,2,"10 Hyde Street, Footscray, 3011",<div><strong>Education sector:</strong> Government</div><div><strong>School type:</strong> Primary</div><div><strong>Area:</strong> Western Melbourne</div><div><strong>Suburb:</strong> Footscray</div><div><strong>Distance from Melbourne Connect:</strong> 5.67 km</div>,,,,-37.8064,144.900253,0,Footscray City Primary School,0,,1,0,Government,Primary,Western Melbourne,Footscray,No,5.67
907842,2,"1 Kinnear Street, Footscray, 3011",<div><strong>Education sector:</strong> Government</div><div><strong>School type:</strong> Secondary</div><div><strong>Area:</strong> Western Melbourne</div><div><strong>Suburb:</strong> Footscray</div><div><strong>Distance from Melbourne Connect:</strong> 6.28 km</div>,,,,-37.79104291,144.8937633,0,Footscray High School,0,,1,0,Government,Secondary,Western Melbourne,Footscray,No,6.28
904160,2,"14 Rosamond Road, Footscray, 3011",<div><strong>Education sector:</strong> Government</div><div><strong>School type:</strong> Primary</div><div><strong>Area:</strong> Western Melbourne</div><div><strong>Suburb:</strong> Footscray</div><div><strong>Distance from Melbourne Connect:</strong> 7.24 km</div>,,,,-37.787746,144.883372,0,Footscray North Primary School,0,,1,0,Government,Primary,Western Melbourne,Footscray,No,7.24
900253,2,"100 Geelong Road, Footscray, 3011",<div><strong>Education sector:</strong> Government</div><div><strong>School type:</strong> Primary</div><div><strong>Area:</strong> Western Melbourne</div><div><strong>Suburb:</strong> Footscray</div><div><strong>Distance from Melbourne Connect:</strong> 6.30 km</div>,,,,-37.798383,144.892669,0,Footscray Primary School,0,,1,0,Government,Primary,Western Melbourne,Footscray,No,6.30
903890,2,"17 Argyle Street, West Footscray, 3012",<div><strong>Education sector:</strong> Government</div><div><strong>School type:</strong> Primary</div><div><strong>Area:</strong> Western Melbourne</div><div><strong>Suburb:</strong> West Footscray</div><div><strong>Distance from Melbourne Connect:</strong> 7.84 km</div>,,,,-37.794867,144.875267,0,Footscray West Primary School,0,,1,0,Government,Primary,Western Melbourne,West Footscray,No,7.84
905574,2,"2 Canvas Street, Truganina, 3029",<div><strong>Education sector:</strong> Government</div><div><strong>School type:</strong> Primary</div><div><strong>Area:</strong> Western Melbourne</div><div><strong>Suburb:</strong> Truganina</div><div><strong>Distance from Melbourne Connect:</strong> 21.26 km</div>,,,,-37.828778,144.72505,0,Garrang Wilam Primary School,0,,1,0,Government,Primary,Western Melbourne,Truganina,No,21.26
901957,2,"580 Tarneit Road, Tarneit, 3029",<div><strong>Education sector:</strong> Independent</div><div><strong>School type:</strong> Pri/Sec</div><div><strong>Area:</strong> Western Melbourne</div><div><strong>Suburb:</strong> Tarneit</div><div><strong>Distance from Melbourne Connect:</strong> 26.86 km</div>,,,,-37.855248,144.666605,0,Good News Lutheran College,0,,1,0,Independent,Pri/Sec,Western Melbourne,Tarneit,No,26.86
901846,2,"175 Derrimut Rd, Werribee, 3030",<div><strong>Education sector:</strong> Independent</div><div><strong>School type:</strong> Pri/Sec</div><div><strong>Area:</strong> Western Melbourne</div><div><strong>Suburb:</strong> Werribee</div><div><strong>Distance from Melbourne Connect:</strong> 26.44 km</div>,,,,-37.881318,144.681332,0,Heathdale Christian College,0,,1,0,Independent,Pri/Sec,Western Melbourne,Werribee,No,26.44
902113,2,"Level 8, 601 Bourke Street, Melbourne, 3000",<div><strong>Education sector:</strong> Independent</div><div><strong>School type:</strong> Special</div><div><strong>Area:</strong> Western Melbourne</div><div><strong>Suburb:</strong> Melbourne</div><div><strong>Distance from Melbourne Connect:</strong> 1.96 km</div>,,,,-37.816544,144.95615,0,Hester Hornbrook Academy,0,,1,0,Independent,Special,Western Melbourne,Melbourne,No,1.96
902024,2,"185 Spring Street, Melbourne, 3000",<div><strong>Education sector:</strong> Independent</div><div><strong>School type:</strong> Secondary</div><div><strong>Area:</strong> Western Melbourne</div><div><strong>Suburb:</strong> Melbourne</div><div><strong>Distance from Melbourne Connect:</strong> 1.33 km</div><div><strong>Website:</strong> https://www.holmesgrammar.vic.edu.au/</div>,https://cdn.prod.website-files.com/678d9ca358a88efae5ca716e/67902137aa4fe63ad74179f9_Holmes%20Grammar%20School%20Logo_Horizontal.png,https://www.holmesgrammar.vic.edu.au/,,-37.810302,144.972271,0,Holmes Grammar School,0,,1,0,Independent,Secondary,Western Melbourne,Melbourne,Yes,1.33
901033,2,"37 Gower Street, Kensington, 3031",<div><strong>Education sector:</strong> Catholic</div><div><strong>School type:</strong> Primary</div><div><strong>Area:</strong> Western Melbourne</div><div><strong>Suburb:</strong> Kensington</div><div><strong>Distance from Melbourne Connect:</strong> 3.16 km</div>,,,,-37.795584,144.92878,0,Holy Rosary School,0,,1,0,Catholic,Primary,Western Melbourne,Kensington,No,3.16
908246,2,"9 Coaching Parade, Point Cook, 3030",<div><strong>Education sector:</strong> Government</div><div><strong>School type:</strong> Secondary</div><div><strong>Area:</strong> Western Melbourne</div><div><strong>Suburb:</strong> Point Cook</div><div><strong>Distance from Melbourne Connect:</strong> 21.46 km</div>,,,,-37.915734,144.768584,0,Homestead Senior Secondary College,0,,1,0,Government,Secondary,Western Melbourne,Point Cook,No,21.46
908710,2,"2 Fraser Street, Hoppers Crossing, 3029",<div><strong>Education sector:</strong> Government</div><div><strong>School type:</strong> Secondary</div><div><strong>Area:</strong> Western Melbourne</div><div><strong>Suburb:</strong> Hoppers Crossing</div><div><strong>Distance from Melbourne Connect:</strong> 24.91 km</div>,,,,-37.871223,144.695358,0,Hoppers Crossing Secondary College,0,,1,0,Government,Secondary,Western Melbourne,Hoppers Crossing,No,24.91
905152,2,"261 - 269 Mcgrath Road, Wyndham Vale, 3024",<div><strong>Education sector:</strong> Government</div><div><strong>School type:</strong> Primary</div><div><strong>Area:</strong> Western Melbourne</div><div><strong>Suburb:</strong> Wyndham Vale</div><div><strong>Distance from Melbourne Connect:</strong> 31.34 km</div>,,,,-37.895871,144.628567,0,Iramoo Primary School,0,,1,0,Government,Primary,Western Melbourne,Wyndham Vale,No,31.34
902073,2,"83 Wootten Road, Tarneit, 3029",<div><strong>Education sector:</strong> Independent</div><div><strong>School type:</strong> Pri/Sec</div><div><strong>Area:</strong> Western Melbourne</div><div><strong>Suburb:</strong> Tarneit</div><div><strong>Distance from Melbourne Connect:</strong> 27.36 km</div>,,,,-37.854236,144.660376,0,Islamic College of Melbourne,0,,1,0,Independent,Pri/Sec,Western Melbourne,Tarneit,No,27.36
905215,2,"4 Jennings Street, Laverton, 3028",<div><strong>Education sector:</strong> Government</div><div><strong>School type:</strong> Special</div><div><strong>Area:</strong> Western Melbourne</div><div><strong>Suburb:</strong> Laverton</div><div><strong>Distance from Melbourne Connect:</strong> 17.88 km</div>,,,,-37.85635,144.773634,0,Jennings Street School,0,,1,0,Government,Special,Western Melbourne,Laverton,No,17.88
905596,2,"455 Bethany Road, Tarneit, 3029",<div><strong>Education sector:</strong> Government</div><div><strong>School type:</strong> Primary</div><div><strong>Area:</strong> Western Melbourne</div><div><strong>Suburb:</strong> Tarneit</div><div><strong>Distance from Melbourne Connect:</strong> 28.58 km</div>,,,,-37.852612,144.645769,0,Karwan Primary School,0,,1,0,Government,Primary,Western Melbourne,Tarneit,No,28.58
904877,2,"Ronald Grove, Keilor East, 3033",<div><strong>Education sector:</strong> Government</div><div><strong>School type:</strong> Primary</div><div><strong>Area:</strong> Western Melbourne</div><div><strong>Suburb:</strong> Keilor East</div><div><strong>Distance from Melbourne Connect:</strong> 11.06 km</div>,,,,-37.737516,144.866495,0,Keilor Heights Primary School,0,,1,0,Government,Primary,Western Melbourne,Keilor East,No,11.06
907947,2,"405 Racecourse Rd, Kensington, 3031",<div><strong>Education sector:</strong> Government</div><div><strong>School type:</strong> Secondary</div><div><strong>Area:</strong> Western Melbourne</div><div><strong>Suburb:</strong> Kensington</div><div><strong>Distance from Melbourne Connect:</strong> 3.66 km</div>,,,,-37.787909,144.925577,0,Kensington Community High School,0,,1,0,Government,Secondary,Western Melbourne,Kensington,No,3.66
902374,2,"62-74 McCracken Street, Kensington, 3031",<div><strong>Education sector:</strong> Government</div><div><strong>School type:</strong> Primary</div><div><strong>Area:</strong> Western Melbourne</div><div><strong>Suburb:</strong> Kensington</div><div><strong>Distance from Melbourne Connect:</strong> 3.33 km</div>,,,,-37.79267,144.927615,0,Kensington Primary School,0,,1,0,Government,Primary,Western Melbourne,Kensington,No,3.33
903988,2,"58 Bishop Street, Yarraville, 3013",<div><strong>Education sector:</strong> Government</div><div><strong>School type:</strong> Primary</div><div><strong>Area:</strong> Western Melbourne</div><div><strong>Suburb:</strong> Yarraville</div><div><strong>Distance from Melbourne Connect:</strong> 8.00 km</div>,,,,-37.812595,144.874657,0,Kingsville Primary School,0,,1,0,Government,Primary,Western Melbourne,Yarraville,No,8.00
905599,2,"10 Elementary Road, Mambourin, 3024",<div><strong>Education sector:</strong> Government</div><div><strong>School type:</strong> Primary</div><div><strong>Area:</strong> Western Melbourne</div><div><strong>Suburb:</strong> Mambourin</div><div><strong>Distance from Melbourne Connect:</strong> 33.71 km</div>,,,,-37.885494,144.59592,0,Laa Yulta Primary School,0,,1,0,Government,Primary,Western Melbourne,Mambourin,No,33.71
908861,2,"91 Bladin Street, Laverton, 3028",<div><strong>Education sector:</strong> Government</div><div><strong>School type:</strong> Pri/Sec</div><div><strong>Area:</strong> Western Melbourne</div><div><strong>Suburb:</strong> Laverton</div><div><strong>Distance from Melbourne Connect:</strong> 17.95 km</div>,,,,-37.85617409,144.7726329,0,Laverton P-12 College,0,,1,0,Government,Pri/Sec,Western Melbourne,Laverton,No,17.95
901961,2,"21 Flinders Street, Little River, 3211",<div><strong>Education sector:</strong> Government</div><div><strong>School type:</strong> Primary</div><div><strong>Area:</strong> Western Melbourne</div><div><strong>Suburb:</strong> Little River</div><div><strong>Distance from Melbourne Connect:</strong> 44.65 km</div>,,,,-37.965013,144.50037,0,Little River Primary School,0,,1,0,Government,Primary,Western Melbourne,Little River,No,44.65
905593,2,"114 Shipwright Parade, Werribee, 3030",<div><strong>Education sector:</strong> Government</div><div><strong>School type:</strong> Primary</div><div><strong>Area:</strong> Western Melbourne</div><div><strong>Suburb:</strong> Werribee</div><div><strong>Distance from Melbourne Connect:</strong> 33.18 km</div>,,,,-37.910972,144.613418,0,Lollypop Creek Primary School,0,,1,0,Government,Primary,Western Melbourne,Werribee,No,33.18
901117,2,"17 Leslie Road, Essendon, 3040",<div><strong>Education sector:</strong> Independent</div><div><strong>School type:</strong> Pri/Sec</div><div><strong>Area:</strong> Western Melbourne</div><div><strong>Suburb:</strong> Essendon</div><div><strong>Distance from Melbourne Connect:</strong> 6.23 km</div>,,,,-37.759908,144.914974,0,Lowther Hall Anglican Grammar School,0,,1,0,Independent,Pri/Sec,Western Melbourne,Essendon,No,6.23
901991,2,"260 - 278 Point Cook Road, Point Cook, 3030",<div><strong>Education sector:</strong> Catholic</div><div><strong>School type:</strong> Primary</div><div><strong>Area:</strong> Western Melbourne</div><div><strong>Suburb:</strong> Point Cook</div><div><strong>Distance from Melbourne Connect:</strong> 21.19 km</div>,,,,-37.892603,144.753344,0,Lumen Christi School,0,,1,0,Catholic,Primary,Western Melbourne,Point Cook,No,21.19
901684,2,"1 Russell Street, Werribee, 3030",<div><strong>Education sector:</strong> Catholic</div><div><strong>School type:</strong> Secondary</div><div><strong>Area:</strong> Western Melbourne</div><div><strong>Suburb:</strong> Werribee</div><div><strong>Distance from Melbourne Connect:</strong> 28.95 km</div>,,,,-37.90950211,144.6651016,0,MacKillop Catholic Regional College,0,,1,0,Catholic,Secondary,Western Melbourne,Werribee,No,28.95
908848,2,"2-50 Minindee Road, Wyndham Vale, 3024",<div><strong>Education sector:</strong> Government</div><div><strong>School type:</strong> Pri/Sec</div><div><strong>Area:</strong> Western Melbourne</div><div><strong>Suburb:</strong> Wyndham Vale</div><div><strong>Distance from Melbourne Connect:</strong> 32.86 km</div>,,,,-37.873507,144.601853,0,Manor Lakes P-12 College,0,,1,0,Government,Pri/Sec,Western Melbourne,Wyndham Vale,No,32.86
905091,2,"232-246 Greaves St North, Werribee, 3030",<div><strong>Education sector:</strong> Government</div><div><strong>School type:</strong> Primary</div><div><strong>Area:</strong> Western Melbourne</div><div><strong>Suburb:</strong> Werribee</div><div><strong>Distance from Melbourne Connect:</strong> 30.01 km</div>,,,,-37.89406,144.643892,0,Manorvale Primary School,0,,1,0,Government,Primary,Western Melbourne,Werribee,No,30.01
908015,2,"Gordon Street, Maribyrnong, 3032",<div><strong>Education sector:</strong> Government</div><div><strong>School type:</strong> Secondary</div><div><strong>Area:</strong> Western Melbourne</div><div><strong>Suburb:</strong> Maribyrnong</div><div><strong>Distance from Melbourne Connect:</strong> 7.07 km</div>,,,,-37.779315,144.888234,0,Maribyrnong College,0,,1,0,Government,Secondary,Western Melbourne,Maribyrnong,No,7.07
900509,2,"86 Anderson Street, South Yarra, 3141",<div><strong>Education sector:</strong> Independent</div><div><strong>School type:</strong> Pri/Sec</div><div><strong>Area:</strong> Western Melbourne</div><div><strong>Suburb:</strong> South Yarra</div><div><strong>Distance from Melbourne Connect:</strong> 3.95 km</div>,,,,-37.831692,144.984803,0,Melbourne Girls Grammar,0,,1,0,Independent,Pri/Sec,Western Melbourne,South Yarra,No,3.95
902072,2,"355 St Kilda Road, Melbourne, 3004",<div><strong>Education sector:</strong> Independent</div><div><strong>School type:</strong> Pri/Sec</div><div><strong>Area:</strong> Western Melbourne</div><div><strong>Suburb:</strong> Melbourne</div><div><strong>Distance from Melbourne Connect:</strong> 3.89 km</div>,,,,-37.83359283,144.9770931,0,Melbourne Grammar School,0,,1,0,Independent,Pri/Sec,Western Melbourne,Melbourne,No,3.89
902100,2,"16 The Vaucluse, Richmond, 3121",<div><strong>Education sector:</strong> Independent</div><div><strong>School type:</strong> Special</div><div><strong>Area:</strong> Western Melbourne</div><div><strong>Suburb:</strong> Richmond</div><div><strong>Distance from Melbourne Connect:</strong> 3.08 km</div>,,,,-37.81954365,144.9892635,0,Melbourne Indigenous Transition School,0,,1,0,Independent,Special,Western Melbourne,Richmond,No,3.08
903987,2,"87 Wilson Street, Moonee Ponds, 3039",<div><strong>Education sector:</strong> Government</div><div><strong>School type:</strong> Primary</div><div><strong>Area:</strong> Western Melbourne</div><div><strong>Suburb:</strong> Moonee Ponds</div><div><strong>Distance from Melbourne Connect:</strong> 4.93 km</div>,,,,-37.763341,144.932986,0,Moonee Ponds Primary School,0,,1,0,Government,Primary,Western Melbourne,Moonee Ponds,No,4.93
902901,2,"150 Athol Street, Moonee Ponds, 3039",<div><strong>Education sector:</strong> Government</div><div><strong>School type:</strong> Primary</div><div><strong>Area:</strong> Western Melbourne</div><div><strong>Suburb:</strong> Moonee Ponds</div><div><strong>Distance from Melbourne Connect:</strong> 5.94 km</div>,,,,-37.768947,144.909334,0,Moonee Ponds West Primary School,0,,1,0,Government,Primary,Western Melbourne,Moonee Ponds,No,5.94
905002,2,"15a Langridge Street, Hoppers Crossing, 3029",<div><strong>Education sector:</strong> Government</div><div><strong>School type:</strong> Primary</div><div><strong>Area:</strong> Western Melbourne</div><div><strong>Suburb:</strong> Hoppers Crossing</div><div><strong>Distance from Melbourne Connect:</strong> 24.90 km</div>,,,,-37.872881,144.696117,0,Mossfiel Primary School,0,,1,0,Government,Primary,Western Melbourne,Hoppers Crossing,No,24.90
907763,2,"78 Wellington Street, Flemington, 3031",<div><strong>Education sector:</strong> Government</div><div><strong>School type:</strong> Secondary</div><div><strong>Area:</strong> Western Melbourne</div><div><strong>Suburb:</strong> Flemington</div><div><strong>Distance from Melbourne Connect:</strong> 3.38 km</div>,,,,-37.782154,144.933235,0,Mount Alexander 7-12 College,0,,1,0,Government,Secondary,Western Melbourne,Flemington,No,3.38
901635,2,"133 Maidstone Street, Altona, 3018",<div><strong>Education sector:</strong> Catholic</div><div><strong>School type:</strong> Secondary</div><div><strong>Area:</strong> Western Melbourne</div><div><strong>Suburb:</strong> Altona</div><div><strong>Distance from Melbourne Connect:</strong> 15.17 km</div>,,,,-37.863902,144.811674,0,Mount St Joseph Girls' College,0,,1,0,Catholic,Secondary,Western Melbourne,Altona,No,15.17
905597,2,"85 Polly Parade, Tarneit, 3029",<div><strong>Education sector:</strong> Government</div><div><strong>School type:</strong> Primary</div><div><strong>Area:</strong> Western Melbourne</div><div><strong>Suburb:</strong> Tarneit</div><div><strong>Distance from Melbourne Connect:</strong> 24.70 km</div>,,,,-37.82571,144.684961,0,Nearnung Primary School,0,,1,0,Government,Primary,Western Melbourne,Tarneit,No,24.70
902107,2,"126-128 Nelson Place, Williamstown, 3016",<div><strong>Education sector:</strong> Independent</div><div><strong>School type:</strong> Primary</div><div><strong>Area:</strong> Western Melbourne</div><div><strong>Suburb:</strong> Williamstown</div><div><strong>Distance from Melbourne Connect:</strong> 8.72 km</div>,,,,-37.863109,144.905196,0,Newmark Primary,0,,1,0,Independent,Primary,Western Melbourne,Williamstown,No,8.72
904665,2,"Cnr Woods St & Maddox Rd, Newport, 3015",<div><strong>Education sector:</strong> Government</div><div><strong>School type:</strong> Primary</div><div><strong>Area:</strong> Western Melbourne</div><div><strong>Suburb:</strong> Newport</div><div><strong>Distance from Melbourne Connect:</strong> 9.77 km</div>,,,,-37.845209,144.868832,0,Newport Gardens Primary School,0,,1,0,Government,Primary,Western Melbourne,Newport,No,9.77
900113,2,"40 Elizabeth street, Newport, 3015",<div><strong>Education sector:</strong> Government</div><div><strong>School type:</strong> Primary</div><div><strong>Area:</strong> Western Melbourne</div><div><strong>Suburb:</strong> Newport</div><div><strong>Distance from Melbourne Connect:</strong> 8.67 km</div>,,,,-37.838424,144.878345,0,Newport Lakes Primary School,0,,1,0,Government,Primary,Western Melbourne,Newport,No,8.67
906366,2,"2 Frome Crescent, Werribee, 3030",<div><strong>Education sector:</strong> Government</div><div><strong>School type:</strong> Special</div><div><strong>Area:</strong> Western Melbourne</div><div><strong>Suburb:</strong> Werribee</div><div><strong>Distance from Melbourne Connect:</strong> 33.88 km</div>,,,,-37.907931,144.603338,0,Nganboo Borron School,0,,1,0,Government,Special,Western Melbourne,Werribee,No,33.88
905592,2,"70 Holyoake Parade, Manor Lakes, 3024",<div><strong>Education sector:</strong> Government</div><div><strong>School type:</strong> Primary</div><div><strong>Area:</strong> Western Melbourne</div><div><strong>Suburb:</strong> Manor Lakes</div><div><strong>Distance from Melbourne Connect:</strong> 34.21 km</div>,,,,-37.866791,144.584029,0,Ngarri Primary School,0,,1,0,Government,Primary,Western Melbourne,Manor Lakes,No,34.21
905362,2,"Cnr Garnet And Teague Street, Niddrie, 3042",<div><strong>Education sector:</strong> Government</div><div><strong>School type:</strong> Special</div><div><strong>Area:</strong> Western Melbourne</div><div><strong>Suburb:</strong> Niddrie</div><div><strong>Distance from Melbourne Connect:</strong> 9.23 km</div>,,,,-37.743926,144.887062,0,Niddrie Autistic School,0,,1,0,Government,Special,Western Melbourne,Niddrie,No,9.23
905410,2,"25 Watt Street, Niddrie, 3042",<div><strong>Education sector:</strong> Government</div><div><strong>School type:</strong> Primary</div><div><strong>Area:</strong> Western Melbourne</div><div><strong>Suburb:</strong> Niddrie</div><div><strong>Distance from Melbourne Connect:</strong> 10.78 km</div>,,,,-37.7308455,144.878433,0,Niddrie Primary School,0,,1,0,Government,Primary,Western Melbourne,Niddrie,No,10.78
901402,2,"210 Errol Street, North Melbourne, 3051",<div><strong>Education sector:</strong> Government</div><div><strong>School type:</strong> Primary</div><div><strong>Area:</strong> Western Melbourne</div><div><strong>Suburb:</strong> North Melbourne</div><div><strong>Distance from Melbourne Connect:</strong> 1.21 km</div>,,,,-37.798733,144.950637,0,North Melbourne Primary School,0,,1,0,Government,Primary,Western Melbourne,North Melbourne,No,1.21
902257,2,"2/371 Somerville Road, West Footscray, 3012",<div><strong>Education sector:</strong> Independent</div><div><strong>School type:</strong> Secondary</div><div><strong>Area:</strong> Western Melbourne</div><div><strong>Suburb:</strong> West Footscray</div><div><strong>Distance from Melbourne Connect:</strong> 8.78 km</div>,,,,-37.81121,144.86536,0,OakTree College,0,,1,0,Independent,Secondary,Western Melbourne,West Footscray,No,8.78
901585,2,"29 Fawkner Street, Aberfeldie, 3040",<div><strong>Education sector:</strong> Catholic</div><div><strong>School type:</strong> Primary</div><div><strong>Area:</strong> Western Melbourne</div><div><strong>Suburb:</strong> Aberfeldie</div><div><strong>Distance from Melbourne Connect:</strong> 7.69 km</div>,,,,-37.756347,144.896581,0,Our Lady of the Nativity School,0,,1,0,Catholic,Primary,Western Melbourne,Aberfeldie,No,7.69
902057,2,"2-20 Howqua Way, Manor Lakes, 3024",<div><strong>Education sector:</strong> Catholic</div><div><strong>School type:</strong> Primary</div><div><strong>Area:</strong> Western Melbourne</div><div><strong>Suburb:</strong> Manor Lakes</div><div><strong>Distance from Melbourne Connect:</strong> 32.55 km</div>,,,,-37.875846,144.606223,0,Our Lady of the Southern Cross,0,,1,0,Catholic,Primary,Western Melbourne,Manor Lakes,No,32.55
902016,2,"123-129 Lonsdale Street, Melbourne, 3000",<div><strong>Education sector:</strong> Independent</div><div><strong>School type:</strong> Secondary</div><div><strong>Area:</strong> Western Melbourne</div><div><strong>Suburb:</strong> Melbourne</div><div><strong>Distance from Melbourne Connect:</strong> 1.67 km</div><div><strong>Website:</strong> https://ozford.edu.au/</div>,https://ozford.edu.au/media/images/OIHE_new_logo_260505_002847_page-0001.original.jpg,https://ozford.edu.au/,,-37.812887,144.954425,0,Ozford College,0,,1,0,Independent,Secondary,Western Melbourne,Melbourne,Yes,1.67
908916,2,"900-930 Park Street, Parkville, 3052",<div><strong>Education sector:</strong> Government</div><div><strong>School type:</strong> Special</div><div><strong>Area:</strong> Western Melbourne</div><div><strong>Suburb:</strong> Parkville</div><div><strong>Distance from Melbourne Connect:</strong> 2.99 km</div>,,,,-37.776815,144.94736,0,Parkville College,0,,1,0,Government,Special,Western Melbourne,Parkville,No,2.99
901144,2,"163 Rachelle Road, Keilor East, 3033",<div><strong>Education sector:</strong> Independent</div><div><strong>School type:</strong> Pri/Sec</div><div><strong>Area:</strong> Western Melbourne</div><div><strong>Suburb:</strong> Keilor East</div><div><strong>Distance from Melbourne Connect:</strong> 11.19 km</div>,,,,-37.732154,144.870337,0,Penleigh & Essendon Grammar School,0,,1,0,Independent,Pri/Sec,Western Melbourne,Keilor East,No,11.19
904159,2,"18 - 50 Ponsford Drive, Point Cook, 3030",<div><strong>Education sector:</strong> Government</div><div><strong>School type:</strong> Pri/Sec</div><div><strong>Area:</strong> Western Melbourne</div><div><strong>Suburb:</strong> Point Cook</div><div><strong>Distance from Melbourne Connect:</strong> 23.49 km</div>,,,,-37.89380261,144.7244931,0,Point Cook Prep - Year 9 College,0,,1,0,Government,Pri/Sec,Western Melbourne,Point Cook,No,23.49
908847,2,"Cnr Boardwalk Blvd & Bergamot, Point Cook, 3030",<div><strong>Education sector:</strong> Government</div><div><strong>School type:</strong> Secondary</div><div><strong>Area:</strong> Western Melbourne</div><div><strong>Suburb:</strong> Point Cook</div><div><strong>Distance from Melbourne Connect:</strong> 22.49 km</div>,,,,-37.886718,144.73282,0,Point Cook Senior Secondary College,0,,1,0,Government,Secondary,Western Melbourne,Point Cook,No,22.49
901831,2,"62 Everingham Road, Altona Meadows, 3028",<div><strong>Education sector:</strong> Catholic</div><div><strong>School type:</strong> Primary</div><div><strong>Area:</strong> Western Melbourne</div><div><strong>Suburb:</strong> Altona Meadows</div><div><strong>Distance from Melbourne Connect:</strong> 17.30 km</div>,,,,-37.875148,144.791697,0,Queen of Peace Primary School,0,,1,0,Catholic,Primary,Western Melbourne,Altona Meadows,No,17.30
902111,2,"Level 1, North Melbourne, 3051",<div><strong>Education sector:</strong> Independent</div><div><strong>School type:</strong> Special</div><div><strong>Area:</strong> Western Melbourne</div><div><strong>Suburb:</strong> North Melbourne</div><div><strong>Distance from Melbourne Connect:</strong> 0.99 km</div>,,,,-37.805194,144.955088,0,River Nile School,0,,1,0,Independent,Special,Western Melbourne,North Melbourne,No,0.99
905580,2,"1 Communal Road, Wyndham Vale, 3024",<div><strong>Education sector:</strong> Government</div><div><strong>School type:</strong> Primary</div><div><strong>Area:</strong> Western Melbourne</div><div><strong>Suburb:</strong> Wyndham Vale</div><div><strong>Distance from Melbourne Connect:</strong> 30.85 km</div>,,,,-37.876273,144.626509,0,Riverbend Primary School,0,,1,0,Government,Primary,Western Melbourne,Wyndham Vale,No,30.85
905361,2,"56 Timbarra Avenue, Werribee, 3030",<div><strong>Education sector:</strong> Government</div><div><strong>School type:</strong> Primary</div><div><strong>Area:</strong> Western Melbourne</div><div><strong>Suburb:</strong> Werribee</div><div><strong>Distance from Melbourne Connect:</strong> 31.54 km</div>,,,,-37.921032,144.639329,0,Riverwalk Primary School,0,,1,0,Government,Primary,Western Melbourne,Werribee,No,31.54
904792,2,"276 Ballarat Road, Braybrook, 3019",<div><strong>Education sector:</strong> Government</div><div><strong>School type:</strong> Special</div><div><strong>Area:</strong> Western Melbourne</div><div><strong>Suburb:</strong> Braybrook</div><div><strong>Distance from Melbourne Connect:</strong> 9.84 km</div>,,,,-37.77963666,144.8554086,0,Rosamond Special School,0,,1,0,Government,Special,Western Melbourne,Braybrook,No,9.84
907275,2,"33 Sapphire Street, Niddrie, 3042",<div><strong>Education sector:</strong> Government</div><div><strong>School type:</strong> Secondary</div><div><strong>Area:</strong> Western Melbourne</div><div><strong>Suburb:</strong> Niddrie</div><div><strong>Distance from Melbourne Connect:</strong> 9.08 km</div>,,,,-37.746679,144.886183,0,Rosehill Secondary College,0,,1,0,Government,Secondary,Western Melbourne,Niddrie,No,9.08
900077,2,"20 Newcastle St, Newport, 3015",<div><strong>Education sector:</strong> Catholic</div><div><strong>School type:</strong> Primary</div><div><strong>Area:</strong> Western Melbourne</div><div><strong>Suburb:</strong> Newport</div><div><strong>Distance from Melbourne Connect:</strong> 8.53 km</div>,,,,-37.840028,144.881396,0,Sacred Heart School,0,,1,0,Catholic,Primary,Western Melbourne,Newport,No,8.53
902079,2,"385 Queensberry Street, North Melbourne, 3051",<div><strong>Education sector:</strong> Catholic</div><div><strong>School type:</strong> Special</div><div><strong>Area:</strong> Western Melbourne</div><div><strong>Suburb:</strong> North Melbourne</div><div><strong>Distance from Melbourne Connect:</strong> 0.92 km</div>,,,,-37.80384382,144.9549374,0,Saints College,0,,1,0,Catholic,Special,Western Melbourne,North Melbourne,No,0.92
908303,2,"15 Kirra Place, Point Cook, 3030",<div><strong>Education sector:</strong> Government</div><div><strong>School type:</strong> Pri/Sec</div><div><strong>Area:</strong> Western Melbourne</div><div><strong>Suburb:</strong> Point Cook</div><div><strong>Distance from Melbourne Connect:</strong> 21.02 km</div>,,,,-37.910536,144.770051,0,Saltwater P-9 College,0,,1,0,Government,Pri/Sec,Western Melbourne,Point Cook,No,21.02
905337,2,"83-105 Point Cook Road, Seabrook, 3028",<div><strong>Education sector:</strong> Government</div><div><strong>School type:</strong> Primary</div><div><strong>Area:</strong> Western Melbourne</div><div><strong>Suburb:</strong> Seabrook</div><div><strong>Distance from Melbourne Connect:</strong> 20.13 km</div>,,,,-37.878842,144.757899,0,Seabrook Primary School,0,,1,0,Government,Primary,Western Melbourne,Seabrook,No,20.13
904440,2,"33 Civic Parade, Seaholme, 3018",<div><strong>Education sector:</strong> Government</div><div><strong>School type:</strong> Primary</div><div><strong>Area:</strong> Western Melbourne</div><div><strong>Suburb:</strong> Seaholme</div><div><strong>Distance from Melbourne Connect:</strong> 13.04 km</div>,,,,-37.864212,144.839906,0,Seaholme Primary School,0,,1,0,Government,Primary,Western Melbourne,Seaholme,No,13.04
900025,2,"273 Victoria Street, West Melbourne, 3003",<div><strong>Education sector:</strong> Catholic</div><div><strong>School type:</strong> Secondary</div><div><strong>Area:</strong> Western Melbourne</div><div><strong>Suburb:</strong> West Melbourne</div><div><strong>Distance from Melbourne Connect:</strong> 1.20 km</div><div><strong>Website:</strong> https://www.sccmelb.catholic.edu.au/</div>,https://sccmelb.s3.ap-southeast-2.amazonaws.com/uploads/Logos/Simonds-Crest-Blue-words-UPDATED.png?v=1619158555,https://www.sccmelb.catholic.edu.au/,,-37.805971,144.952883,0,Simonds Catholic College,0,,1,0,Catholic,Secondary,Western Melbourne,West Melbourne,Yes,1.20
903659,2,"Melbourne Road, Spotswood, 3015",<div><strong>Education sector:</strong> Government</div><div><strong>School type:</strong> Primary</div><div><strong>Area:</strong> Western Melbourne</div><div><strong>Suburb:</strong> Spotswood</div><div><strong>Distance from Melbourne Connect:</strong> 8.00 km</div>,,,,-37.830451,144.881736,0,Spotswood Primary School,0,,1,0,Government,Primary,Western Melbourne,Spotswood,No,8.00
900605,2,"31 Curran Street, North Melbourne, 3051",<div><strong>Education sector:</strong> Catholic</div><div><strong>School type:</strong> Secondary</div><div><strong>Area:</strong> Western Melbourne</div><div><strong>Suburb:</strong> North Melbourne</div><div><strong>Distance from Melbourne Connect:</strong> 2.05 km</div>,,,,-37.792892,144.942875,0,St Aloysius College,0,,1,0,Catholic,Secondary,Western Melbourne,North Melbourne,No,2.05
900338,2,"110 Greaves Street North, Werribee, 3030",<div><strong>Education sector:</strong> Catholic</div><div><strong>School type:</strong> Primary</div><div><strong>Area:</strong> Western Melbourne</div><div><strong>Suburb:</strong> Werribee</div><div><strong>Distance from Melbourne Connect:</strong> 29.75 km</div>,,,,-37.901272,144.650573,0,St Andrew's School,0,,1,0,Catholic,Primary,Western Melbourne,Werribee,No,29.75
900478,2,"65 Somerville Road, Yarraville, 3013",<div><strong>Education sector:</strong> Catholic</div><div><strong>School type:</strong> Primary</div><div><strong>Area:</strong> Western Melbourne</div><div><strong>Suburb:</strong> Yarraville</div><div><strong>Distance from Melbourne Connect:</strong> 6.71 km</div>,,,,-37.81370425,144.8898972,0,St Augustine's School,0,,1,0,Catholic,Primary,Western Melbourne,Yarraville,No,6.71
901471,2,"41 Rosehill Road, Essendon, 3040",<div><strong>Education sector:</strong> Catholic</div><div><strong>School type:</strong> Secondary</div><div><strong>Area:</strong> Western Melbourne</div><div><strong>Suburb:</strong> Essendon</div><div><strong>Distance from Melbourne Connect:</strong> 9.09 km</div>,,,,-37.749392,144.8832,0,St Bernard's College,0,,1,0,Catholic,Secondary,Western Melbourne,Essendon,No,9.09
900113,2,"103 Wellington Street, Flemington, 3031",<div><strong>Education sector:</strong> Catholic</div><div><strong>School type:</strong> Primary</div><div><strong>Area:</strong> Western Melbourne</div><div><strong>Suburb:</strong> Flemington</div><div><strong>Distance from Melbourne Connect:</strong> 3.34 km</div>,,,,-37.784696,144.931728,0,St Brendan's School,0,,1,0,Catholic,Primary,Western Melbourne,Flemington,No,3.34
901620,2,"34 Roberts Road, Airport West, 3042",<div><strong>Education sector:</strong> Catholic</div><div><strong>School type:</strong> Primary</div><div><strong>Area:</strong> Western Melbourne</div><div><strong>Suburb:</strong> Airport West</div><div><strong>Distance from Melbourne Connect:</strong> 11.15 km</div>,,,,-37.72501,144.880249,0,St Christopher's School,0,,1,0,Catholic,Primary,Western Melbourne,Airport West,No,11.15
902094,2,"130 Marquands Road, Truganina South, 3029",<div><strong>Education sector:</strong> Catholic</div><div><strong>School type:</strong> Primary</div><div><strong>Area:</strong> Western Melbourne</div><div><strong>Suburb:</strong> Truganina South</div><div><strong>Distance from Melbourne Connect:</strong> 21.30 km</div>,,,,-37.84381088,144.7282144,0,St Clare's Catholic Primary School,0,,1,0,Catholic,Primary,Western Melbourne,Truganina South,No,21.30
900707,2,"2 Leslie Road, Essendon, 3040",<div><strong>Education sector:</strong> Catholic</div><div><strong>School type:</strong> Secondary</div><div><strong>Area:</strong> Western Melbourne</div><div><strong>Suburb:</strong> Essendon</div><div><strong>Distance from Melbourne Connect:</strong> 6.49 km</div>,,,,-37.757202,144.91429,0,St Columba's College,0,,1,0,Catholic,Secondary,Western Melbourne,Essendon,No,6.49
902078,2,"45 Fairview Parade, Tarneit, 3029",<div><strong>Education sector:</strong> Catholic</div><div><strong>School type:</strong> Primary</div><div><strong>Area:</strong> Western Melbourne</div><div><strong>Suburb:</strong> Tarneit</div><div><strong>Distance from Melbourne Connect:</strong> 23.98 km</div>,,,,-37.84829179,144.6982297,0,St Francis of Assisi Catholic Primary School,0,,1,0,Catholic,Primary,Western Melbourne,Tarneit,No,23.98
901829,2,"330 Derrimut Road, Hoppers Crossing North, 3029",<div><strong>Education sector:</strong> Catholic</div><div><strong>School type:</strong> Primary</div><div><strong>Area:</strong> Western Melbourne</div><div><strong>Suburb:</strong> Hoppers Crossing North</div><div><strong>Distance from Melbourne Connect:</strong> 25.13 km</div>,,,,-37.857286,144.687493,0,St James the Apostle School,0,,1,0,Catholic,Primary,Western Melbourne,Hoppers Crossing North,No,25.13
901534,2,"6 Teague Street, Niddrie, 3042",<div><strong>Education sector:</strong> Catholic</div><div><strong>School type:</strong> Primary</div><div><strong>Area:</strong> Western Melbourne</div><div><strong>Suburb:</strong> Niddrie</div><div><strong>Distance from Melbourne Connect:</strong> 9.12 km</div>,,,,-37.743657,144.889028,0,St John Bosco's School,0,,1,0,Catholic,Primary,Western Melbourne,Niddrie,No,9.12
902093,2,"54 - 76 Kingbird Avenue, Tarneit, 3029",<div><strong>Education sector:</strong> Catholic</div><div><strong>School type:</strong> Primary</div><div><strong>Area:</strong> Western Melbourne</div><div><strong>Suburb:</strong> Tarneit</div><div><strong>Distance from Melbourne Connect:</strong> 26.49 km</div>,,,,-37.8334172,144.6657075,0,St John the Apostle Catholic Primary School,0,,1,0,Catholic,Primary,Western Melbourne,Tarneit,No,26.49
901146,2,"34 Essex Street, Footscray, 3011",<div><strong>Education sector:</strong> Catholic</div><div><strong>School type:</strong> Primary</div><div><strong>Area:</strong> Western Melbourne</div><div><strong>Suburb:</strong> Footscray</div><div><strong>Distance from Melbourne Connect:</strong> 6.96 km</div>,,,,-37.795825,144.885221,0,St John's School,0,,1,0,Catholic,Primary,Western Melbourne,Footscray,No,6.96
902235,2,"50 Treeve Parkway, Werribee, 3030",<div><strong>Education sector:</strong> Catholic</div><div><strong>School type:</strong> Primary</div><div><strong>Area:</strong> Western Melbourne</div><div><strong>Suburb:</strong> Werribee</div><div><strong>Distance from Melbourne Connect:</strong> 33.13 km</div>,,,,-37.903296,144.610275,0,St Joseph’s Catholic Primary School,0,,1,0,Catholic,Primary,Western Melbourne,Werribee,No,33.13
901690,2,"389 Mason Street, Altona North, 3025",<div><strong>Education sector:</strong> Catholic</div><div><strong>School type:</strong> Primary</div><div><strong>Area:</strong> Western Melbourne</div><div><strong>Suburb:</strong> Altona North</div><div><strong>Distance from Melbourne Connect:</strong> 10.81 km</div>,,,,-37.839216,144.851693,0,St Leo the Great Primary School,0,,1,0,Catholic,Primary,Western Melbourne,Altona North,No,10.81
901527,2,"181 Hudsons Road, Spotswood, 3015",<div><strong>Education sector:</strong> Catholic</div><div><strong>School type:</strong> Primary</div><div><strong>Area:</strong> Western Melbourne</div><div><strong>Suburb:</strong> Spotswood</div><div><strong>Distance from Melbourne Connect:</strong> 8.26 km</div>,,,,-37.829084,144.877732,0,St Margaret Mary's School,0,,1,0,Catholic,Primary,Western Melbourne,Spotswood,No,8.26
901563,2,"67 The Esplanade, Maribyrnong, 3032",<div><strong>Education sector:</strong> Catholic</div><div><strong>School type:</strong> Primary</div><div><strong>Area:</strong> Western Melbourne</div><div><strong>Suburb:</strong> Maribyrnong</div><div><strong>Distance from Melbourne Connect:</strong> 7.42 km</div>,,,,-37.766895,144.891039,0,St Margaret's Primary School,0,,1,0,Catholic,Primary,Western Melbourne,Maribyrnong,No,7.42
901674,2,"158 Military Road, Avondale Heights, 3034",<div><strong>Education sector:</strong> Catholic</div><div><strong>School type:</strong> Primary</div><div><strong>Area:</strong> Western Melbourne</div><div><strong>Suburb:</strong> Avondale Heights</div><div><strong>Distance from Melbourne Connect:</strong> 10.14 km</div>,,,,-37.758468,144.861624,0,St Martin de Porres School,0,,1,0,Catholic,Primary,Western Melbourne,Avondale Heights,No,10.14
901696,2,"13-25 Bellin Street, Laverton, 3028",<div><strong>Education sector:</strong> Catholic</div><div><strong>School type:</strong> Primary</div><div><strong>Area:</strong> Western Melbourne</div><div><strong>Suburb:</strong> Laverton</div><div><strong>Distance from Melbourne Connect:</strong> 17.50 km</div>,,,,-37.853783,144.77698,0,St Martin de Porres School,0,,1,0,Catholic,Primary,Western Melbourne,Laverton,No,17.50
902089,2,"70 Carrick Street, Point Cook, 3030",<div><strong>Education sector:</strong> Catholic</div><div><strong>School type:</strong> Primary</div><div><strong>Area:</strong> Western Melbourne</div><div><strong>Suburb:</strong> Point Cook</div><div><strong>Distance from Melbourne Connect:</strong> 21.20 km</div>,,,,-37.90879787,144.7659456,0,St Mary of the Cross Catholic Primary School,0,,1,0,Catholic,Primary,Western Melbourne,Point Cook,No,21.20
900078,2,"118 Cecil Street, Williamstown, 3016",<div><strong>Education sector:</strong> Catholic</div><div><strong>School type:</strong> Primary</div><div><strong>Area:</strong> Western Melbourne</div><div><strong>Suburb:</strong> Williamstown</div><div><strong>Distance from Melbourne Connect:</strong> 8.98 km</div>,,,,-37.863498,144.900894,0,St Mary's School,0,,1,0,Catholic,Primary,Western Melbourne,Williamstown,No,8.98
900954,2,"74 Roseberry Street, Ascot Vale, 3032",<div><strong>Education sector:</strong> Catholic</div><div><strong>School type:</strong> Primary</div><div><strong>Area:</strong> Western Melbourne</div><div><strong>Suburb:</strong> Ascot Vale</div><div><strong>Distance from Melbourne Connect:</strong> 5.50 km</div>,,,,-37.773836,144.911269,0,St Mary's School,0,,1,0,Catholic,Primary,Western Melbourne,Ascot Vale,No,5.50
901273,2,"95A Railway Street, Altona, 3018",<div><strong>Education sector:</strong> Catholic</div><div><strong>School type:</strong> Primary</div><div><strong>Area:</strong> Western Melbourne</div><div><strong>Suburb:</strong> Altona</div><div><strong>Distance from Melbourne Connect:</strong> 14.05 km</div>,,,,-37.866658,144.828375,0,St Mary's School,0,,1,0,Catholic,Primary,Western Melbourne,Altona,No,14.05
900098,2,"8-14 Brougham Street, North Melbourne, 3051",<div><strong>Education sector:</strong> Catholic</div><div><strong>School type:</strong> Primary</div><div><strong>Area:</strong> Western Melbourne</div><div><strong>Suburb:</strong> North Melbourne</div><div><strong>Distance from Melbourne Connect:</strong> 1.76 km</div>,,,,-37.793305,144.946246,0,St Michael’s Primary School,0,,1,0,Catholic,Primary,Western Melbourne,North Melbourne,No,1.76
900566,2,"20 Robinson Street, Moonee Ponds, 3039",<div><strong>Education sector:</strong> Catholic</div><div><strong>School type:</strong> Primary</div><div><strong>Area:</strong> Western Melbourne</div><div><strong>Suburb:</strong> Moonee Ponds</div><div><strong>Distance from Melbourne Connect:</strong> 5.77 km</div>,,,,-37.759665,144.923184,0,St Monica's Primary School,0,,1,0,Catholic,Primary,Western Melbourne,Moonee Ponds,No,5.77
900477,2,"2 Wingfield Street, Footscray, 3011",<div><strong>Education sector:</strong> Catholic</div><div><strong>School type:</strong> Primary</div><div><strong>Area:</strong> Western Melbourne</div><div><strong>Suburb:</strong> Footscray</div><div><strong>Distance from Melbourne Connect:</strong> 5.05 km</div>,,,,-37.801162,144.906837,0,St Monica's School,0,,1,0,Catholic,Primary,Western Melbourne,Footscray,No,5.05
901722,2,"16-38 Guinane Avenue, Hoppers Crossing, 3029",<div><strong>Education sector:</strong> Catholic</div><div><strong>School type:</strong> Primary</div><div><strong>Area:</strong> Western Melbourne</div><div><strong>Suburb:</strong> Hoppers Crossing</div><div><strong>Distance from Melbourne Connect:</strong> 25.45 km</div>,,,,-37.874642,144.69031,0,St Peter Apostle School,0,,1,0,Catholic,Primary,Western Melbourne,Hoppers Crossing,No,25.45
901692,2,"2A Parkside Avenue, Keilor East, 3033",<div><strong>Education sector:</strong> Catholic</div><div><strong>School type:</strong> Primary</div><div><strong>Area:</strong> Western Melbourne</div><div><strong>Suburb:</strong> Keilor East</div><div><strong>Distance from Melbourne Connect:</strong> 11.12 km</div>,,,,-37.744237,144.859418,0,St Peter's School,0,,1,0,Catholic,Primary,Western Melbourne,Keilor East,No,11.12
902251,2,"2 Caddy Road, Tarneit North, 3029",<div><strong>Education sector:</strong> Catholic</div><div><strong>School type:</strong> Primary</div><div><strong>Area:</strong> Western Melbourne</div><div><strong>Suburb:</strong> Tarneit North</div><div><strong>Distance from Melbourne Connect:</strong> 24.58 km</div>,,,,-37.823619,144.686071,0,St Teresa of Kolkata Catholic Primary School,0,,1,0,Catholic,Primary,Western Melbourne,Tarneit North,No,24.58
901193,2,"25-31 Edward Street, Essendon, 3040",<div><strong>Education sector:</strong> Catholic</div><div><strong>School type:</strong> Primary</div><div><strong>Area:</strong> Western Melbourne</div><div><strong>Suburb:</strong> Essendon</div><div><strong>Distance from Melbourne Connect:</strong> 7.22 km</div>,,,,-37.751111,144.910309,0,St Therese's School,0,,1,0,Catholic,Primary,Western Melbourne,Essendon,No,7.22
901422,2,"92 - 114 Woodland Street, Strathmore, 3041",<div><strong>Education sector:</strong> Catholic</div><div><strong>School type:</strong> Primary</div><div><strong>Area:</strong> Western Melbourne</div><div><strong>Suburb:</strong> Strathmore</div><div><strong>Distance from Melbourne Connect:</strong> 7.35 km</div>,,,,-37.742142,144.92413,0,St Vincent de Paul's School,0,,1,0,Catholic,Primary,Western Melbourne,Strathmore,No,7.35
902033,2,"54 - 70 Innisfail Drive, Point Cook, 3030",<div><strong>Education sector:</strong> Catholic</div><div><strong>School type:</strong> Primary</div><div><strong>Area:</strong> Western Melbourne</div><div><strong>Suburb:</strong> Point Cook</div><div><strong>Distance from Melbourne Connect:</strong> 23.01 km</div>,,,,-37.890763,144.728681,0,Stella Maris Catholic Primary School,0,,1,0,Catholic,Primary,Western Melbourne,Point Cook,No,23.01
904821,2,"Mascoma Street, Strathmore, 3041",<div><strong>Education sector:</strong> Government</div><div><strong>School type:</strong> Primary</div><div><strong>Area:</strong> Western Melbourne</div><div><strong>Suburb:</strong> Strathmore</div><div><strong>Distance from Melbourne Connect:</strong> 9.38 km</div>,,,,-37.724863,144.915976,0,Strathmore North Primary School,0,,1,0,Government,Primary,Western Melbourne,Strathmore,No,9.38
904612,2,"14-34 Lloyd Street, Strathmore, 3041",<div><strong>Education sector:</strong> Government</div><div><strong>School type:</strong> Primary</div><div><strong>Area:</strong> Western Melbourne</div><div><strong>Suburb:</strong> Strathmore</div><div><strong>Distance from Melbourne Connect:</strong> 8.30 km</div>,,,,-37.735512,144.917004,0,Strathmore Primary School,0,,1,0,Government,Primary,Western Melbourne,Strathmore,No,8.30
908345,2,"400 Pascoe Vale Road, Strathmore, 3041",<div><strong>Education sector:</strong> Government</div><div><strong>School type:</strong> Secondary</div><div><strong>Area:</strong> Western Melbourne</div><div><strong>Suburb:</strong> Strathmore</div><div><strong>Distance from Melbourne Connect:</strong> 7.76 km</div>,,,,-37.73695,144.926643,0,Strathmore Secondary College,0,,1,0,Government,Secondary,Western Melbourne,Strathmore,No,7.76
908866,2,"225 Hoppers Lane, Werribee, 3030",<div><strong>Education sector:</strong> Government</div><div><strong>School type:</strong> Secondary</div><div><strong>Area:</strong> Western Melbourne</div><div><strong>Suburb:</strong> Werribee</div><div><strong>Distance from Melbourne Connect:</strong> 25.38 km</div>,,,,-37.893852,144.700748,0,Suzanne Cory High School,0,,1,0,Government,Secondary,Western Melbourne,Werribee,No,25.38
908914,2,"21-23 Brinbrook Street, Tarneit, 3029",<div><strong>Education sector:</strong> Government</div><div><strong>School type:</strong> Pri/Sec</div><div><strong>Area:</strong> Western Melbourne</div><div><strong>Suburb:</strong> Tarneit</div><div><strong>Distance from Melbourne Connect:</strong> 25.33 km</div>,,,,-37.837451,144.679815,0,Tarneit P-9 College,0,,1,0,Government,Pri/Sec,Western Melbourne,Tarneit,No,25.33
908881,2,"51-71 Hummingbird Boulevard, Tarneit, 3029",<div><strong>Education sector:</strong> Government</div><div><strong>School type:</strong> Primary</div><div><strong>Area:</strong> Western Melbourne</div><div><strong>Suburb:</strong> Tarneit</div><div><strong>Distance from Melbourne Connect:</strong> 26.52 km</div>,,,,-37.836183,144.665822,0,Tarneit Rise Primary School,0,,1,0,Government,Primary,Western Melbourne,Tarneit,No,26.52
908854,2,"861 Leakes Road, Tarneit, 3029",<div><strong>Education sector:</strong> Government</div><div><strong>School type:</strong> Secondary</div><div><strong>Area:</strong> Western Melbourne</div><div><strong>Suburb:</strong> Tarneit</div><div><strong>Distance from Melbourne Connect:</strong> 25.21 km</div>,,,,-37.83335386,144.6804061,0,Tarneit Senior College,0,,1,0,Government,Secondary,Western Melbourne,Tarneit,No,25.21
908783,2,"30 Deloraine Drive, Hoppers Crossing, 3029",<div><strong>Education sector:</strong> Government</div><div><strong>School type:</strong> Pri/Sec</div><div><strong>Area:</strong> Western Melbourne</div><div><strong>Suburb:</strong> Hoppers Crossing</div><div><strong>Distance from Melbourne Connect:</strong> 26.22 km</div>,,,,-37.8581346,144.6749381,0,The Grange P-12 College,0,,1,0,Government,Pri/Sec,Western Melbourne,Hoppers Crossing,No,26.22
901962,2,"35 Thomas Carr Drive, Tarneit, 3029",<div><strong>Education sector:</strong> Catholic</div><div><strong>School type:</strong> Secondary</div><div><strong>Area:</strong> Western Melbourne</div><div><strong>Suburb:</strong> Tarneit</div><div><strong>Distance from Melbourne Connect:</strong> 23.63 km</div>,,,,-37.847676,144.702055,0,Thomas Carr College,0,,1,0,Catholic,Secondary,Western Melbourne,Tarneit,No,23.63
905343,2,"85 Walls Road, Werribee, 3030",<div><strong>Education sector:</strong> Government</div><div><strong>School type:</strong> Primary</div><div><strong>Area:</strong> Western Melbourne</div><div><strong>Suburb:</strong> Werribee</div><div><strong>Distance from Melbourne Connect:</strong> 30.87 km</div>,,,,-37.903205,144.637883,0,Thomas Chirnside Primary School,0,,1,0,Government,Primary,Western Melbourne,Werribee,No,30.87
905501,2,"55 Clearwood Drive, Truganina, 3029",<div><strong>Education sector:</strong> Government</div><div><strong>School type:</strong> Pri/Sec</div><div><strong>Area:</strong> Western Melbourne</div><div><strong>Suburb:</strong> Truganina</div><div><strong>Distance from Melbourne Connect:</strong> 21.96 km</div>,,,,-37.83876718,144.7190874,0,Truganina P-9 College,0,,1,0,Government,Pri/Sec,Western Melbourne,Truganina,No,21.96
905498,2,"3-19 Parkvista Drive, Truganina, 3029",<div><strong>Education sector:</strong> Government</div><div><strong>School type:</strong> Primary</div><div><strong>Area:</strong> Western Melbourne</div><div><strong>Suburb:</strong> Truganina</div><div><strong>Distance from Melbourne Connect:</strong> 22.15 km</div>,,,,-37.86453,144.725651,0,Truganina South Primary School,0,,1,0,Government,Primary,Western Melbourne,Truganina,No,22.15
908405,2,"77 Story Street, Parkville, 3052",<div><strong>Education sector:</strong> Government</div><div><strong>School type:</strong> Secondary</div><div><strong>Area:</strong> Western Melbourne</div><div><strong>Suburb:</strong> Parkville</div><div><strong>Distance from Melbourne Connect:</strong> 0.86 km</div><div><strong>Website:</strong> https://unihigh.vic.edu.au/</div>,https://unihigh.vic.edu.au/wp-content/uploads/2021/12/cropped-UHS_new.png,https://unihigh.vic.edu.au/,,-37.796982,144.95538,0,University High School,0,,1,0,Government,Secondary,Western Melbourne,Parkville,Yes,0.86
903774,2,"597 St Kilda Road, Melbourne, 3004",<div><strong>Education sector:</strong> Government</div><div><strong>School type:</strong> Special</div><div><strong>Area:</strong> Western Melbourne</div><div><strong>Suburb:</strong> Melbourne</div><div><strong>Distance from Melbourne Connect:</strong> 5.75 km</div>,,,,-37.849774,144.982306,0,Victorian College For The Deaf,0,,1,0,Government,Special,Western Melbourne,Melbourne,No,5.75
907384,2,"57 Miles Street, Southbank, 3006",<div><strong>Education sector:</strong> Government</div><div><strong>School type:</strong> Secondary</div><div><strong>Area:</strong> Western Melbourne</div><div><strong>Suburb:</strong> Southbank</div><div><strong>Distance from Melbourne Connect:</strong> 3.13 km</div>,,,,-37.828229,144.964767,0,Victorian College Of The Arts Secondary School,0,,1,0,Government,Secondary,Western Melbourne,Southbank,No,3.13
907996,2,"20 Frome Crescent, Werribee, 3030",<div><strong>Education sector:</strong> Government</div><div><strong>School type:</strong> Secondary</div><div><strong>Area:</strong> Western Melbourne</div><div><strong>Suburb:</strong> Werribee</div><div><strong>Distance from Melbourne Connect:</strong> 33.95 km</div>,,,,-37.90708,144.602155,0,Walcom Ngarrwa Secondary College,0,,1,0,Government,Secondary,Western Melbourne,Werribee,No,33.95
905607,2,"20 Hercules Drive, Truganina, 3029",<div><strong>Education sector:</strong> Government</div><div><strong>School type:</strong> Primary</div><div><strong>Area:</strong> Western Melbourne</div><div><strong>Suburb:</strong> Truganina</div><div><strong>Distance from Melbourne Connect:</strong> 21.95 km</div>,,,,-37.816223,144.715294,0,Warreen Primary School,0,,1,0,Government,Primary,Western Melbourne,Truganina,No,21.95
905165,2,"81-85 Warringa Crescent, Hoppers Crossing, 3029",<div><strong>Education sector:</strong> Government</div><div><strong>School type:</strong> Special</div><div><strong>Area:</strong> Western Melbourne</div><div><strong>Suburb:</strong> Hoppers Crossing</div><div><strong>Distance from Melbourne Connect:</strong> 26.03 km</div>,,,,-37.884042,144.687587,0,Warringa Park School,0,,1,0,Government,Special,Western Melbourne,Hoppers Crossing,No,26.03
904788,2,"32 St Leonards Ave, Yarraville, 3013",<div><strong>Education sector:</strong> Government</div><div><strong>School type:</strong> Primary</div><div><strong>Area:</strong> Western Melbourne</div><div><strong>Suburb:</strong> Yarraville</div><div><strong>Distance from Melbourne Connect:</strong> 8.23 km</div>,,,,-37.821038,144.874427,0,Wembley Primary School,0,,1,0,Government,Primary,Western Melbourne,Yarraville,No,8.23
900649,2,"2 Deutgam Street, Werribee, 3030",<div><strong>Education sector:</strong> Government</div><div><strong>School type:</strong> Primary</div><div><strong>Area:</strong> Western Melbourne</div><div><strong>Suburb:</strong> Werribee</div><div><strong>Distance from Melbourne Connect:</strong> 29.34 km</div>,,,,-37.906865,144.658736,0,Werribee Primary School,0,,1,0,Government,Primary,Western Melbourne,Werribee,No,29.34
908465,2,"45 Duncans Road, Werribee, 3030",<div><strong>Education sector:</strong> Government</div><div><strong>School type:</strong> Secondary</div><div><strong>Area:</strong> Western Melbourne</div><div><strong>Suburb:</strong> Werribee</div><div><strong>Distance from Melbourne Connect:</strong> 28.47 km</div>,,,,-37.905536,144.668744,0,Werribee Secondary College,0,,1,0,Government,Secondary,Western Melbourne,Werribee,No,28.47
900001,2,"577 St Kilda Road, Melbourne, 3004",<div><strong>Education sector:</strong> Independent</div><div><strong>School type:</strong> Pri/Sec</div><div><strong>Area:</strong> Western Melbourne</div><div><strong>Suburb:</strong> Melbourne</div><div><strong>Distance from Melbourne Connect:</strong> 5.64 km</div>,,,,-37.84883,144.982144,0,Wesley College,0,,1,0,Independent,Pri/Sec,Western Melbourne,Melbourne,No,5.64
901775,2,"300 Sayers Rd, Truganina, 3029",<div><strong>Education sector:</strong> Independent</div><div><strong>School type:</strong> Pri/Sec</div><div><strong>Area:</strong> Western Melbourne</div><div><strong>Suburb:</strong> Truganina</div><div><strong>Distance from Melbourne Connect:</strong> 21.77 km</div>,,,,-37.850843,144.724898,0,Westbourne Grammar School,0,,1,0,Independent,Pri/Sec,Western Melbourne,Truganina,No,21.77
905290,2,"1 Burnley Street, Laverton, 3028",<div><strong>Education sector:</strong> Government</div><div><strong>School type:</strong> Special</div><div><strong>Area:</strong> Western Melbourne</div><div><strong>Suburb:</strong> Laverton</div><div><strong>Distance from Melbourne Connect:</strong> 17.30 km</div>,,,,-37.85078167,144.7780691,0,Western Autistic School,0,,1,0,Government,Special,Western Melbourne,Laverton,No,17.30
908838,2,"46 South Road, Braybrook, 3019",<div><strong>Education sector:</strong> Government</div><div><strong>School type:</strong> Language</div><div><strong>Area:</strong> Western Melbourne</div><div><strong>Suburb:</strong> Braybrook</div><div><strong>Distance from Melbourne Connect:</strong> 9.74 km</div>,,,,-37.790995,144.8540362,0,Western English Language School,0,,1,0,Government,Language,Western Melbourne,Braybrook,No,9.74
905365,2,"37a Thames Boulevard, Werribee, 3030",<div><strong>Education sector:</strong> Government</div><div><strong>School type:</strong> Primary</div><div><strong>Area:</strong> Western Melbourne</div><div><strong>Suburb:</strong> Werribee</div><div><strong>Distance from Melbourne Connect:</strong> 28.15 km</div>,,,,-37.878502,144.659529,0,Westgrove Primary School,0,,1,0,Government,Primary,Western Melbourne,Werribee,No,28.15
908475,2,"76 Pasco Street, Williamstown, 3016",<div><strong>Education sector:</strong> Government</div><div><strong>School type:</strong> Secondary</div><div><strong>Area:</strong> Western Melbourne</div><div><strong>Suburb:</strong> Williamstown</div><div><strong>Distance from Melbourne Connect:</strong> 9.26 km</div>,,,,-37.862855,144.895024,0,Williamstown High School,0,,1,0,Government,Secondary,Western Melbourne,Williamstown,No,9.26
901409,2,"133 Melbourne Road, Williamstown, 3016",<div><strong>Education sector:</strong> Government</div><div><strong>School type:</strong> Primary</div><div><strong>Area:</strong> Western Melbourne</div><div><strong>Suburb:</strong> Williamstown</div><div><strong>Distance from Melbourne Connect:</strong> 8.89 km</div>,,,,-37.855902,144.891757,0,Williamstown North Primary School,0,,1,0,Government,Primary,Western Melbourne,Williamstown,No,8.89
901183,2,"Cnr. Electra & Parker Street, Williamstown, 3016",<div><strong>Education sector:</strong> Government</div><div><strong>School type:</strong> Primary</div><div><strong>Area:</strong> Western Melbourne</div><div><strong>Suburb:</strong> Williamstown</div><div><strong>Distance from Melbourne Connect:</strong> 9.04 km</div>,,,,-37.863798,144.900409,0,Williamstown Primary School,0,,1,0,Government,Primary,Western Melbourne,Williamstown,No,9.04
905604,2,"11 Tuition Drive, Tarneit, 3029",<div><strong>Education sector:</strong> Government</div><div><strong>School type:</strong> Primary</div><div><strong>Area:</strong> Western Melbourne</div><div><strong>Suburb:</strong> Tarneit</div><div><strong>Distance from Melbourne Connect:</strong> 26.07 km</div>,,,,-37.823502,144.669069,0,Wimba Primary School,0,,1,0,Government,Primary,Western Melbourne,Tarneit,No,26.07
905049,2,"33-57 Warringa Crescent, Hoppers Crossing, 3029",<div><strong>Education sector:</strong> Government</div><div><strong>School type:</strong> Primary</div><div><strong>Area:</strong> Western Melbourne</div><div><strong>Suburb:</strong> Hoppers Crossing</div><div><strong>Distance from Melbourne Connect:</strong> 25.72 km</div>,,,,-37.883771,144.69123,0,Woodville Primary School,0,,1,0,Government,Primary,Western Melbourne,Hoppers Crossing,No,25.72
907402,2,"101 Shaws Road, Werribee, 3030",<div><strong>Education sector:</strong> Government</div><div><strong>School type:</strong> Secondary</div><div><strong>Area:</strong> Western Melbourne</div><div><strong>Suburb:</strong> Werribee</div><div><strong>Distance from Melbourne Connect:</strong> 28.99 km</div>,,,,-37.888932,144.65385,0,Wyndham Central Secondary College,0,,1,0,Government,Secondary,Western Melbourne,Werribee,No,28.99
902252,2,"20 Synnot Street, Werribee, 3030",<div><strong>Education sector:</strong> Independent</div><div><strong>School type:</strong> Special</div><div><strong>Area:</strong> Western Melbourne</div><div><strong>Suburb:</strong> Werribee</div><div><strong>Distance from Melbourne Connect:</strong> 28.77 km</div>,,,,-37.9016066,144.6629567,0,Wyndham Community and Education Centre Inc | Julia Gillard Community College,0,,1,0,Independent,Special,Western Melbourne,Werribee,No,28.77
905540,2,"59-77 Kookaburra Avenue, Werribee, 3030",<div><strong>Education sector:</strong> Government</div><div><strong>School type:</strong> Primary</div><div><strong>Area:</strong> Western Melbourne</div><div><strong>Suburb:</strong> Werribee</div><div><strong>Distance from Melbourne Connect:</strong> 26.97 km</div>,,,,-37.884867,144.67655,0,Wyndham Park Primary School,0,,1,0,Government,Primary,Western Melbourne,Werribee,No,26.97
905549,2,"85 Ribblesdale Ave, Wyndham Vale, 3024",<div><strong>Education sector:</strong> Government</div><div><strong>School type:</strong> Primary</div><div><strong>Area:</strong> Western Melbourne</div><div><strong>Suburb:</strong> Wyndham Vale</div><div><strong>Distance from Melbourne Connect:</strong> 32.90 km</div>,,,,-37.895558,144.609606,0,Wyndham Vale Primary School,0,,1,0,Government,Primary,Western Melbourne,Wyndham Vale,No,32.90
905278,2,"117 Blackwood Street, Yarraville, 3013",<div><strong>Education sector:</strong> Government</div><div><strong>School type:</strong> Special</div><div><strong>Area:</strong> Western Melbourne</div><div><strong>Suburb:</strong> Yarraville</div><div><strong>Distance from Melbourne Connect:</strong> 7.36 km</div>,,,,-37.817905,144.883653,0,Yarraville Special Developmental School,0,,1,0,Government,Special,Western Melbourne,Yarraville,No,7.36
902832,2,"30 Powell Street, Yarraville, 3013",<div><strong>Education sector:</strong> Government</div><div><strong>School type:</strong> Primary</div><div><strong>Area:</strong> Western Melbourne</div><div><strong>Suburb:</strong> Yarraville</div><div><strong>Distance from Melbourne Connect:</strong> 7.12 km</div>,,,,-37.814751,144.885386,0,Yarraville West Primary School,0,,1,0,Government,Primary,Western Melbourne,Yarraville,No,7.12
